/* HCMUTE logo 240x240, LVGL 9.2, LV_COLOR_FORMAT_RGB565 (little-endian) */
#include "lvgl.h"

static const uint8_t hcmute_logo_map[] = {
  0x7D,0xEF,0x7D,0xEF,0x7D,0xEF,0x7D,0xEF,0x7D,0xEF,0x7D,0xEF,0x7D,0xEF,0x7D,0xEF,0x7D,0xEF,0x7D,0xEF,0x7D,0xEF,0x7D,0xEF,
  0x7D,0xEF,0x7D,0xEF,0x7D,0xEF,0x7D,0xEF,0x7D,0xEF,0x7D,0xEF,0x7D,0xEF,0x7D,0xEF,0x7D,0xEF,0x7D,0xEF,0x7D,0xEF,0x7D,0xEF,
  0x7D,0xEF,0x7D,0xEF,0x7D,0xEF,0x7D,0xEF,0x7D,0xEF,0x7D,0xEF,0x7D,0xEF,0x7D,0xEF,0x7D,0xEF,0x7D,0xEF,0x7D,0xEF,0x7D,0xEF,
  0x7D,0xEF,0x7D,0xEF,0x7D,0xEF,0x7D,0xEF,0x7D,0xEF,0x7D,0xEF,0x7D,0xEF,0x7D,0xEF,0x7D,0xEF,0x7D,0xEF,0x7D,0xEF,0x7D,0xEF,
  0x7D,0xEF,0x7D,0xEF,0x7D,0xEF,0x7D,0xEF,0x7D,0xEF,0x7D,0xEF,0x7D,0xEF,0x7D,0xEF,0x7D,0xEF,0x7D,0xEF,0x7D,0xEF,0x7D,0xEF,
  0x7D,0xEF,0x7D,0xEF,0x7D,0xEF,0x7D,0xEF,0x7D,0xEF,0x7D,0xEF,0x7D,0xEF,0x7D,0xEF,0x7D,0xEF,0x7D,0xEF,0x7D,0xEF,0x7D,0xEF,
  0x7D,0xEF,0x7D,0xEF,0x7D,0xEF,0x7D,0xEF,0x7D,0xEF,0x7D,0xEF,0x7D,0xEF,0x7D,0xEF,0x7D,0xEF,0x7D,0xEF,0x7D,0xEF,0x7D,0xEF,
  0x7D,0xEF,0x7D,0xEF,0x7D,0xEF,0x7D,0xEF,0x7D,0xEF,0x7D,0xEF,0x7D,0xEF,0x7D,0xEF,0x7D,0xEF,0x7D,0xEF,0x7D,0xEF,0x7D,0xEF,
  0x7D,0xEF,0x7D,0xEF,0x7D,0xEF,0x7D,0xEF,0x7D,0xEF,0x7D,0xEF,0x7D,0xEF,0x7D,0xEF,0x7D,0xEF,0x7D,0xEF,0x7D,0xEF,0x7D,0xEF,
  0x7D,0xEF,0x7D,0xEF,0x7D,0xEF,0x7D,0xEF,0x7D,0xEF,0x7D,0xEF,0x7D,0xEF,0x7D,0xEF,0x7D,0xEF,0x7D,0xEF,0x7D,0xEF,0x7D,0xEF,
  0x7D,0xEF,0x7D,0xEF,0x7D,0xEF,0x7D,0xEF,0x7D,0xEF,0x7D,0xEF,0x7D,0xEF,0x7D,0xEF,0x7D,0xEF,0x7D,0xEF,0x7D,0xEF,0x7D,0xEF,
  0x7D,0xEF,0x7D,0xEF,0x7D,0xEF,0x7D,0xEF,0x7D,0xEF,0x7D,0xEF,0x7D,0xEF,0x7D,0xEF,0x7D,0xEF,0x7D,0xEF,0x7D,0xEF,0x7D,0xEF,
  0x7D,0xEF,0x7D,0xEF,0x7D,0xEF,0x7D,0xEF,0x7D,0xEF,0x7D,0xEF,0x7D,0xEF,0x7D,0xEF,0x7D,0xEF,0x7D,0xEF,0x7D,0xEF,0x7D,0xEF,
  0x7D,0xEF,0x7D,0xEF,0x7D,0xEF,0x7D,0xEF,0x7D,0xEF,0x7D,0xEF,0x7D,0xEF,0x7D,0xEF,0x7D,0xEF,0x7D,0xEF,0x7D,0xEF,0x7D,0xEF,
  0x7D,0xEF,0x7D,0xEF,0x7D,0xEF,0x7D,0xEF,0x7D,0xEF,0x7D,0xEF,0x7D,0xEF,0x7D,0xEF,0x7D,0xEF,0x7D,0xEF,0x7D,0xEF,0x7D,0xEF,
  0x7D,0xEF,0x7D,0xEF,0x7D,0xEF,0x7D,0xEF,0x7D,0xEF,0x7D,0xEF,0x7D,0xEF,0x7D,0xEF,0x7D,0xEF,0x7D,0xEF,0x7D,0xEF,0x7D,0xEF,
  0x7D,0xEF,0x7D,0xEF,0x7D,0xEF,0x7D,0xEF,0x7D,0xEF,0x7D,0xEF,0x7D,0xEF,0x7D,0xEF,0x7D,0xEF,0x7D,0xEF,0x7D,0xEF,0x7D,0xEF,
  0x7D,0xEF,0x7D,0xEF,0x7D,0xEF,0x7D,0xEF,0x7D,0xEF,0x7D,0xEF,0x7D,0xEF,0x7D,0xEF,0x7D,0xEF,0x7D,0xEF,0x7D,0xEF,0x7D,0xEF,
  0x7D,0xEF,0x7D,0xEF,0x7D,0xEF,0x7D,0xEF,0x7D,0xEF,0x7D,0xEF,0x7D,0xEF,0x7D,0xEF,0x7D,0xEF,0x7D,0xEF,0x7D,0xEF,0x7D,0xEF,
  0x7D,0xEF,0x7D,0xEF,0x7D,0xEF,0x7D,0xEF,0x7D,0xEF,0x7D,0xEF,0x7D,0xEF,0x7D,0xEF,0x7D,0xEF,0x7D,0xEF,0x7D,0xEF,0x7D,0xEF,
  0x7D,0xEF,0x7D,0xEF,0x7D,0xEF,0x7D,0xEF,0x7D,0xEF,0x7D,0xEF,0x7D,0xEF,0x7D,0xEF,0x7D,0xEF,0x7D,0xEF,0x7D,0xEF,0x7D,0xEF,
  0x7D,0xEF,0x7D,0xEF,0x7D,0xEF,0x7D,0xEF,0x7D,0xEF,0x7D,0xEF,0x7D,0xEF,0x7D,0xEF,0x7D,0xEF,0x7D,0xEF,0x7D,0xEF,0x7D,0xEF,
  0x7D,0xEF,0x7D,0xEF,0x7D,0xEF,0x7D,0xEF,0x7D,0xEF,0x7D,0xEF,0x7D,0xEF,0x7D,0xEF,0x7D,0xEF,0x7D,0xEF,0x7D,0xEF,0x7D,0xEF,
  0x7D,0xEF,0x7D,0xEF,0x7D,0xEF,0x7D,0xEF,0x7D,0xEF,0x7D,0xEF,0x7D,0xEF,0x7D,0xEF,0x7D,0xEF,0x7D,0xEF,0x7D,0xEF,0x7D,0xEF,
  0x7D,0xEF,0x7D,0xEF,0x7D,0xEF,0x7D,0xEF,0x7D,0xEF,0x7D,0xEF,0x7D,0xEF,0x7D,0xEF,0x7D,0xEF,0x7D,0xEF,0x7D,0xEF,0x7D,0xEF,
  0x7D,0xEF,0x7D,0xEF,0x7D,0xEF,0x7D,0xEF,0x7D,0xEF,0x7D,0xEF,0x7D,0xEF,0x7D,0xEF,0x7D,0xEF,0x7D,0xEF,0x7D,0xEF,0x7D,0xEF,
  0x7D,0xEF,0x7D,0xEF,0x7D,0xEF,0x7D,0xEF,0x7D,0xEF,0x7D,0xEF,0x7D,0xEF,0x7D,0xEF,0x7D,0xEF,0x7D,0xEF,0x7D,0xEF,0x7D,0xEF,
  0x7D,0xEF,0x7D,0xEF,0x7D,0xEF,0x7D,0xEF,0x7D,0xEF,0x7D,0xEF,0x7D,0xEF,0x7D,0xEF,0x7D,0xEF,0x7D,0xEF,0x7D,0xEF,0x7D,0xEF,
  0x7D,0xEF,0x7D,0xEF,0x7D,0xEF,0x7D,0xEF,0x7D,0xEF,0x7D,0xEF,0x7D,0xEF,0x7D,0xEF,0x7D,0xEF,0x7D,0xEF,0x7D,0xEF,0x7D,0xEF,
  0x7D,0xEF,0x7D,0xEF,0x7D,0xEF,0x7D,0xEF,0x7D,0xEF,0x7D,0xEF,0x7D,0xEF,0x7D,0xEF,0x7D,0xEF,0x7D,0xEF,0x7D,0xEF,0x7D,0xEF,
  0x7D,0xEF,0x7D,0xEF,0x7D,0xEF,0x7D,0xEF,0x7D,0xEF,0x7D,0xEF,0x7D,0xEF,0x7D,0xEF,0x7D,0xEF,0x7D,0xEF,0x7D,0xEF,0x7D,0xEF,
  0x7D,0xEF,0x7D,0xEF,0x7D,0xEF,0x7D,0xEF,0x7D,0xEF,0x7D,0xEF,0x7D,0xEF,0x7D,0xEF,0x7D,0xEF,0x7D,0xEF,0x7D,0xEF,0x7D,0xEF,
  0x7D,0xEF,0x7D,0xEF,0x7D,0xEF,0x7D,0xEF,0x7D,0xEF,0x7D,0xEF,0x7D,0xEF,0x7D,0xEF,0x7D,0xEF,0x7D,0xEF,0x7D,0xEF,0x7D,0xEF,
  0x7D,0xEF,0x7D,0xEF,0x7D,0xEF,0x7D,0xEF,0x7D,0xEF,0x7D,0xEF,0x7D,0xEF,0x7D,0xEF,0x7D,0xEF,0x7D,0xEF,0x7D,0xEF,0x7D,0xEF,
  0x7D,0xEF,0x7D,0xEF,0x7D,0xEF,0x7D,0xEF,0x7D,0xEF,0x7D,0xEF,0x7D,0xEF,0x7D,0xEF,0x7D,0xEF,0x7D,0xEF,0x7D,0xEF,0x7D,0xEF,
  0x7D,0xEF,0x7D,0xEF,0x7D,0xEF,0x7D,0xEF,0x7D,0xEF,0x7D,0xEF,0x7D,0xEF,0x7D,0xEF,0x7D,0xEF,0x7D,0xEF,0x7D,0xEF,0x7D,0xEF,
  0x7D,0xEF,0x7D,0xEF,0x7D,0xEF,0x7D,0xEF,0x7D,0xEF,0x7D,0xEF,0x7D,0xEF,0x7D,0xEF,0x7D,0xEF,0x7D,0xEF,0x7D,0xEF,0x7D,0xEF,
  0x7D,0xEF,0x7D,0xEF,0x7D,0xEF,0x7D,0xEF,0x7D,0xEF,0x7D,0xEF,0x7D,0xEF,0x7D,0xEF,0x7D,0xEF,0x7D,0xEF,0x7D,0xEF,0x7D,0xEF,
  0x7D,0xEF,0x7D,0xEF,0x7D,0xEF,0x7D,0xEF,0x7D,0xEF,0x7D,0xEF,0x7D,0xEF,0x7D,0xEF,0x7D,0xEF,0x7D,0xEF,0x7D,0xEF,0x7D,0xEF,
  0x7D,0xEF,0x7D,0xEF,0x7D,0xEF,0x7D,0xEF,0x7D,0xEF,0x7D,0xEF,0x7D,0xEF,0x7D,0xEF,0x7D,0xEF,0x7D,0xEF,0x7D,0xEF,0x7D,0xEF,
  0x7D,0xEF,0x7D,0xEF,0x7D,0xEF,0x7D,0xEF,0x7D,0xEF,0x7D,0xEF,0x7D,0xEF,0x7D,0xEF,0x7D,0xEF,0x7D,0xEF,0x7D,0xEF,0x7D,0xEF,
  0x7D,0xEF,0x7D,0xEF,0x7D,0xEF,0x7D,0xEF,0x7D,0xEF,0x7D,0xEF,0x7D,0xEF,0x7D,0xEF,0x7D,0xEF,0x7D,0xEF,0x7D,0xEF,0x7D,0xEF,
  0x7D,0xEF,0x7D,0xEF,0x7D,0xEF,0x7D,0xEF,0x7D,0xEF,0x7D,0xEF,0x7D,0xEF,0x7D,0xEF,0x7D,0xEF,0x7D,0xEF,0x7D,0xEF,0x7D,0xEF,
  0x7D,0xEF,0x7D,0xEF,0x7D,0xEF,0x7D,0xEF,0x7D,0xEF,0x7D,0xEF,0x7D,0xEF,0x7D,0xEF,0x7D,0xEF,0x7D,0xEF,0x7D,0xEF,0x7D,0xEF,
  0x7D,0xEF,0x7D,0xEF,0x7D,0xEF,0x7D,0xEF,0x7D,0xEF,0x7D,0xEF,0x7D,0xEF,0x7D,0xEF,0x7D,0xEF,0x7D,0xEF,0x7D,0xEF,0x7D,0xEF,
  0x7D,0xEF,0x7D,0xEF,0x7D,0xEF,0x7D,0xEF,0x7D,0xEF,0x7D,0xEF,0x7D,0xEF,0x7D,0xEF,0x7D,0xEF,0x7D,0xEF,0x7D,0xEF,0x7D,0xEF,
  0x7D,0xEF,0x7D,0xEF,0x7D,0xEF,0x7D,0xEF,0x7D,0xEF,0x7D,0xEF,0x7D,0xEF,0x7D,0xEF,0x7D,0xEF,0x7D,0xEF,0x7D,0xEF,0x7D,0xEF,
  0x7D,0xEF,0x7D,0xEF,0x7D,0xEF,0x7D,0xEF,0x7D,0xEF,0x7D,0xEF,0x7D,0xEF,0x7D,0xEF,0x7D,0xEF,0x7D,0xEF,0x7D,0xEF,0x7D,0xEF,
  0x7D,0xEF,0x7D,0xEF,0x7D,0xEF,0x7D,0xEF,0x7D,0xEF,0x7D,0xEF,0x7D,0xEF,0x7D,0xEF,0x7D,0xEF,0x7D,0xEF,0x7D,0xEF,0x7D,0xEF,
  0x7D,0xEF,0x7D,0xEF,0x7D,0xEF,0x7D,0xEF,0x7D,0xEF,0x7D,0xEF,0x7D,0xEF,0x7D,0xEF,0x7D,0xEF,0x7D,0xEF,0x7D,0xEF,0x7D,0xEF,
  0x7D,0xEF,0x7D,0xEF,0x7D,0xEF,0x7D,0xEF,0x7D,0xEF,0x7D,0xEF,0x7D,0xEF,0x7D,0xEF,0x7D,0xEF,0x7D,0xEF,0x7D,0xEF,0x7D,0xEF,
  0x7D,0xEF,0x7D,0xEF,0x7D,0xEF,0x7D,0xEF,0x7D,0xEF,0x7D,0xEF,0x7D,0xEF,0x7D,0xEF,0x7D,0xEF,0x7D,0xEF,0x7D,0xEF,0x7D,0xEF,
  0x7D,0xEF,0x7D,0xEF,0x7D,0xEF,0x7D,0xEF,0x7D,0xEF,0x7D,0xEF,0x7D,0xEF,0x7D,0xEF,0x7D,0xEF,0x7D,0xEF,0x7D,0xEF,0x7D,0xEF,
  0x7D,0xEF,0x7D,0xEF,0x7D,0xEF,0x7D,0xEF,0x7D,0xEF,0x7D,0xEF,0x7D,0xEF,0x7D,0xEF,0x7D,0xEF,0x7D,0xEF,0x7D,0xEF,0x7D,0xEF,
  0x7D,0xEF,0x7D,0xEF,0x7D,0xEF,0x7D,0xEF,0x7D,0xEF,0x7D,0xEF,0x7D,0xEF,0x7D,0xEF,0x7D,0xEF,0x7D,0xEF,0x7D,0xEF,0x7D,0xEF,
  0x7D,0xEF,0x7D,0xEF,0x7D,0xEF,0x7D,0xEF,0x7D,0xEF,0x7D,0xEF,0x7D,0xEF,0x7D,0xEF,0x7D,0xEF,0x7D,0xEF,0x7D,0xEF,0x7D,0xEF,
  0x7D,0xEF,0x7D,0xEF,0x7D,0xEF,0x7D,0xEF,0x7D,0xEF,0x7D,0xEF,0x7D,0xEF,0x7D,0xEF,0x7D,0xEF,0x7D,0xEF,0x7D,0xEF,0x7D,0xEF,
  0x7D,0xEF,0x7D,0xEF,0x7D,0xEF,0x7D,0xEF,0x7D,0xEF,0x7D,0xEF,0x7D,0xEF,0x7D,0xEF,0x7D,0xEF,0x7D,0xEF,0x7D,0xEF,0x7D,0xEF,
  0x7D,0xEF,0x7D,0xEF,0x7D,0xEF,0x7D,0xEF,0x7D,0xEF,0x7D,0xEF,0x7D,0xEF,0x7D,0xEF,0x7D,0xEF,0x7D,0xEF,0x7D,0xEF,0x7D,0xEF,
  0x7D,0xEF,0x7D,0xEF,0x7D,0xEF,0x7D,0xEF,0x7D,0xEF,0x7D,0xEF,0x7D,0xEF,0x7D,0xEF,0x7D,0xEF,0x7D,0xEF,0x7D,0xEF,0x7D,0xEF,
  0x7D,0xEF,0x7D,0xEF,0x7D,0xEF,0x7D,0xEF,0x7D,0xEF,0x7D,0xEF,0x7D,0xEF,0x7D,0xEF,0x7D,0xEF,0x7D,0xEF,0x7D,0xEF,0x7D,0xEF,
  0x7D,0xEF,0x7D,0xEF,0x7D,0xEF,0x7D,0xEF,0x7D,0xEF,0x7D,0xEF,0x7D,0xEF,0x7D,0xEF,0x7D,0xEF,0x7D,0xEF,0x7D,0xEF,0x7D,0xEF,
  0x7D,0xEF,0x7D,0xEF,0x7D,0xEF,0x7D,0xEF,0x7D,0xEF,0x7D,0xEF,0x7D,0xEF,0x7D,0xEF,0x7D,0xEF,0x7D,0xEF,0x7D,0xEF,0x7D,0xEF,
  0x7D,0xEF,0x7D,0xEF,0x7D,0xEF,0x7D,0xEF,0x7D,0xEF,0x7D,0xEF,0x7D,0xEF,0x7D,0xEF,0x7D,0xEF,0x7D,0xEF,0x7D,0xEF,0x7D,0xEF,
  0x7D,0xEF,0x7D,0xEF,0x7D,0xEF,0x7D,0xEF,0x7D,0xEF,0x7D,0xEF,0x7D,0xEF,0x7D,0xEF,0x7D,0xEF,0x7D,0xEF,0x7D,0xEF,0x7D,0xEF,
  0x7D,0xEF,0x7D,0xEF,0x7D,0xEF,0x7D,0xEF,0x7D,0xEF,0x7D,0xEF,0x7D,0xEF,0x7D,0xEF,0x7D,0xEF,0x7D,0xEF,0x7D,0xEF,0x7D,0xEF,
  0x7D,0xEF,0x7D,0xEF,0x7D,0xEF,0x7D,0xEF,0x7D,0xEF,0x7D,0xEF,0x7D,0xEF,0x7D,0xEF,0x7D,0xEF,0x7D,0xEF,0x7D,0xEF,0x7D,0xEF,
  0x7D,0xEF,0x7D,0xEF,0x7D,0xEF,0x7D,0xEF,0x7D,0xEF,0x7D,0xEF,0x7D,0xEF,0x7D,0xEF,0x7D,0xEF,0x7D,0xEF,0x7D,0xEF,0x7D,0xEF,
  0x7D,0xEF,0x7D,0xEF,0x7D,0xEF,0x7D,0xEF,0x7D,0xEF,0x7D,0xEF,0x7D,0xEF,0x7D,0xEF,0x7D,0xEF,0x7D,0xEF,0x7D,0xEF,0x7D,0xEF,
  0x7D,0xEF,0x7D,0xEF,0x7D,0xEF,0x7D,0xEF,0x7D,0xEF,0x7D,0xEF,0x7D,0xEF,0x7D,0xEF,0x7D,0xEF,0x7D,0xEF,0x7D,0xEF,0x7D,0xEF,
  0x7D,0xEF,0x7D,0xEF,0x7D,0xEF,0x7D,0xEF,0x7D,0xEF,0x7D,0xEF,0x7D,0xEF,0x7D,0xEF,0x7D,0xEF,0x7D,0xEF,0x7D,0xEF,0x7D,0xEF,
  0x7D,0xEF,0x7D,0xEF,0x7D,0xEF,0x7D,0xEF,0x7D,0xEF,0x7D,0xEF,0x7D,0xEF,0x7D,0xEF,0x7D,0xEF,0x7D,0xEF,0x7D,0xEF,0x7D,0xEF,
  0x7D,0xEF,0x7D,0xEF,0x7D,0xEF,0x7D,0xEF,0x7D,0xEF,0x7D,0xEF,0x7D,0xEF,0x7D,0xEF,0x7D,0xEF,0x7D,0xEF,0x7D,0xEF,0x7D,0xEF,
  0x7D,0xEF,0x7D,0xEF,0x7D,0xEF,0x7D,0xEF,0x7D,0xEF,0x7D,0xEF,0x7D,0xEF,0x7D,0xEF,0x7D,0xEF,0x7D,0xEF,0x7D,0xEF,0x7D,0xEF,
  0x7D,0xEF,0x7D,0xEF,0x7D,0xEF,0x7D,0xEF,0x7D,0xEF,0x7D,0xEF,0x7D,0xEF,0x7D,0xEF,0x7D,0xEF,0x7D,0xEF,0x7D,0xEF,0x7D,0xEF,
  0x7D,0xEF,0x7D,0xEF,0x7D,0xEF,0x7D,0xEF,0x7D,0xEF,0x7D,0xEF,0x7D,0xEF,0x7D,0xEF,0x7D,0xEF,0x7D,0xEF,0x7D,0xEF,0x7D,0xEF,
  0x7D,0xEF,0x7D,0xEF,0x7D,0xEF,0x7D,0xEF,0x7D,0xEF,0x7D,0xEF,0x7D,0xEF,0x7D,0xEF,0x7D,0xEF,0x7D,0xEF,0x7D,0xEF,0x7D,0xEF,
  0x7D,0xEF,0x7D,0xEF,0x7D,0xEF,0x7D,0xEF,0x7D,0xEF,0x7D,0xEF,0x7D,0xEF,0x7D,0xEF,0x7D,0xEF,0x7D,0xEF,0x7D,0xEF,0x7D,0xEF,
  0x7D,0xEF,0x7D,0xEF,0x7D,0xEF,0x7D,0xEF,0x7D,0xEF,0x7D,0xEF,0x7D,0xEF,0x7D,0xEF,0x7D,0xEF,0x7D,0xEF,0x7D,0xEF,0x7D,0xEF,
  0x7D,0xEF,0x7D,0xEF,0x7D,0xEF,0x7D,0xEF,0x7D,0xEF,0x7D,0xEF,0x7D,0xEF,0x7D,0xEF,0x7D,0xEF,0x7D,0xEF,0x7D,0xEF,0x7D,0xEF,
  0x7D,0xEF,0x7D,0xEF,0x7D,0xEF,0x7D,0xEF,0x7D,0xEF,0x7D,0xEF,0x7D,0xEF,0x7D,0xEF,0x7D,0xEF,0x7D,0xEF,0x7D,0xEF,0x7D,0xEF,
  0x7D,0xEF,0x7D,0xEF,0x7D,0xEF,0x7D,0xEF,0x7D,0xEF,0x7D,0xEF,0x7D,0xEF,0x7D,0xEF,0x7D,0xEF,0x7D,0xEF,0x7D,0xEF,0x7D,0xEF,
  0x7D,0xEF,0x7D,0xEF,0x7D,0xEF,0x7D,0xEF,0x7D,0xEF,0x7D,0xEF,0x7D,0xEF,0x7D,0xEF,0x7D,0xEF,0x7D,0xEF,0x7D,0xEF,0x7D,0xEF,
  0x7D,0xEF,0x7D,0xEF,0x7D,0xEF,0x7D,0xEF,0x7D,0xEF,0x7D,0xEF,0x7D,0xEF,0x7D,0xEF,0x7D,0xEF,0x7D,0xEF,0x7D,0xEF,0x7D,0xEF,
  0x7D,0xEF,0x7D,0xEF,0x7D,0xEF,0x7D,0xEF,0x7D,0xEF,0x7D,0xEF,0x7D,0xEF,0x7D,0xEF,0x7D,0xEF,0x7D,0xEF,0x7D,0xEF,0x7D,0xEF,
  0x7D,0xEF,0x7D,0xEF,0x7D,0xEF,0x7D,0xEF,0x7D,0xEF,0x7D,0xEF,0x7D,0xEF,0x7D,0xEF,0x7D,0xEF,0x7D,0xEF,0x7D,0xEF,0x7D,0xEF,
  0x7D,0xEF,0x7D,0xEF,0x7D,0xEF,0x7D,0xEF,0x7D,0xEF,0x7D,0xEF,0x7D,0xEF,0x7D,0xEF,0x7D,0xEF,0x7D,0xEF,0x7D,0xEF,0x7D,0xEF,
  0x7D,0xEF,0x7D,0xEF,0x7D,0xEF,0x7D,0xEF,0x7D,0xEF,0x7D,0xEF,0x7D,0xEF,0x7D,0xEF,0x7D,0xEF,0x7D,0xEF,0x7D,0xEF,0x7D,0xEF,
  0x7D,0xEF,0x7D,0xEF,0x7D,0xEF,0x7D,0xEF,0x7D,0xEF,0x7D,0xEF,0x7D,0xEF,0x7D,0xEF,0x7D,0xEF,0x7D,0xEF,0x7D,0xEF,0x7D,0xEF,
  0x7D,0xEF,0x7D,0xEF,0x7D,0xEF,0x7D,0xEF,0x7D,0xEF,0x7D,0xEF,0x7D,0xEF,0x7D,0xEF,0x7D,0xEF,0x7D,0xEF,0x7D,0xEF,0x7D,0xEF,
  0x7D,0xEF,0x7D,0xEF,0x7D,0xEF,0x7D,0xEF,0x7D,0xEF,0x7D,0xEF,0x7D,0xEF,0x7D,0xEF,0x7D,0xEF,0x7D,0xEF,0x7D,0xEF,0x7D,0xEF,
  0x7D,0xEF,0x7D,0xEF,0x7D,0xEF,0x7D,0xEF,0x7D,0xEF,0x7D,0xEF,0x7D,0xEF,0x7D,0xEF,0x7D,0xEF,0x7D,0xEF,0x7D,0xEF,0x7D,0xEF,
  0x7D,0xEF,0x7D,0xEF,0x7D,0xEF,0x7D,0xEF,0x7D,0xEF,0x7D,0xEF,0x7D,0xEF,0x7D,0xEF,0x7D,0xEF,0x7D,0xEF,0x7D,0xEF,0x7D,0xEF,
  0x7D,0xEF,0x7D,0xEF,0x7D,0xEF,0x7D,0xEF,0x7D,0xEF,0x7D,0xEF,0x7D,0xEF,0x7D,0xEF,0x7D,0xEF,0x7D,0xEF,0x7D,0xEF,0x7D,0xEF,
  0x7D,0xEF,0x7D,0xEF,0x7D,0xEF,0x7D,0xEF,0x7D,0xEF,0x7D,0xEF,0x7D,0xEF,0x7D,0xEF,0x7D,0xEF,0x7D,0xEF,0x7D,0xEF,0x7D,0xEF,
  0x7D,0xEF,0x7D,0xEF,0x7D,0xEF,0x7D,0xEF,0x7D,0xEF,0x7D,0xEF,0x7D,0xEF,0x7D,0xEF,0x7D,0xEF,0x7D,0xEF,0x7D,0xEF,0x7D,0xEF,
  0x7D,0xEF,0x7D,0xEF,0x7D,0xEF,0x7D,0xEF,0x7D,0xEF,0x7D,0xEF,0x7D,0xEF,0x7D,0xEF,0x7D,0xEF,0x7D,0xEF,0x7D,0xEF,0x7D,0xEF,
  0x7D,0xEF,0x7D,0xEF,0x7D,0xEF,0x7D,0xEF,0x7D,0xEF,0x7D,0xEF,0x7D,0xEF,0x7D,0xEF,0x7D,0xEF,0x7D,0xEF,0x7D,0xEF,0x7D,0xEF,
  0x7D,0xEF,0x7D,0xEF,0x7D,0xEF,0x7D,0xEF,0x7D,0xEF,0x7D,0xEF,0x7D,0xEF,0x7D,0xEF,0x7D,0xEF,0x7D,0xEF,0x7D,0xEF,0x7D,0xEF,
  0x7D,0xEF,0x7D,0xEF,0x7D,0xEF,0x7D,0xEF,0x7D,0xEF,0x7D,0xEF,0x7D,0xEF,0x7D,0xEF,0x7D,0xEF,0x7D,0xEF,0x7D,0xEF,0x7D,0xEF,
  0x7D,0xEF,0x7D,0xEF,0x7D,0xEF,0x7D,0xEF,0x7D,0xEF,0x7D,0xEF,0x7D,0xEF,0x7D,0xEF,0x7D,0xEF,0x7D,0xEF,0x7D,0xEF,0x7D,0xEF,
  0x7D,0xEF,0x7D,0xEF,0x7D,0xEF,0x7D,0xEF,0x7D,0xEF,0x7D,0xEF,0x7D,0xEF,0x7D,0xEF,0x7D,0xEF,0x7D,0xEF,0x7D,0xEF,0x7D,0xEF,
  0x7D,0xEF,0x7D,0xEF,0x7D,0xEF,0x7D,0xEF,0x7D,0xEF,0x7D,0xEF,0x7D,0xEF,0x7D,0xEF,0x7D,0xEF,0x7D,0xEF,0x7D,0xEF,0x7D,0xEF,
  0x7D,0xEF,0x7D,0xEF,0x7D,0xEF,0x7D,0xEF,0x7D,0xEF,0x7D,0xEF,0x7D,0xEF,0x7D,0xEF,0x7D,0xEF,0x7D,0xEF,0x7D,0xEF,0x7D,0xEF,
  0x7D,0xEF,0x7D,0xEF,0x7D,0xEF,0x7D,0xEF,0x7D,0xEF,0x7D,0xEF,0x7D,0xEF,0x7D,0xEF,0x7D,0xEF,0x7D,0xEF,0x7D,0xEF,0x7D,0xEF,
  0x7D,0xEF,0x7D,0xEF,0x7D,0xEF,0x7D,0xEF,0x7D,0xEF,0x7D,0xEF,0x7D,0xEF,0x7D,0xEF,0x7D,0xEF,0x7D,0xEF,0x7D,0xEF,0x7D,0xEF,
  0x7D,0xEF,0x7D,0xEF,0x7D,0xEF,0x7D,0xEF,0x7D,0xEF,0x7D,0xEF,0x7D,0xEF,0x7D,0xEF,0x7D,0xEF,0x7D,0xEF,0x7D,0xEF,0x7D,0xEF,
  0x7D,0xEF,0x7D,0xEF,0x7D,0xEF,0x7D,0xEF,0x7D,0xEF,0x7D,0xEF,0x7D,0xEF,0x7D,0xEF,0x7D,0xEF,0x7D,0xEF,0x7D,0xEF,0x7D,0xEF,
  0x7D,0xEF,0x7D,0xEF,0x7D,0xEF,0x7D,0xEF,0x7D,0xEF,0x7D,0xEF,0x7D,0xEF,0x7D,0xEF,0x7D,0xEF,0x7D,0xEF,0x7D,0xEF,0x7D,0xEF,
  0x7D,0xEF,0x7D,0xEF,0x7D,0xEF,0x7D,0xEF,0x7D,0xEF,0x7D,0xEF,0x7D,0xEF,0x7D,0xEF,0x7D,0xEF,0x7D,0xEF,0x7D,0xEF,0x7D,0xEF,
  0x7D,0xEF,0x7D,0xEF,0x7D,0xEF,0x7D,0xEF,0x7D,0xEF,0x7D,0xEF,0x7D,0xEF,0x7D,0xEF,0x7D,0xEF,0x7D,0xEF,0x7D,0xEF,0x7D,0xEF,
  0x7D,0xEF,0x7D,0xEF,0x7D,0xEF,0x7D,0xEF,0x7D,0xEF,0x7D,0xEF,0x7D,0xEF,0x7D,0xEF,0x7D,0xEF,0x7D,0xEF,0x7D,0xEF,0x7D,0xEF,
  0x7D,0xEF,0x7D,0xEF,0x7D,0xEF,0x7D,0xEF,0x7D,0xEF,0x7D,0xEF,0x7D,0xEF,0x7D,0xEF,0x7D,0xEF,0x7D,0xEF,0x7D,0xEF,0x7D,0xEF,
  0x7D,0xEF,0x7D,0xEF,0x7D,0xEF,0x7D,0xEF,0x7D,0xEF,0x7D,0xEF,0x7D,0xEF,0x7D,0xEF,0x7D,0xEF,0x7D,0xEF,0x7D,0xEF,0x7D,0xEF,
  0x7D,0xEF,0x7D,0xEF,0x7D,0xEF,0x7D,0xEF,0x7D,0xEF,0x7D,0xEF,0x7D,0xEF,0x7D,0xEF,0x7D,0xEF,0x7D,0xEF,0x7D,0xEF,0x7D,0xEF,
  0x7D,0xEF,0x7D,0xEF,0x7D,0xEF,0x7D,0xEF,0x7D,0xEF,0x7D,0xEF,0x7D,0xEF,0x7D,0xEF,0x7D,0xEF,0x7D,0xEF,0x7D,0xEF,0x7D,0xEF,
  0x7D,0xEF,0x7D,0xEF,0x7D,0xEF,0x7D,0xEF,0x7D,0xEF,0x7D,0xEF,0x7D,0xEF,0x7D,0xEF,0x7D,0xEF,0x7D,0xEF,0x7D,0xEF,0x7D,0xEF,
  0x7D,0xEF,0x7D,0xEF,0x7D,0xEF,0x7D,0xEF,0x7D,0xEF,0x7D,0xEF,0x7D,0xEF,0x7D,0xEF,0x7D,0xEF,0x7D,0xEF,0x7D,0xEF,0x7D,0xEF,
  0x7D,0xEF,0x7D,0xEF,0x7D,0xEF,0x7D,0xEF,0x7D,0xEF,0x7D,0xEF,0x7D,0xEF,0x7D,0xEF,0x7D,0xEF,0x7D,0xEF,0x7D,0xEF,0x7D,0xEF,
  0x7D,0xEF,0x7D,0xEF,0x7D,0xEF,0x7D,0xEF,0x7D,0xEF,0x7D,0xEF,0x7D,0xEF,0x7D,0xEF,0x7D,0xEF,0x7D,0xEF,0x7D,0xEF,0x7D,0xEF,
  0x7D,0xEF,0x7D,0xEF,0x7D,0xEF,0x7D,0xEF,0x7D,0xEF,0x7D,0xEF,0x7D,0xEF,0x7D,0xEF,0x7D,0xEF,0x7D,0xEF,0x7D,0xEF,0x7D,0xEF,
  0x7D,0xEF,0x7D,0xEF,0x7D,0xEF,0x7D,0xEF,0x7D,0xEF,0x7D,0xEF,0x7D,0xEF,0x7D,0xEF,0x7D,0xEF,0x7D,0xEF,0x7D,0xEF,0x7D,0xEF,
  0x7D,0xEF,0x7D,0xEF,0x7D,0xEF,0x7D,0xEF,0x7D,0xEF,0x7D,0xEF,0x7D,0xEF,0x7D,0xEF,0x7D,0xEF,0x7D,0xEF,0x7D,0xEF,0x7D,0xEF,
  0x7D,0xEF,0x7D,0xEF,0x7D,0xEF,0x7D,0xEF,0x7D,0xEF,0x7D,0xEF,0x7D,0xEF,0x7D,0xEF,0x7D,0xEF,0x7D,0xEF,0x7D,0xEF,0x7D,0xEF,
  0x7D,0xEF,0x7D,0xEF,0x7D,0xEF,0x7D,0xEF,0x7D,0xEF,0x7D,0xEF,0x7D,0xEF,0x7D,0xEF,0x7D,0xEF,0x7D,0xEF,0x7D,0xEF,0x7D,0xEF,
  0x7D,0xEF,0x7D,0xEF,0x7D,0xEF,0x7D,0xEF,0x7D,0xEF,0x7D,0xEF,0x7D,0xEF,0x7D,0xEF,0x7D,0xEF,0x7D,0xEF,0x7D,0xEF,0x7D,0xEF,
  0x7D,0xEF,0x7D,0xEF,0x7D,0xEF,0x7D,0xEF,0x7D,0xEF,0x7D,0xEF,0x7D,0xEF,0x7D,0xEF,0x7D,0xEF,0x7D,0xEF,0x7D,0xEF,0x7D,0xEF,
  0x7D,0xEF,0x7D,0xEF,0x7D,0xEF,0x7D,0xEF,0x7D,0xEF,0x7D,0xEF,0x7D,0xEF,0x7D,0xEF,0x7D,0xEF,0x7D,0xEF,0x7D,0xEF,0x7D,0xEF,
  0x7D,0xEF,0x7D,0xEF,0x7D,0xEF,0x7D,0xEF,0x7D,0xEF,0x7D,0xEF,0x7E,0xEF,0x7E,0xEF,0x7E,0xEF,0x7D,0xEF,0x7D,0xEF,0x7D,0xEF,
  0x7D,0xEF,0x7D,0xEF,0x7D,0xEF,0x7D,0xEF,0x7D,0xEF,0x7D,0xEF,0x7D,0xEF,0x7D,0xEF,0x7D,0xEF,0x7D,0xEF,0x7D,0xEF,0x7D,0xEF,
  0x7D,0xEF,0x7D,0xEF,0x7D,0xEF,0x7D,0xEF,0x7D,0xEF,0x7D,0xEF,0x7D,0xEF,0x7D,0xEF,0x7D,0xEF,0x7D,0xEF,0x7D,0xEF,0x7D,0xEF,
  0x7D,0xEF,0x7D,0xEF,0x7D,0xEF,0x7D,0xEF,0x7E,0xEF,0x7E,0xEF,0x7D,0xEF,0x7D,0xEF,0x7D,0xEF,0x7D,0xEF,0x7D,0xEF,0x7D,0xEF,
  0x7D,0xEF,0x7D,0xEF,0x7D,0xEF,0x7D,0xEF,0x7D,0xEF,0x7D,0xEF,0x7D,0xEF,0x7D,0xEF,0x7D,0xEF,0x7D,0xEF,0x7D,0xEF,0x7D,0xEF,
  0x7D,0xEF,0x7D,0xEF,0x7D,0xEF,0x7D,0xEF,0x7D,0xEF,0x7D,0xEF,0x7D,0xEF,0x7D,0xEF,0x7D,0xEF,0x7D,0xEF,0x7D,0xEF,0x7D,0xEF,
  0x7D,0xEF,0x7D,0xEF,0x7D,0xEF,0x7D,0xEF,0x7D,0xEF,0x7D,0xEF,0x7D,0xEF,0x7D,0xEF,0x7D,0xEF,0x7D,0xEF,0x7D,0xEF,0x7D,0xEF,
  0x7D,0xEF,0x7D,0xEF,0x7D,0xEF,0x7D,0xEF,0x7D,0xEF,0x7D,0xEF,0x7D,0xEF,0x7D,0xEF,0x7D,0xEF,0x7D,0xEF,0x7D,0xEF,0x7D,0xEF,
  0x7D,0xEF,0x7D,0xEF,0x7D,0xEF,0x7D,0xEF,0x7D,0xEF,0x7D,0xEF,0x7D,0xEF,0x7D,0xEF,0x7D,0xEF,0x7D,0xEF,0x7D,0xEF,0x7D,0xEF,
  0x7D,0xEF,0x7D,0xEF,0x7D,0xEF,0x7D,0xEF,0x7D,0xEF,0x7D,0xEF,0x7D,0xEF,0x7D,0xEF,0x7D,0xEF,0x7D,0xEF,0x7D,0xEF,0x7D,0xEF,
  0x7D,0xEF,0x7D,0xEF,0x7D,0xEF,0x7D,0xEF,0x7D,0xEF,0x7D,0xEF,0x7D,0xEF,0x7D,0xEF,0x7D,0xEF,0x7D,0xEF,0x7D,0xEF,0x7D,0xEF,
  0x7D,0xEF,0x7D,0xEF,0x7D,0xEF,0x7D,0xEF,0x7D,0xEF,0x7D,0xEF,0x7D,0xEF,0x7D,0xEF,0x7D,0xEF,0x7D,0xEF,0x7D,0xEF,0x7D,0xEF,
  0x7D,0xEF,0x7D,0xEF,0x7D,0xEF,0x7D,0xEF,0x7D,0xEF,0x7D,0xEF,0x7D,0xEF,0x7D,0xEF,0x7D,0xEF,0x7D,0xEF,0x7D,0xEF,0x7D,0xEF,
  0x7D,0xEF,0x7D,0xEF,0x7D,0xEF,0x7D,0xEF,0x7D,0xEF,0x7D,0xEF,0x7D,0xEF,0x7D,0xEF,0x7D,0xEF,0x7D,0xEF,0x7D,0xEF,0x7D,0xEF,
  0x7D,0xEF,0x7D,0xEF,0x7D,0xEF,0x7D,0xEF,0x7D,0xEF,0x7D,0xEF,0x7D,0xEF,0x7D,0xEF,0x7D,0xEF,0x7D,0xEF,0x7D,0xEF,0x7D,0xEF,
  0x7D,0xEF,0x7D,0xEF,0x7D,0xEF,0x7D,0xEF,0x7D,0xEF,0x7D,0xEF,0x7D,0xEF,0x7D,0xEF,0x7D,0xEF,0x7D,0xEF,0x7D,0xEF,0x7D,0xEF,
  0x7D,0xEF,0x7D,0xEF,0x7D,0xEF,0x7D,0xEF,0x7D,0xEF,0x7D,0xEF,0x7D,0xEF,0x7D,0xEF,0x7D,0xEF,0x7D,0xEF,0x7D,0xEF,0x7D,0xEF,
  0x7D,0xEF,0x7D,0xEF,0x7D,0xEF,0x7D,0xEF,0x7D,0xEF,0x7D,0xEF,0x7D,0xEF,0x7D,0xEF,0x7D,0xEF,0x7D,0xEF,0x7D,0xEF,0x7D,0xEF,
  0x7D,0xEF,0x7D,0xEF,0x7D,0xEF,0x7D,0xEF,0x7D,0xEF,0x7D,0xEF,0x7D,0xEF,0x7D,0xEF,0x7D,0xEF,0x7D,0xEF,0x7D,0xEF,0x7D,0xEF,
  0x7D,0xEF,0x7D,0xEF,0x7D,0xEF,0x7D,0xEF,0x7D,0xEF,0x7D,0xEF,0x7D,0xEF,0x7D,0xEF,0x7D,0xEF,0x7D,0xEF,0x7D,0xEF,0x7D,0xEF,
  0x7D,0xEF,0x7D,0xEF,0x7D,0xEF,0x7D,0xEF,0x7D,0xF7,0x7D,0xF7,0x7D,0xEF,0x7D,0xEF,0x7D,0xF7,0x7D,0xF7,0x7E,0xEF,0x7E,0xEF,
  0x9E,0xEF,0x9E,0xF7,0x7D,0xEF,0x7D,0xEF,0x9D,0xF7,0x7D,0xF7,0x7D,0xEF,0x7D,0xEF,0x9D,0xEF,0x9D,0xEF,0x9D,0xEF,0x9D,0xEF,
  0x9D,0xEF,0x7D,0xEF,0x7D,0xEF,0x7D,0xEF,0x7D,0xEF,0x9D,0xF7,0x7D,0xEF,0x7D,0xEF,0x7D,0xEF,0x7D,0xEF,0x9D,0xEF,0x7E,0xEF,
  0x7E,0xEF,0x7E,0xEF,0x7D,0xEF,0x7D,0xF7,0x7D,0xEF,0x7D,0xEF,0x9D,0xEF,0x9D,0xEF,0x9D,0xEF,0x7D,0xEF,0x7D,0xEF,0x7D,0xEF,
  0x7D,0xEF,0x7D,0xEF,0x7D,0xEF,0x7D,0xEF,0x7D,0xEF,0x7D,0xEF,0x7D,0xEF,0x7D,0xEF,0x7D,0xEF,0x7D,0xEF,0x7D,0xEF,0x7D,0xEF,
  0x7D,0xEF,0x7D,0xEF,0x7D,0xEF,0x7D,0xEF,0x7D,0xEF,0x7D,0xEF,0x7D,0xEF,0x7D,0xEF,0x7D,0xEF,0x7D,0xEF,0x7D,0xEF,0x7D,0xEF,
  0x7D,0xEF,0x7D,0xEF,0x7D,0xEF,0x7D,0xEF,0x7D,0xEF,0x7D,0xEF,0x7D,0xEF,0x7D,0xEF,0x7D,0xEF,0x7D,0xEF,0x7D,0xEF,0x7D,0xEF,
  0x7D,0xEF,0x7D,0xEF,0x7D,0xEF,0x7D,0xEF,0x7D,0xEF,0x7D,0xEF,0x7D,0xEF,0x7D,0xEF,0x7D,0xEF,0x7D,0xEF,0x7D,0xEF,0x7D,0xEF,
  0x7D,0xEF,0x7D,0xEF,0x7D,0xEF,0x7D,0xEF,0x7D,0xEF,0x7D,0xEF,0x7D,0xEF,0x7D,0xEF,0x7D,0xEF,0x7D,0xEF,0x7D,0xEF,0x7D,0xEF,
  0x7D,0xEF,0x7D,0xEF,0x7D,0xEF,0x7D,0xEF,0x7D,0xEF,0x7D,0xEF,0x7D,0xEF,0x7D,0xEF,0x7D,0xEF,0x7D,0xEF,0x7D,0xEF,0x7D,0xEF,
  0x7D,0xEF,0x7D,0xEF,0x7D,0xEF,0x7D,0xEF,0x7D,0xEF,0x7D,0xEF,0x7D,0xEF,0x7D,0xEF,0x7D,0xEF,0x7D,0xEF,0x7D,0xEF,0x7D,0xEF,
  0x7D,0xEF,0x7D,0xEF,0x7D,0xEF,0x7D,0xEF,0x7D,0xEF,0x7D,0xEF,0x7D,0xEF,0x7D,0xEF,0x7D,0xEF,0x7D,0xEF,0x7D,0xEF,0x7D,0xEF,
  0x7D,0xEF,0x7D,0xEF,0x7D,0xEF,0x7D,0xEF,0x7D,0xEF,0x7D,0xEF,0x7D,0xEF,0x7D,0xEF,0x7D,0xEF,0x7D,0xEF,0x7D,0xEF,0x7D,0xEF,
  0x7D,0xEF,0x7D,0xEF,0x7D,0xEF,0x7D,0xEF,0x7D,0xEF,0x7D,0xEF,0x7D,0xEF,0x7D,0xEF,0x7D,0xEF,0x7D,0xEF,0x7D,0xEF,0x7D,0xEF,
  0x7D,0xEF,0x7D,0xEF,0x7D,0xEF,0x7D,0xEF,0x7D,0xEF,0x7D,0xEF,0x7D,0xEF,0x7D,0xEF,0x7D,0xEF,0x7D,0xEF,0x7D,0xEF,0x7D,0xEF,
  0x7D,0xEF,0x7D,0xEF,0x7D,0xEF,0x7D,0xEF,0x7D,0xEF,0x7D,0xEF,0x7D,0xEF,0x7D,0xEF,0x7D,0xEF,0x7D,0xEF,0x7D,0xEF,0x7D,0xEF,
  0x7D,0xEF,0x7D,0xEF,0x7D,0xEF,0x7D,0xEF,0x7D,0xEF,0x7D,0xEF,0x7D,0xEF,0x7D,0xEF,0x7D,0xEF,0x7D,0xEF,0x7D,0xEF,0x7D,0xEF,
  0x7D,0xEF,0x7D,0xEF,0x7D,0xEF,0x7D,0xEF,0x7D,0xEF,0x7D,0xEF,0x7D,0xEF,0x7D,0xEF,0x7D,0xEF,0x7D,0xEF,0x7D,0xEF,0x7D,0xEF,
  0x7D,0xEF,0x7D,0xEF,0x7D,0xEF,0x7D,0xEF,0x7D,0xEF,0x7D,0xEF,0x7D,0xEF,0x7D,0xEF,0x7D,0xEF,0x7D,0xEF,0x7D,0xEF,0x7D,0xEF,
  0x7D,0xEF,0x7D,0xEF,0x7D,0xEF,0x7D,0xEF,0x7D,0xEF,0x7D,0xEF,0x7D,0xEF,0x7D,0xEF,0x7D,0xEF,0x7D,0xEF,0x7D,0xEF,0x7D,0xEF,
  0x7D,0xEF,0x9D,0xEF,0x9E,0xF7,0x9E,0xEF,0x7E,0xEF,0x9E,0xF7,0x7E,0xF7,0x7E,0xEF,0x9E,0xF7,0x9E,0xF7,0x9E,0xEF,0x7D,0xEF,
  0x7E,0xEF,0x9E,0xF7,0x7D,0xEF,0x7D,0xEF,0x7E,0xEF,0x7E,0xEF,0x7E,0xEF,0x7E,0xEF,0x7D,0xEF,0x5D,0xEF,0x7D,0xEF,0x7E,0xEF,
  0x7D,0xF7,0x5D,0xEF,0x7D,0xEF,0x7D,0xEF,0x7D,0xEF,0x9D,0xEF,0x7D,0xEF,0x9D,0xEF,0x7D,0xEF,0x7D,0xEF,0x7D,0xEF,0x7D,0xEF,
  0x9D,0xF7,0x9D,0xEF,0x9E,0xF7,0x7E,0xF7,0x7E,0xEF,0x9E,0xEF,0x9E,0xEF,0x9E,0xEF,0x9E,0xEF,0x7D,0xEF,0x9E,0xEF,0x9E,0xEF,
  0x7D,0xEF,0x7D,0xEF,0x7D,0xEF,0x7D,0xEF,0x7D,0xEF,0x7D,0xEF,0x7D,0xEF,0x7D,0xEF,0x7D,0xEF,0x7D,0xEF,0x7D,0xEF,0x7D,0xEF,
  0x7D,0xEF,0x7D,0xEF,0x7D,0xEF,0x7D,0xEF,0x7D,0xEF,0x7D,0xEF,0x7D,0xEF,0x7D,0xEF,0x7D,0xEF,0x7D,0xEF,0x7D,0xEF,0x7D,0xEF,
  0x7D,0xEF,0x7D,0xEF,0x7D,0xEF,0x7D,0xEF,0x7D,0xEF,0x7D,0xEF,0x7D,0xEF,0x7D,0xEF,0x7D,0xEF,0x7D,0xEF,0x7D,0xEF,0x7D,0xEF,
  0x7D,0xEF,0x7D,0xEF,0x7D,0xEF,0x7D,0xEF,0x7D,0xEF,0x7D,0xEF,0x7D,0xEF,0x7D,0xEF,0x7D,0xEF,0x7D,0xEF,0x7D,0xEF,0x7D,0xEF,
  0x7D,0xEF,0x7D,0xEF,0x7D,0xEF,0x7D,0xEF,0x7D,0xEF,0x7D,0xEF,0x7D,0xEF,0x7D,0xEF,0x7D,0xEF,0x7D,0xEF,0x7D,0xEF,0x7D,0xEF,
  0x7D,0xEF,0x7D,0xEF,0x7D,0xEF,0x7D,0xEF,0x7D,0xEF,0x7D,0xEF,0x7D,0xEF,0x7D,0xEF,0x7D,0xEF,0x7D,0xEF,0x7D,0xEF,0x7D,0xEF,
  0x7D,0xEF,0x7D,0xEF,0x7D,0xEF,0x7D,0xEF,0x7D,0xEF,0x7D,0xEF,0x7D,0xEF,0x7D,0xEF,0x7D,0xEF,0x7D,0xEF,0x7D,0xEF,0x7D,0xEF,
  0x7D,0xEF,0x7D,0xEF,0x7D,0xEF,0x7D,0xEF,0x7D,0xEF,0x7D,0xEF,0x7D,0xEF,0x7D,0xEF,0x7D,0xEF,0x7D,0xEF,0x7D,0xEF,0x7D,0xEF,
  0x7D,0xEF,0x7D,0xEF,0x7D,0xEF,0x7D,0xEF,0x7D,0xEF,0x7D,0xEF,0x7D,0xEF,0x7D,0xEF,0x7D,0xEF,0x7D,0xEF,0x7D,0xEF,0x7D,0xEF,
  0x7D,0xEF,0x7D,0xEF,0x7D,0xEF,0x7D,0xEF,0x7D,0xEF,0x7D,0xEF,0x7D,0xEF,0x7D,0xEF,0x7D,0xEF,0x7D,0xEF,0x7D,0xEF,0x7D,0xEF,
  0x7D,0xEF,0x7D,0xEF,0x7D,0xEF,0x7D,0xEF,0x7D,0xEF,0x7D,0xEF,0x7D,0xEF,0x7D,0xEF,0x7D,0xEF,0x7D,0xEF,0x7D,0xEF,0x7D,0xEF,
  0x7D,0xEF,0x7D,0xEF,0x7D,0xEF,0x7D,0xEF,0x7D,0xEF,0x7D,0xEF,0x7D,0xEF,0x7D,0xEF,0x7D,0xEF,0x7D,0xEF,0x7D,0xEF,0x7D,0xEF,
  0x7D,0xEF,0x7D,0xEF,0x7D,0xEF,0x7D,0xEF,0x7D,0xEF,0x7D,0xEF,0x7D,0xEF,0x7D,0xEF,0x7D,0xEF,0x7D,0xEF,0x7D,0xEF,0x7D,0xEF,
  0x7D,0xEF,0x7D,0xEF,0x7D,0xEF,0x7D,0xEF,0x7D,0xEF,0x7D,0xEF,0x7D,0xEF,0x7D,0xEF,0x7D,0xEF,0x7D,0xEF,0x7D,0xEF,0x7D,0xEF,
  0x7D,0xEF,0x7D,0xEF,0x7D,0xEF,0x7D,0xEF,0x7D,0xEF,0x7D,0xEF,0x7D,0xEF,0x7D,0xEF,0x7D,0xEF,0x7D,0xEF,0x7D,0xEF,0x7D,0xEF,
  0x7D,0xEF,0x7D,0xEF,0x7D,0xEF,0x7D,0xEF,0x7D,0xEF,0x7D,0xEF,0x7D,0xEF,0x7D,0xEF,0x7D,0xEF,0x7D,0xEF,0x7D,0xEF,0x7E,0xEF,
  0x9E,0xEF,0x9E,0xF7,0x9E,0xF7,0x9D,0xEF,0x9D,0xEF,0x9D,0xEF,0x9E,0xEF,0x7E,0xEF,0x7E,0xEF,0x7D,0xEF,0x7C,0xEF,0x7D,0xEF,
  0xBD,0xF7,0xBD,0xF7,0xBD,0xF7,0xDD,0xFF,0xDE,0xFF,0xDE,0xFF,0xDE,0xFF,0xDE,0xFF,0xDE,0xFF,0xDE,0xFF,0xDE,0xFF,0xDE,0xFF,
  0xDE,0xFF,0xDE,0xFF,0xFE,0xFF,0xFE,0xFF,0xFE,0xFF,0xDE,0xFF,0xBE,0xFF,0xDE,0xFF,0xDE,0xFF,0xDE,0xFF,0xDE,0xFF,0x9E,0xF7,
  0x7E,0xEF,0x5E,0xEF,0x5D,0xEF,0x7D,0xEF,0x7E,0xEF,0x7E,0xEF,0x7E,0xEF,0x7E,0xEF,0x7E,0xEF,0x7E,0xF7,0x9E,0xF7,0x7D,0xEF,
  0x7D,0xEF,0x7D,0xEF,0x7D,0xEF,0x7D,0xEF,0x7D,0xEF,0x7D,0xEF,0x7D,0xEF,0x7D,0xEF,0x7D,0xEF,0x7D,0xEF,0x7D,0xEF,0x7D,0xEF,
  0x7D,0xEF,0x7D,0xEF,0x7D,0xEF,0x7D,0xEF,0x7D,0xEF,0x7D,0xEF,0x7D,0xEF,0x7D,0xEF,0x7D,0xEF,0x7D,0xEF,0x7D,0xEF,0x7D,0xEF,
  0x7D,0xEF,0x7D,0xEF,0x7D,0xEF,0x7D,0xEF,0x7D,0xEF,0x7D,0xEF,0x7D,0xEF,0x7D,0xEF,0x7D,0xEF,0x7D,0xEF,0x7D,0xEF,0x7D,0xEF,
  0x7D,0xEF,0x7D,0xEF,0x7D,0xEF,0x7D,0xEF,0x7D,0xEF,0x7D,0xEF,0x7D,0xEF,0x7D,0xEF,0x7D,0xEF,0x7D,0xEF,0x7D,0xEF,0x7D,0xEF,
  0x7D,0xEF,0x7D,0xEF,0x7D,0xEF,0x7D,0xEF,0x7D,0xEF,0x7D,0xEF,0x7D,0xEF,0x7D,0xEF,0x7D,0xEF,0x7D,0xEF,0x7D,0xEF,0x7D,0xEF,
  0x7D,0xEF,0x7D,0xEF,0x7D,0xEF,0x7D,0xEF,0x7D,0xEF,0x7D,0xEF,0x7D,0xEF,0x7D,0xEF,0x7D,0xEF,0x7D,0xEF,0x7D,0xEF,0x7D,0xEF,
  0x7D,0xEF,0x7D,0xEF,0x7D,0xEF,0x7D,0xEF,0x7D,0xEF,0x7D,0xEF,0x7D,0xEF,0x7D,0xEF,0x7D,0xEF,0x7D,0xEF,0x7D,0xEF,0x7D,0xEF,
  0x7D,0xEF,0x7D,0xEF,0x7D,0xEF,0x7D,0xEF,0x7D,0xEF,0x7D,0xEF,0x7D,0xEF,0x7D,0xEF,0x7D,0xEF,0x7D,0xEF,0x7D,0xEF,0x7D,0xEF,
  0x7D,0xEF,0x7D,0xEF,0x7D,0xEF,0x7D,0xEF,0x7D,0xEF,0x7D,0xEF,0x7D,0xEF,0x7D,0xEF,0x7D,0xEF,0x7D,0xEF,0x7D,0xEF,0x7D,0xEF,
  0x7D,0xEF,0x7D,0xEF,0x7D,0xEF,0x7D,0xEF,0x7D,0xEF,0x7D,0xEF,0x7D,0xEF,0x7D,0xEF,0x7D,0xEF,0x7D,0xEF,0x7D,0xEF,0x7D,0xEF,
  0x7D,0xEF,0x7D,0xEF,0x7D,0xEF,0x7D,0xEF,0x7D,0xEF,0x7D,0xEF,0x7D,0xEF,0x7D,0xEF,0x7D,0xEF,0x7D,0xEF,0x7D,0xEF,0x7D,0xEF,
  0x7D,0xEF,0x7D,0xEF,0x7D,0xEF,0x7D,0xEF,0x7D,0xEF,0x7D,0xEF,0x7D,0xEF,0x7D,0xEF,0x7D,0xEF,0x7D,0xEF,0x7D,0xEF,0x7D,0xEF,
  0x7D,0xEF,0x7D,0xEF,0x7D,0xEF,0x7D,0xEF,0x7D,0xEF,0x7D,0xEF,0x7D,0xEF,0x7D,0xEF,0x7D,0xEF,0x7D,0xEF,0x7D,0xEF,0x7D,0xEF,
  0x7D,0xEF,0x7D,0xEF,0x7D,0xEF,0x7D,0xEF,0x7D,0xEF,0x7D,0xEF,0x7D,0xEF,0x7D,0xEF,0x7D,0xEF,0x7D,0xEF,0x7D,0xEF,0x7D,0xEF,
  0x7D,0xEF,0x7D,0xEF,0x7D,0xEF,0x7D,0xEF,0x7D,0xEF,0x7D,0xEF,0x7D,0xEF,0x7D,0xEF,0x7D,0xEF,0x7D,0xEF,0x7D,0xEF,0x7D,0xEF,
  0x7D,0xEF,0x7D,0xEF,0x7D,0xEF,0x7D,0xEF,0x7D,0xEF,0x7D,0xEF,0x7D,0xEF,0x7D,0xEF,0x7D,0xEF,0x7D,0xEF,0x7D,0xEF,0x7D,0xEF,
  0x9E,0xF7,0x9D,0xF7,0x9E,0xF7,0x7D,0xEF,0x5D,0xEF,0x7D,0xEF,0x7D,0xF7,0xBD,0xF7,0xDE,0xFF,0xFE,0xFF,0xFF,0xFF,0xBE,0xF7,
  0x3D,0xE7,0xBC,0xD6,0x7C,0xCE,0xFB,0xBD,0x39,0xA5,0x98,0x94,0x77,0x8C,0xD7,0x7B,0x76,0x73,0x55,0x6B,0x35,0x6B,0x55,0x6B,
  0x55,0x6B,0x56,0x63,0x76,0x6B,0x56,0x6B,0x96,0x6B,0x78,0x8C,0x77,0x8C,0xF9,0x9C,0xBB,0xB5,0x3B,0xC6,0x9B,0xD6,0x1C,0xDF,
  0x9D,0xEF,0xFE,0xFF,0xFE,0xFF,0xDE,0xFF,0xBE,0xF7,0x9D,0xF7,0x7D,0xF7,0x7D,0xF7,0x7D,0xEF,0x5D,0xEF,0x7E,0xEF,0x7E,0xEF,
  0x7D,0xEF,0x7D,0xEF,0x7D,0xEF,0x7D,0xEF,0x7D,0xEF,0x7D,0xEF,0x7D,0xEF,0x7D,0xEF,0x7D,0xEF,0x7D,0xEF,0x7D,0xEF,0x7D,0xEF,
  0x7D,0xEF,0x7D,0xEF,0x7D,0xEF,0x7D,0xEF,0x7D,0xEF,0x7D,0xEF,0x7D,0xEF,0x7D,0xEF,0x7D,0xEF,0x7D,0xEF,0x7D,0xEF,0x7D,0xEF,
  0x7D,0xEF,0x7D,0xEF,0x7D,0xEF,0x7D,0xEF,0x7D,0xEF,0x7D,0xEF,0x7D,0xEF,0x7D,0xEF,0x7D,0xEF,0x7D,0xEF,0x7D,0xEF,0x7D,0xEF,
  0x7D,0xEF,0x7D,0xEF,0x7D,0xEF,0x7D,0xEF,0x7D,0xEF,0x7D,0xEF,0x7D,0xEF,0x7D,0xEF,0x7D,0xEF,0x7D,0xEF,0x7D,0xEF,0x7D,0xEF,
  0x7D,0xEF,0x7D,0xEF,0x7D,0xEF,0x7D,0xEF,0x7D,0xEF,0x7D,0xEF,0x7D,0xEF,0x7D,0xEF,0x7D,0xEF,0x7D,0xEF,0x7D,0xEF,0x7D,0xEF,
  0x7D,0xEF,0x7D,0xEF,0x7D,0xEF,0x7D,0xEF,0x7D,0xEF,0x7D,0xEF,0x7D,0xEF,0x7D,0xEF,0x7D,0xEF,0x7D,0xEF,0x7D,0xEF,0x7D,0xEF,
  0x7D,0xEF,0x7D,0xEF,0x7D,0xEF,0x7D,0xEF,0x7D,0xEF,0x7D,0xEF,0x7D,0xEF,0x7D,0xEF,0x7D,0xEF,0x7D,0xEF,0x7D,0xEF,0x7D,0xEF,
  0x7D,0xEF,0x7D,0xEF,0x7D,0xEF,0x7D,0xEF,0x7D,0xEF,0x7D,0xEF,0x7D,0xEF,0x7D,0xEF,0x7D,0xEF,0x7D,0xEF,0x7D,0xEF,0x7D,0xEF,
  0x7D,0xEF,0x7D,0xEF,0x7D,0xEF,0x7D,0xEF,0x7D,0xEF,0x7D,0xEF,0x7D,0xEF,0x7D,0xEF,0x7D,0xEF,0x7D,0xEF,0x7D,0xEF,0x7D,0xEF,
  0x7D,0xEF,0x7D,0xEF,0x7D,0xEF,0x7D,0xEF,0x7D,0xEF,0x7D,0xEF,0x7D,0xEF,0x7D,0xEF,0x7D,0xEF,0x7D,0xEF,0x7D,0xEF,0x7D,0xEF,
  0x7D,0xEF,0x7D,0xEF,0x7D,0xEF,0x7D,0xEF,0x7D,0xEF,0x7D,0xEF,0x7D,0xEF,0x7D,0xEF,0x7D,0xEF,0x7D,0xEF,0x7D,0xEF,0x7D,0xEF,
  0x7D,0xEF,0x7D,0xEF,0x7D,0xEF,0x7D,0xEF,0x7D,0xEF,0x7D,0xEF,0x7D,0xEF,0x7D,0xEF,0x7D,0xEF,0x7D,0xEF,0x7D,0xEF,0x7D,0xEF,
  0x7D,0xEF,0x7D,0xEF,0x7D,0xEF,0x7D,0xEF,0x7D,0xEF,0x7D,0xEF,0x7D,0xEF,0x7D,0xEF,0x7D,0xEF,0x7D,0xEF,0x7D,0xEF,0x7D,0xEF,
  0x7D,0xEF,0x7D,0xEF,0x7D,0xEF,0x7D,0xEF,0x7D,0xEF,0x7D,0xEF,0x7D,0xEF,0x7D,0xEF,0x7D,0xEF,0x7D,0xEF,0x7D,0xEF,0x7D,0xEF,
  0x7D,0xEF,0x7D,0xEF,0x7D,0xEF,0x7D,0xEF,0x7D,0xEF,0x7D,0xEF,0x7D,0xEF,0x7D,0xEF,0x7D,0xEF,0x7D,0xEF,0x7D,0xEF,0x7D,0xEF,
  0x7D,0xEF,0x7D,0xEF,0x7D,0xEF,0x7D,0xEF,0x7D,0xEF,0x7D,0xEF,0x7D,0xEF,0x7D,0xEF,0x7D,0xEF,0x7E,0xEF,0x7D,0xEF,0x7D,0xEF,
  0x7E,0xEF,0x7D,0xF7,0x9D,0xF7,0xBE,0xF7,0xFF,0xFF,0xBF,0xF7,0x5E,0xEF,0xDD,0xDE,0xDA,0xBD,0x97,0x94,0x96,0x73,0xB4,0x52,
  0xF2,0x41,0xD2,0x39,0x51,0x29,0x51,0x29,0x92,0x31,0xF3,0x39,0x34,0x42,0x73,0x4A,0xB4,0x5A,0x36,0x63,0x56,0x63,0x35,0x63,
  0x15,0x63,0x35,0x63,0x35,0x63,0x15,0x63,0xD4,0x5A,0x53,0x42,0x13,0x3A,0xD2,0x31,0x51,0x29,0x51,0x29,0x92,0x31,0xF3,0x41,
  0x74,0x52,0x36,0x63,0x37,0x84,0x59,0xA5,0x7C,0xCE,0x5E,0xEF,0x9E,0xF7,0xDE,0xFF,0xFE,0xFF,0xBD,0xF7,0x7D,0xEF,0x9E,0xEF,
  0x7D,0xEF,0x7D,0xEF,0x9E,0xEF,0x9D,0xEF,0x7D,0xEF,0x7D,0xEF,0x7E,0xEF,0x7E,0xEF,0x7E,0xEF,0x7E,0xEF,0x7D,0xEF,0x7D,0xEF,
  0x7D,0xEF,0x7D,0xEF,0x7D,0xEF,0x7D,0xEF,0x7D,0xEF,0x7D,0xEF,0x7D,0xEF,0x7D,0xEF,0x7D,0xEF,0x7D,0xEF,0x7D,0xEF,0x7D,0xEF,
  0x7D,0xEF,0x7D,0xEF,0x7D,0xEF,0x7D,0xEF,0x7D,0xEF,0x7D,0xEF,0x7D,0xEF,0x7D,0xEF,0x7D,0xEF,0x7D,0xEF,0x7D,0xEF,0x7D,0xEF,
  0x7D,0xEF,0x7D,0xEF,0x7D,0xEF,0x7D,0xEF,0x7D,0xEF,0x7D,0xEF,0x7D,0xEF,0x7D,0xEF,0x7D,0xEF,0x7D,0xEF,0x7D,0xEF,0x7D,0xEF,
  0x7D,0xEF,0x7D,0xEF,0x7D,0xEF,0x7D,0xEF,0x7D,0xEF,0x7D,0xEF,0x7D,0xEF,0x7D,0xEF,0x7D,0xEF,0x7D,0xEF,0x7D,0xEF,0x7D,0xEF,
  0x7D,0xEF,0x7D,0xEF,0x7D,0xEF,0x7D,0xEF,0x7D,0xEF,0x7D,0xEF,0x7D,0xEF,0x7D,0xEF,0x7D,0xEF,0x7D,0xEF,0x7D,0xEF,0x7D,0xEF,
  0x7D,0xEF,0x7D,0xEF,0x7D,0xEF,0x7D,0xEF,0x7D,0xEF,0x7D,0xEF,0x7D,0xEF,0x7D,0xEF,0x7D,0xEF,0x7D,0xEF,0x7D,0xEF,0x7D,0xEF,
  0x7D,0xEF,0x7D,0xEF,0x7D,0xEF,0x7D,0xEF,0x7D,0xEF,0x7D,0xEF,0x7D,0xEF,0x7D,0xEF,0x7D,0xEF,0x7D,0xEF,0x7D,0xEF,0x7D,0xEF,
  0x7D,0xEF,0x7D,0xEF,0x7D,0xEF,0x7D,0xEF,0x7D,0xEF,0x7D,0xEF,0x7D,0xEF,0x7D,0xEF,0x7D,0xEF,0x7D,0xEF,0x7D,0xEF,0x7D,0xEF,
  0x7D,0xEF,0x7D,0xEF,0x7D,0xEF,0x7D,0xEF,0x7D,0xEF,0x7D,0xEF,0x7D,0xEF,0x7D,0xEF,0x7D,0xEF,0x7D,0xEF,0x7D,0xEF,0x7D,0xEF,
  0x7D,0xEF,0x7D,0xEF,0x7D,0xEF,0x7D,0xEF,0x7D,0xEF,0x7D,0xEF,0x7D,0xEF,0x7D,0xEF,0x7D,0xEF,0x7D,0xEF,0x7D,0xEF,0x7D,0xEF,
  0x7D,0xEF,0x7D,0xEF,0x7D,0xEF,0x7D,0xEF,0x7D,0xEF,0x7D,0xEF,0x7D,0xEF,0x7D,0xEF,0x7D,0xEF,0x7D,0xEF,0x7D,0xEF,0x7D,0xEF,
  0x7D,0xEF,0x7D,0xEF,0x7D,0xEF,0x7D,0xEF,0x7D,0xEF,0x7D,0xEF,0x7D,0xEF,0x7D,0xEF,0x7D,0xEF,0x7D,0xEF,0x7D,0xEF,0x7D,0xEF,
  0x7D,0xEF,0x7D,0xEF,0x7D,0xEF,0x7D,0xEF,0x7D,0xEF,0x7D,0xEF,0x7D,0xEF,0x7D,0xEF,0x7D,0xEF,0x7D,0xEF,0x7D,0xEF,0x7D,0xEF,
  0x7D,0xEF,0x7D,0xEF,0x7D,0xEF,0x7D,0xEF,0x7D,0xEF,0x7D,0xEF,0x7D,0xEF,0x7D,0xEF,0x7D,0xEF,0x7D,0xEF,0x7D,0xEF,0x7D,0xEF,
  0x7D,0xEF,0x7D,0xEF,0x7D,0xF7,0x9D,0xF7,0x7D,0xEF,0x9D,0xEF,0x9D,0xEF,0x7D,0xEF,0x9D,0xF7,0x5D,0xEF,0x7D,0xF7,0xBE,0xFF,
  0xDE,0xFF,0xBF,0xFF,0x3E,0xE7,0x1B,0xBE,0xD9,0x94,0x75,0x6B,0x32,0x42,0x91,0x29,0x72,0x29,0xD2,0x39,0x93,0x52,0x55,0x6B,
  0x58,0x8C,0x19,0xA5,0xFB,0xBD,0xBC,0xD6,0x1D,0xE7,0x5D,0xEF,0x7D,0xF7,0x9D,0xEF,0xBE,0xF7,0x7E,0xF7,0xBE,0xF7,0xDE,0xF7,
  0xBE,0xF7,0xBE,0xF7,0xBD,0xF7,0xBD,0xF7,0x9D,0xEF,0x9D,0xF7,0x9D,0xEF,0x3D,0xE7,0xBC,0xD6,0x3B,0xC6,0x9A,0xAD,0xD9,0x9C,
  0xD6,0x7B,0xD3,0x5A,0x53,0x42,0xB2,0x31,0x50,0x21,0xF2,0x39,0x15,0x5B,0x37,0x84,0x9A,0xAD,0xFD,0xDE,0xBD,0xF7,0xDD,0xFF,
  0xDF,0xFF,0x9E,0xF7,0x5D,0xEF,0x5D,0xEF,0x9E,0xF7,0x7D,0xEF,0x7D,0xEF,0x9D,0xF7,0x9D,0xF7,0x7D,0xEF,0x7D,0xEF,0x7D,0xEF,
  0x9D,0xF7,0x7D,0xEF,0x7D,0xEF,0x7D,0xEF,0x7D,0xEF,0x7D,0xEF,0x7D,0xEF,0x7D,0xEF,0x7D,0xEF,0x7D,0xEF,0x7D,0xEF,0x7D,0xEF,
  0x7D,0xEF,0x7D,0xEF,0x7D,0xEF,0x7D,0xEF,0x7D,0xEF,0x7D,0xEF,0x7D,0xEF,0x7D,0xEF,0x7D,0xEF,0x7D,0xEF,0x7D,0xEF,0x7D,0xEF,
  0x7D,0xEF,0x7D,0xEF,0x7D,0xEF,0x7D,0xEF,0x7D,0xEF,0x7D,0xEF,0x7D,0xEF,0x7D,0xEF,0x7D,0xEF,0x7D,0xEF,0x7D,0xEF,0x7D,0xEF,
  0x7D,0xEF,0x7D,0xEF,0x7D,0xEF,0x7D,0xEF,0x7D,0xEF,0x7D,0xEF,0x7D,0xEF,0x7D,0xEF,0x7D,0xEF,0x7D,0xEF,0x7D,0xEF,0x7D,0xEF,
  0x7D,0xEF,0x7D,0xEF,0x7D,0xEF,0x7D,0xEF,0x7D,0xEF,0x7D,0xEF,0x7D,0xEF,0x7D,0xEF,0x7D,0xEF,0x7D,0xEF,0x7D,0xEF,0x7D,0xEF,
  0x7D,0xEF,0x7D,0xEF,0x7D,0xEF,0x7D,0xEF,0x7D,0xEF,0x7D,0xEF,0x7D,0xEF,0x7D,0xEF,0x7D,0xEF,0x7D,0xEF,0x7D,0xEF,0x7D,0xEF,
  0x7D,0xEF,0x7D,0xEF,0x7D,0xEF,0x7D,0xEF,0x7D,0xEF,0x7D,0xEF,0x7D,0xEF,0x7D,0xEF,0x7D,0xEF,0x7D,0xEF,0x7D,0xEF,0x7D,0xEF,
  0x7D,0xEF,0x7D,0xEF,0x7D,0xEF,0x7D,0xEF,0x7D,0xEF,0x7D,0xEF,0x7D,0xEF,0x7D,0xEF,0x7D,0xEF,0x7D,0xEF,0x7D,0xEF,0x7D,0xEF,
  0x7D,0xEF,0x7D,0xEF,0x7D,0xEF,0x7D,0xEF,0x7D,0xEF,0x7D,0xEF,0x7D,0xEF,0x7D,0xEF,0x7D,0xEF,0x7D,0xEF,0x7D,0xEF,0x7D,0xEF,
  0x7D,0xEF,0x7D,0xEF,0x7D,0xEF,0x7D,0xEF,0x7D,0xEF,0x7D,0xEF,0x7D,0xEF,0x7D,0xEF,0x7D,0xEF,0x7D,0xEF,0x7D,0xEF,0x7D,0xEF,
  0x7D,0xEF,0x7D,0xEF,0x7D,0xEF,0x7D,0xEF,0x7D,0xEF,0x7D,0xEF,0x7D,0xEF,0x7D,0xEF,0x7D,0xEF,0x7D,0xEF,0x7D,0xEF,0x7D,0xEF,
  0x7D,0xEF,0x7D,0xEF,0x7D,0xEF,0x7D,0xEF,0x7D,0xEF,0x7D,0xEF,0x7D,0xEF,0x7D,0xEF,0x7D,0xEF,0x7D,0xEF,0x7D,0xEF,0x7D,0xEF,
  0x7D,0xEF,0x7D,0xEF,0x7D,0xEF,0x7D,0xEF,0x7D,0xEF,0x7D,0xEF,0x7D,0xEF,0x7D,0xEF,0x7D,0xEF,0x7D,0xEF,0x7D,0xEF,0x7D,0xEF,
  0x7D,0xEF,0x7D,0xEF,0x7D,0xEF,0x7D,0xEF,0x7D,0xEF,0x7D,0xEF,0x7D,0xEF,0x7D,0xEF,0x7D,0xEF,0x7D,0xEF,0x7D,0xEF,0x9E,0xF7,
  0x9E,0xF7,0x7D,0xEF,0x7E,0xEF,0x7E,0xEF,0x9E,0xF7,0x7D,0xEF,0x7D,0xEF,0x7D,0xEF,0x9D,0xF7,0xFF,0xFF,0x9E,0xF7,0xBC,0xD6,
  0x3A,0xA5,0x75,0x6B,0xF1,0x39,0x91,0x31,0xB2,0x31,0x74,0x4A,0xF7,0x7B,0x7A,0xAD,0x7C,0xCE,0x1D,0xE7,0x9E,0xF7,0xFF,0xFF,
  0xFF,0xFF,0xDF,0xFF,0xDE,0xFF,0x9E,0xF7,0x9D,0xF7,0x9E,0xF7,0x9E,0xF7,0x7D,0xEF,0x7D,0xEF,0x9E,0xF7,0x7E,0xF7,0x5D,0xF7,
  0x7E,0xEF,0x7D,0xEF,0x9D,0xEF,0x9D,0xEF,0x7D,0xEF,0x9E,0xF7,0x9D,0xF7,0x9D,0xF7,0xBD,0xF7,0xDD,0xF7,0xBE,0xF7,0xFF,0xFF,
  0xFF,0xFF,0xBE,0xF7,0x3D,0xE7,0xBD,0xD6,0xFB,0xBD,0x98,0x94,0xF5,0x5A,0xF3,0x39,0x52,0x29,0x91,0x31,0xD4,0x5A,0x78,0x8C,
  0xFB,0xC5,0x3E,0xEF,0xFE,0xFF,0xDD,0xFF,0x7D,0xF7,0x7E,0xF7,0x5D,0xEF,0x7D,0xEF,0x9E,0xF7,0x7E,0xEF,0x7D,0xEF,0x7D,0xEF,
  0x7D,0xEF,0x7D,0xEF,0x7D,0xEF,0x7D,0xEF,0x7D,0xEF,0x7D,0xEF,0x7D,0xEF,0x7D,0xEF,0x7D,0xEF,0x7D,0xEF,0x7D,0xEF,0x7D,0xEF,
  0x7D,0xEF,0x7D,0xEF,0x7D,0xEF,0x7D,0xEF,0x7D,0xEF,0x7D,0xEF,0x7D,0xEF,0x7D,0xEF,0x7D,0xEF,0x7D,0xEF,0x7D,0xEF,0x7D,0xEF,
  0x7D,0xEF,0x7D,0xEF,0x7D,0xEF,0x7D,0xEF,0x7D,0xEF,0x7D,0xEF,0x7D,0xEF,0x7D,0xEF,0x7D,0xEF,0x7D,0xEF,0x7D,0xEF,0x7D,0xEF,
  0x7D,0xEF,0x7D,0xEF,0x7D,0xEF,0x7D,0xEF,0x7D,0xEF,0x7D,0xEF,0x7D,0xEF,0x7D,0xEF,0x7D,0xEF,0x7D,0xEF,0x7D,0xEF,0x7D,0xEF,
  0x7D,0xEF,0x7D,0xEF,0x7D,0xEF,0x7D,0xEF,0x7D,0xEF,0x7D,0xEF,0x7D,0xEF,0x7D,0xEF,0x7D,0xEF,0x7D,0xEF,0x7D,0xEF,0x7D,0xEF,
  0x7D,0xEF,0x7D,0xEF,0x7D,0xEF,0x7D,0xEF,0x7D,0xEF,0x7D,0xEF,0x7D,0xEF,0x7D,0xEF,0x7D,0xEF,0x7D,0xEF,0x7D,0xEF,0x7D,0xEF,
  0x7D,0xEF,0x7D,0xEF,0x7D,0xEF,0x7D,0xEF,0x7D,0xEF,0x7D,0xEF,0x7D,0xEF,0x7D,0xEF,0x7D,0xEF,0x7D,0xEF,0x7D,0xEF,0x7D,0xEF,
  0x7D,0xEF,0x7D,0xEF,0x7D,0xEF,0x7D,0xEF,0x7D,0xEF,0x7D,0xEF,0x7D,0xEF,0x7D,0xEF,0x7D,0xEF,0x7D,0xEF,0x7D,0xEF,0x7D,0xEF,
  0x7D,0xEF,0x7D,0xEF,0x7D,0xEF,0x7D,0xEF,0x7D,0xEF,0x7D,0xEF,0x7D,0xEF,0x7D,0xEF,0x7D,0xEF,0x7D,0xEF,0x7D,0xEF,0x7D,0xEF,
  0x7D,0xEF,0x7D,0xEF,0x7D,0xEF,0x7D,0xEF,0x7D,0xEF,0x7D,0xEF,0x7D,0xEF,0x7D,0xEF,0x7D,0xEF,0x7D,0xEF,0x7D,0xEF,0x7D,0xEF,
  0x7D,0xEF,0x7D,0xEF,0x7D,0xEF,0x7D,0xEF,0x7D,0xEF,0x7D,0xEF,0x7D,0xEF,0x7D,0xEF,0x7D,0xEF,0x7D,0xEF,0x7D,0xEF,0x7D,0xEF,
  0x7D,0xEF,0x7D,0xEF,0x7D,0xEF,0x7D,0xEF,0x7D,0xEF,0x7D,0xEF,0x7D,0xEF,0x7D,0xEF,0x7D,0xEF,0x7D,0xEF,0x7D,0xEF,0x7D,0xEF,
  0x7D,0xEF,0x7D,0xEF,0x7D,0xEF,0x7D,0xEF,0x7D,0xEF,0x7D,0xEF,0x7D,0xEF,0x7D,0xEF,0x7D,0xEF,0x7D,0xEF,0x7D,0xEF,0x7D,0xEF,
  0x7D,0xEF,0x7D,0xEF,0x7D,0xEF,0x7D,0xEF,0x7D,0xEF,0x7D,0xEF,0x7D,0xEF,0x7D,0xEF,0x7D,0xEF,0x7D,0xEF,0x9E,0xF7,0x9E,0xF7,
  0x9E,0xF7,0x7D,0xEF,0x9E,0xEF,0x7D,0xEF,0x7D,0xEF,0xBE,0xF7,0xFF,0xFF,0x9E,0xF7,0xBC,0xD6,0xB8,0x94,0xD5,0x52,0x72,0x29,
  0x92,0x29,0x94,0x52,0x37,0x84,0xBA,0xB5,0xDC,0xDE,0xDE,0xF7,0xDE,0xFF,0xDE,0xFF,0xBD,0xF7,0xBE,0xF7,0x9E,0xF7,0x5D,0xEF,
  0x5D,0xEF,0x7E,0xEF,0x9E,0xF7,0x5D,0xEF,0x9E,0xEF,0x9E,0xEF,0x7D,0xEF,0x7D,0xEF,0xDE,0xF7,0x7D,0xEF,0x7D,0xEF,0x9E,0xF7,
  0x7E,0xF7,0x7E,0xEF,0x7E,0xEF,0x7D,0xF7,0x7D,0xEF,0x7D,0xEF,0x7D,0xEF,0x7D,0xEF,0x7D,0xEF,0x7D,0xEF,0x7D,0xEF,0x5D,0xEF,
  0x5D,0xEF,0x7E,0xEF,0x9E,0xF7,0xBE,0xFF,0xDE,0xFF,0xBE,0xFF,0xDE,0xFF,0x5D,0xEF,0x7C,0xCE,0xF9,0x9C,0x15,0x5B,0xB1,0x31,
  0x51,0x29,0x13,0x42,0x97,0x73,0xDB,0xBD,0x7E,0xEF,0xDE,0xF7,0xFE,0xFF,0x9E,0xEF,0x9E,0xEF,0x9E,0xEF,0x9E,0xF7,0x9E,0xF7,
  0x7D,0xEF,0x7D,0xEF,0x9E,0xF7,0x7D,0xEF,0x7D,0xEF,0x7D,0xEF,0x7D,0xEF,0x7D,0xEF,0x7D,0xEF,0x7D,0xEF,0x7D,0xEF,0x7D,0xEF,
  0x7D,0xEF,0x7D,0xEF,0x7D,0xEF,0x7D,0xEF,0x7D,0xEF,0x7D,0xEF,0x7D,0xEF,0x7D,0xEF,0x7D,0xEF,0x7D,0xEF,0x7D,0xEF,0x7D,0xEF,
  0x7D,0xEF,0x7D,0xEF,0x7D,0xEF,0x7D,0xEF,0x7D,0xEF,0x7D,0xEF,0x7D,0xEF,0x7D,0xEF,0x7D,0xEF,0x7D,0xEF,0x7D,0xEF,0x7D,0xEF,
  0x7D,0xEF,0x7D,0xEF,0x7D,0xEF,0x7D,0xEF,0x7D,0xEF,0x7D,0xEF,0x7D,0xEF,0x7D,0xEF,0x7D,0xEF,0x7D,0xEF,0x7D,0xEF,0x7D,0xEF,
  0x7D,0xEF,0x7D,0xEF,0x7D,0xEF,0x7D,0xEF,0x7D,0xEF,0x7D,0xEF,0x7D,0xEF,0x7D,0xEF,0x7D,0xEF,0x7D,0xEF,0x7D,0xEF,0x7D,0xEF,
  0x7D,0xEF,0x7D,0xEF,0x7D,0xEF,0x7D,0xEF,0x7D,0xEF,0x7D,0xEF,0x7D,0xEF,0x7D,0xEF,0x7D,0xEF,0x7D,0xEF,0x7D,0xEF,0x7D,0xEF,
  0x7D,0xEF,0x7D,0xEF,0x7D,0xEF,0x7D,0xEF,0x7D,0xEF,0x7D,0xEF,0x7D,0xEF,0x7D,0xEF,0x7D,0xEF,0x7D,0xEF,0x7D,0xEF,0x7D,0xEF,
  0x7D,0xEF,0x7D,0xEF,0x7D,0xEF,0x7D,0xEF,0x7D,0xEF,0x7D,0xEF,0x7D,0xEF,0x7D,0xEF,0x7D,0xEF,0x7D,0xEF,0x7D,0xEF,0x7D,0xEF,
  0x7D,0xEF,0x7D,0xEF,0x7D,0xEF,0x7D,0xEF,0x7D,0xEF,0x7D,0xEF,0x7D,0xEF,0x7D,0xEF,0x7D,0xEF,0x7D,0xEF,0x7D,0xEF,0x7D,0xEF,
  0x7D,0xEF,0x7D,0xEF,0x7D,0xEF,0x7D,0xEF,0x7D,0xEF,0x7D,0xEF,0x7D,0xEF,0x7D,0xEF,0x7D,0xEF,0x7D,0xEF,0x7D,0xEF,0x7D,0xEF,
  0x7D,0xEF,0x7D,0xEF,0x7D,0xEF,0x7D,0xEF,0x7D,0xEF,0x7D,0xEF,0x7D,0xEF,0x7D,0xEF,0x7D,0xEF,0x7D,0xEF,0x7D,0xEF,0x7D,0xEF,
  0x7D,0xEF,0x7D,0xEF,0x7D,0xEF,0x7D,0xEF,0x7D,0xEF,0x7D,0xEF,0x7D,0xEF,0x7D,0xEF,0x7D,0xEF,0x7D,0xEF,0x7D,0xEF,0x7D,0xEF,
  0x7D,0xEF,0x7D,0xEF,0x7D,0xEF,0x7D,0xEF,0x7D,0xEF,0x7D,0xEF,0x7D,0xEF,0x7D,0xEF,0x7D,0xEF,0x7D,0xEF,0x7D,0xEF,0x7D,0xEF,
  0x7D,0xEF,0x7D,0xEF,0x7D,0xEF,0x7D,0xEF,0x7D,0xEF,0x7D,0xEF,0x7D,0xEF,0x7D,0xEF,0x7D,0xEF,0x7D,0xEF,0x9E,0xF7,0x9E,0xF7,
  0x9E,0xF7,0x7D,0xEF,0x7D,0xEF,0xDE,0xF7,0xDF,0xF7,0xDD,0xDE,0x19,0xA5,0xD4,0x5A,0x71,0x31,0x70,0x29,0x14,0x5B,0x19,0x9D,
  0xBC,0xD6,0x7E,0xEF,0xFF,0xFF,0xDE,0xFF,0xBE,0xF7,0x7D,0xEF,0x7E,0xEF,0x7D,0xEF,0x9D,0xEF,0x9D,0xEF,0x7D,0xEF,0x7D,0xEF,
  0x9E,0xF7,0x7D,0xEF,0x7D,0xEF,0x9E,0xEF,0x9E,0xEF,0x7D,0xEF,0x9D,0xF7,0xBD,0xF7,0xB7,0xED,0xD5,0xE4,0x3D,0xFF,0x9D,0xEF,
  0x7D,0xEF,0x7E,0xF7,0x7E,0xEF,0x9D,0xEF,0x7D,0xEF,0x7D,0xEF,0x7D,0xEF,0x7D,0xEF,0x7D,0xEF,0x7D,0xEF,0x7D,0xEF,0x7D,0xEF,
  0x9D,0xF7,0x7D,0xEF,0x9D,0xEF,0x7D,0xEF,0x7E,0xEF,0x7E,0xF7,0x7E,0xF7,0x7D,0xF7,0xBE,0xFF,0xFF,0xFF,0xBF,0xFF,0x1D,0xE7,
  0xBA,0xB5,0xF6,0x7B,0x12,0x42,0x51,0x29,0xF3,0x39,0x17,0x84,0x5B,0xC6,0xBE,0xEF,0xDE,0xF7,0x9D,0xF7,0x5D,0xEF,0x5D,0xEF,
  0x9E,0xF7,0x7D,0xEF,0x9E,0xF7,0x7D,0xEF,0x7D,0xEF,0x7D,0xEF,0x7D,0xEF,0x7D,0xEF,0x7D,0xEF,0x7D,0xEF,0x7D,0xEF,0x7D,0xEF,
  0x7D,0xEF,0x7D,0xEF,0x7D,0xEF,0x7D,0xEF,0x7D,0xEF,0x7D,0xEF,0x7D,0xEF,0x7D,0xEF,0x7D,0xEF,0x7D,0xEF,0x7D,0xEF,0x7D,0xEF,
  0x7D,0xEF,0x7D,0xEF,0x7D,0xEF,0x7D,0xEF,0x7D,0xEF,0x7D,0xEF,0x7D,0xEF,0x7D,0xEF,0x7D,0xEF,0x7D,0xEF,0x7D,0xEF,0x7D,0xEF,
  0x7D,0xEF,0x7D,0xEF,0x7D,0xEF,0x7D,0xEF,0x7D,0xEF,0x7D,0xEF,0x7D,0xEF,0x7D,0xEF,0x7D,0xEF,0x7D,0xEF,0x7D,0xEF,0x7D,0xEF,
  0x7D,0xEF,0x7D,0xEF,0x7D,0xEF,0x7D,0xEF,0x7D,0xEF,0x7D,0xEF,0x7D,0xEF,0x7D,0xEF,0x7D,0xEF,0x7D,0xEF,0x7D,0xEF,0x7D,0xEF,
  0x7D,0xEF,0x7D,0xEF,0x7D,0xEF,0x7D,0xEF,0x7D,0xEF,0x7D,0xEF,0x7D,0xEF,0x7D,0xEF,0x7D,0xEF,0x7D,0xEF,0x7D,0xEF,0x7D,0xEF,
  0x7D,0xEF,0x7D,0xEF,0x7D,0xEF,0x7D,0xEF,0x7D,0xEF,0x7D,0xEF,0x7D,0xEF,0x7D,0xEF,0x7D,0xEF,0x7D,0xEF,0x7D,0xEF,0x7D,0xEF,
  0x7D,0xEF,0x7D,0xEF,0x7D,0xEF,0x7D,0xEF,0x7D,0xEF,0x7D,0xEF,0x7D,0xEF,0x7D,0xEF,0x7D,0xEF,0x7D,0xEF,0x7D,0xEF,0x7D,0xEF,
  0x7D,0xEF,0x7D,0xEF,0x7D,0xEF,0x7D,0xEF,0x7D,0xEF,0x7D,0xEF,0x7D,0xEF,0x7D,0xEF,0x7D,0xEF,0x7D,0xEF,0x7D,0xEF,0x7D,0xEF,
  0x7D,0xEF,0x7D,0xEF,0x7D,0xEF,0x7D,0xEF,0x7D,0xEF,0x7D,0xEF,0x7D,0xEF,0x7D,0xEF,0x7D,0xEF,0x7D,0xEF,0x7D,0xEF,0x7D,0xEF,
  0x7D,0xEF,0x7D,0xEF,0x7D,0xEF,0x7D,0xEF,0x7D,0xEF,0x7D,0xEF,0x7D,0xEF,0x7D,0xEF,0x7D,0xEF,0x7D,0xEF,0x7D,0xEF,0x7D,0xEF,
  0x7D,0xEF,0x7D,0xEF,0x7D,0xEF,0x7D,0xEF,0x7D,0xEF,0x7D,0xEF,0x7D,0xEF,0x7D,0xEF,0x7D,0xEF,0x7D,0xEF,0x7D,0xEF,0x7D,0xEF,
  0x7D,0xEF,0x7D,0xEF,0x7D,0xEF,0x7D,0xEF,0x7D,0xEF,0x7D,0xEF,0x7D,0xEF,0x7D,0xEF,0x7D,0xEF,0x7D,0xEF,0x7D,0xEF,0x7D,0xEF,
  0x7D,0xEF,0x7D,0xEF,0x7D,0xEF,0x7D,0xEF,0x7D,0xEF,0x7E,0xEF,0x7D,0xEF,0x7D,0xEF,0x7D,0xEF,0x7D,0xEF,0x7D,0xEF,0x7D,0xEF,
  0x7D,0xEF,0xDE,0xFF,0xBE,0xF7,0x1A,0xBE,0xB6,0x73,0x91,0x31,0x70,0x29,0xF4,0x5A,0x19,0x9D,0xDD,0xDE,0xBF,0xF7,0xDE,0xFF,
  0x9D,0xF7,0x9E,0xEF,0x7D,0xEF,0x7D,0xEF,0x9E,0xF7,0x9D,0xF7,0x9D,0xEF,0x9D,0xEF,0x9E,0xEF,0x9E,0xEF,0x7E,0xF7,0x7E,0xEF,
  0x7D,0xEF,0x7D,0xEF,0x7D,0xEF,0x9E,0xEF,0x7D,0xEF,0x7E,0xF7,0x9E,0xFF,0x72,0xF4,0xE8,0xC1,0xF8,0xF5,0xBE,0xF7,0x5D,0xEF,
  0x7E,0xF7,0x9D,0xEF,0x7D,0xEF,0x7E,0xF7,0x9E,0xEF,0x7D,0xEF,0x7D,0xEF,0x7D,0xEF,0x7E,0xEF,0x9E,0xF7,0x7E,0xEF,0x7E,0xEF,
  0x9E,0xF7,0x7E,0xF7,0x7D,0xEF,0x9E,0xF7,0x9E,0xF7,0x7D,0xEF,0x7D,0xEF,0x7D,0xEF,0x7D,0xEF,0x5C,0xEF,0x9D,0xEF,0xBD,0xF7,
  0xDE,0xF7,0xDE,0xF7,0x7D,0xEF,0xDA,0xB5,0xD7,0x7B,0xB2,0x39,0x71,0x29,0xB3,0x52,0x18,0x9D,0xFC,0xDE,0xFF,0xFF,0x9E,0xF7,
  0x7E,0xEF,0x7E,0xEF,0x7E,0xEF,0x7D,0xEF,0x7D,0xEF,0x7D,0xEF,0x7D,0xEF,0x7D,0xEF,0x7D,0xEF,0x7D,0xEF,0x7D,0xEF,0x7D,0xEF,
  0x7D,0xEF,0x7D,0xEF,0x7D,0xEF,0x7D,0xEF,0x7D,0xEF,0x7D,0xEF,0x7D,0xEF,0x7D,0xEF,0x7D,0xEF,0x7D,0xEF,0x7D,0xEF,0x7D,0xEF,
  0x7D,0xEF,0x7D,0xEF,0x7D,0xEF,0x7D,0xEF,0x7D,0xEF,0x7D,0xEF,0x7D,0xEF,0x7D,0xEF,0x7D,0xEF,0x7D,0xEF,0x7D,0xEF,0x7D,0xEF,
  0x7D,0xEF,0x7D,0xEF,0x7D,0xEF,0x7D,0xEF,0x7D,0xEF,0x7D,0xEF,0x7D,0xEF,0x7D,0xEF,0x7D,0xEF,0x7D,0xEF,0x7D,0xEF,0x7D,0xEF,
  0x7D,0xEF,0x7D,0xEF,0x7D,0xEF,0x7D,0xEF,0x7D,0xEF,0x7D,0xEF,0x7D,0xEF,0x7D,0xEF,0x7D,0xEF,0x7D,0xEF,0x7D,0xEF,0x7D,0xEF,
  0x7D,0xEF,0x7D,0xEF,0x7D,0xEF,0x7D,0xEF,0x7D,0xEF,0x7D,0xEF,0x7D,0xEF,0x7D,0xEF,0x7D,0xEF,0x7D,0xEF,0x7D,0xEF,0x7D,0xEF,
  0x7D,0xEF,0x7D,0xEF,0x7D,0xEF,0x7D,0xEF,0x7D,0xEF,0x7D,0xEF,0x7D,0xEF,0x7D,0xEF,0x7D,0xEF,0x7D,0xEF,0x7D,0xEF,0x7D,0xEF,
  0x7D,0xEF,0x7D,0xEF,0x7D,0xEF,0x7D,0xEF,0x7D,0xEF,0x7D,0xEF,0x7D,0xEF,0x7D,0xEF,0x7D,0xEF,0x7D,0xEF,0x7D,0xEF,0x7D,0xEF,
  0x7D,0xEF,0x7D,0xEF,0x7D,0xEF,0x7D,0xEF,0x7D,0xEF,0x7D,0xEF,0x7D,0xEF,0x7D,0xEF,0x7D,0xEF,0x7D,0xEF,0x7D,0xEF,0x7D,0xEF,
  0x7D,0xEF,0x7D,0xEF,0x7D,0xEF,0x7D,0xEF,0x7D,0xEF,0x7D,0xEF,0x7D,0xEF,0x7D,0xEF,0x7D,0xEF,0x7D,0xEF,0x7D,0xEF,0x7D,0xEF,
  0x7D,0xEF,0x7D,0xEF,0x7D,0xEF,0x7D,0xEF,0x7D,0xEF,0x7D,0xEF,0x7D,0xEF,0x7D,0xEF,0x7D,0xEF,0x7D,0xEF,0x7D,0xEF,0x7D,0xEF,
  0x7D,0xEF,0x7D,0xEF,0x7D,0xEF,0x7D,0xEF,0x7D,0xEF,0x7D,0xEF,0x7D,0xEF,0x7D,0xEF,0x7D,0xEF,0x7D,0xEF,0x7D,0xEF,0x7D,0xEF,
  0x7D,0xEF,0x7D,0xEF,0x7D,0xEF,0x7D,0xEF,0x7D,0xEF,0x7D,0xEF,0x7D,0xEF,0x7D,0xEF,0x7D,0xEF,0x7D,0xEF,0x7D,0xEF,0x7D,0xEF,
  0x7D,0xEF,0x7D,0xEF,0x7D,0xEF,0x7D,0xEF,0x9E,0xF7,0x9D,0xF7,0x7D,0xEF,0x9E,0xEF,0x7E,0xEF,0x5E,0xEF,0x9D,0xF7,0xDE,0xFF,
  0x7E,0xEF,0x39,0xA5,0x94,0x52,0x71,0x29,0xF1,0x41,0x57,0x8C,0x9D,0xD6,0xBF,0xF7,0xDE,0xFF,0xDE,0xFF,0x7D,0xEF,0x7D,0xEF,
  0x9D,0xEF,0x7D,0xEF,0x9D,0xEF,0x9D,0xEF,0x9D,0xEF,0x9D,0xF7,0x7D,0xEF,0x7D,0xF7,0x7E,0xF7,0x7E,0xF7,0x7E,0xF7,0x7E,0xF7,
  0x7E,0xF7,0x9E,0xEF,0x7D,0xEF,0x7D,0xEF,0x7D,0xEF,0xBF,0xF7,0x75,0xED,0xC5,0xC8,0x8F,0xEB,0xFE,0xFF,0x7D,0xE7,0x7E,0xF7,
  0x7E,0xF7,0x9D,0xEF,0x9E,0xEF,0x7E,0xF7,0x7D,0xEF,0x7D,0xEF,0x7D,0xEF,0x7D,0xEF,0x7D,0xEF,0x7E,0xEF,0x9E,0xF7,0x9E,0xF7,
  0x9E,0xF7,0x7E,0xEF,0x7D,0xEF,0x7D,0xEF,0x7D,0xF7,0x7E,0xF7,0x7E,0xF7,0x7E,0xEF,0x7D,0xEF,0x7D,0xEF,0x9E,0xEF,0x7D,0xEF,
  0x7C,0xEF,0x7D,0xEF,0x9F,0xF7,0xDF,0xFF,0xDE,0xF7,0x3D,0xE7,0x5A,0xAD,0xD4,0x5A,0x50,0x29,0xF2,0x41,0x17,0x84,0x9D,0xD6,
  0xDF,0xF7,0xBD,0xF7,0x7D,0xEF,0x5D,0xEF,0x7E,0xEF,0x9E,0xF7,0x7E,0xF7,0x7E,0xEF,0x9E,0xF7,0x9E,0xF7,0x7D,0xEF,0x9E,0xF7,
  0x9E,0xF7,0x7D,0xEF,0x7D,0xEF,0x7D,0xEF,0x7D,0xEF,0x7D,0xEF,0x7D,0xEF,0x7D,0xEF,0x7D,0xEF,0x7D,0xEF,0x7D,0xEF,0x7D,0xEF,
  0x7D,0xEF,0x7D,0xEF,0x7D,0xEF,0x7D,0xEF,0x7D,0xEF,0x7D,0xEF,0x7D,0xEF,0x7D,0xEF,0x7D,0xEF,0x7D,0xEF,0x7D,0xEF,0x7D,0xEF,
  0x7D,0xEF,0x7D,0xEF,0x7D,0xEF,0x7D,0xEF,0x7D,0xEF,0x7D,0xEF,0x7D,0xEF,0x7D,0xEF,0x7D,0xEF,0x7D,0xEF,0x7D,0xEF,0x7D,0xEF,
  0x7D,0xEF,0x7D,0xEF,0x7D,0xEF,0x7D,0xEF,0x7D,0xEF,0x7D,0xEF,0x7D,0xEF,0x7D,0xEF,0x7D,0xEF,0x7D,0xEF,0x7D,0xEF,0x7D,0xEF,
  0x7D,0xEF,0x7D,0xEF,0x7D,0xEF,0x7D,0xEF,0x7D,0xEF,0x7D,0xEF,0x7D,0xEF,0x7D,0xEF,0x7D,0xEF,0x7D,0xEF,0x7D,0xEF,0x7D,0xEF,
  0x7D,0xEF,0x7D,0xEF,0x7D,0xEF,0x7D,0xEF,0x7D,0xEF,0x7D,0xEF,0x7D,0xEF,0x7D,0xEF,0x7D,0xEF,0x7D,0xEF,0x7D,0xEF,0x7D,0xEF,
  0x7D,0xEF,0x7D,0xEF,0x7D,0xEF,0x7D,0xEF,0x7D,0xEF,0x7D,0xEF,0x7D,0xEF,0x7D,0xEF,0x7D,0xEF,0x7D,0xEF,0x7D,0xEF,0x7D,0xEF,
  0x7D,0xEF,0x7D,0xEF,0x7D,0xEF,0x7D,0xEF,0x7D,0xEF,0x7D,0xEF,0x7D,0xEF,0x7D,0xEF,0x7D,0xEF,0x7D,0xEF,0x7D,0xEF,0x7D,0xEF,
  0x7D,0xEF,0x7D,0xEF,0x7D,0xEF,0x7D,0xEF,0x7D,0xEF,0x7D,0xEF,0x7D,0xEF,0x7D,0xEF,0x7D,0xEF,0x7D,0xEF,0x7D,0xEF,0x7D,0xEF,
  0x7D,0xEF,0x7D,0xEF,0x7D,0xEF,0x7D,0xEF,0x7D,0xEF,0x7D,0xEF,0x7D,0xEF,0x7D,0xEF,0x7D,0xEF,0x7D,0xEF,0x7D,0xEF,0x7D,0xEF,
  0x7D,0xEF,0x7D,0xEF,0x7D,0xEF,0x7D,0xEF,0x7D,0xEF,0x7D,0xEF,0x7D,0xEF,0x7D,0xEF,0x7D,0xEF,0x7D,0xEF,0x7D,0xEF,0x7D,0xEF,
  0x7D,0xEF,0x7D,0xEF,0x7D,0xEF,0x7D,0xEF,0x7D,0xEF,0x7D,0xEF,0x7D,0xEF,0x7D,0xEF,0x7D,0xEF,0x7D,0xEF,0x7D,0xEF,0x7D,0xEF,
  0x7D,0xEF,0x7D,0xEF,0x7D,0xEF,0x7D,0xEF,0x7D,0xEF,0x7C,0xEF,0xBE,0xF7,0x5D,0xEF,0x9D,0xF7,0xFE,0xFF,0x5E,0xEF,0xD8,0x9C,
  0x11,0x3A,0x51,0x21,0xD3,0x5A,0x9A,0xAD,0x7F,0xEF,0xFE,0xFF,0xBD,0xF7,0x7D,0xEF,0x7D,0xEF,0x7E,0xEF,0x7D,0xEF,0x9D,0xEF,
  0x7D,0xEF,0x7D,0xF7,0x7D,0xEF,0x7D,0xEF,0x7D,0xEF,0x7D,0xEF,0x7D,0xEF,0x7D,0xEF,0x7D,0xEF,0x7D,0xEF,0x7D,0xEF,0x7E,0xF7,
  0x7E,0xF7,0x9E,0xEF,0x7D,0xF7,0x7D,0xF7,0x7E,0xEF,0x7E,0xFF,0x6E,0xEB,0x83,0xD0,0x0C,0xE3,0x1B,0xFF,0x9E,0xF7,0x7E,0xEF,
  0x7D,0xF7,0x5D,0xEF,0x7E,0xEF,0xBE,0xF7,0x5D,0xF7,0x7D,0xEF,0x7D,0xEF,0x7D,0xEF,0x7D,0xEF,0x7D,0xEF,0x7D,0xEF,0x7D,0xEF,
  0x7D,0xEF,0x7D,0xEF,0x7E,0xEF,0x7E,0xEF,0x7D,0xEF,0x7D,0xEF,0x7D,0xEF,0x7D,0xEF,0x7D,0xEF,0x7E,0xF7,0x7D,0xEF,0x7D,0xF7,
  0x9D,0xF7,0x7E,0xEF,0x7E,0xEF,0x7E,0xEF,0x9D,0xEF,0xBD,0xF7,0xDE,0xF7,0xDF,0xF7,0x5C,0xCE,0x17,0x7C,0x91,0x31,0x90,0x29,
  0xB6,0x73,0x5C,0xC6,0xBD,0xF7,0xDD,0xFF,0x7D,0xEF,0x5D,0xEF,0x7D,0xEF,0x7D,0xEF,0x9E,0xF7,0x9E,0xF7,0x7D,0xEF,0x7D,0xEF,
  0x7D,0xEF,0x7D,0xEF,0x7D,0xEF,0x7D,0xEF,0x7D,0xEF,0x7D,0xEF,0x7D,0xEF,0x7D,0xEF,0x7D,0xEF,0x7D,0xEF,0x7D,0xEF,0x7D,0xEF,
  0x7D,0xEF,0x7D,0xEF,0x7D,0xEF,0x7D,0xEF,0x7D,0xEF,0x7D,0xEF,0x7D,0xEF,0x7D,0xEF,0x7D,0xEF,0x7D,0xEF,0x7D,0xEF,0x7D,0xEF,
  0x7D,0xEF,0x7D,0xEF,0x7D,0xEF,0x7D,0xEF,0x7D,0xEF,0x7D,0xEF,0x7D,0xEF,0x7D,0xEF,0x7D,0xEF,0x7D,0xEF,0x7D,0xEF,0x7D,0xEF,
  0x7D,0xEF,0x7D,0xEF,0x7D,0xEF,0x7D,0xEF,0x7D,0xEF,0x7D,0xEF,0x7D,0xEF,0x7D,0xEF,0x7D,0xEF,0x7D,0xEF,0x7D,0xEF,0x7D,0xEF,
  0x7D,0xEF,0x7D,0xEF,0x7D,0xEF,0x7D,0xEF,0x7D,0xEF,0x7D,0xEF,0x7D,0xEF,0x7D,0xEF,0x7D,0xEF,0x7D,0xEF,0x7D,0xEF,0x7D,0xEF,
  0x7D,0xEF,0x7D,0xEF,0x7D,0xEF,0x7D,0xEF,0x7D,0xEF,0x7D,0xEF,0x7D,0xEF,0x7D,0xEF,0x7D,0xEF,0x7D,0xEF,0x7D,0xEF,0x7D,0xEF,
  0x7D,0xEF,0x7D,0xEF,0x7D,0xEF,0x7D,0xEF,0x7D,0xEF,0x7D,0xEF,0x7D,0xEF,0x7D,0xEF,0x7D,0xEF,0x7D,0xEF,0x7D,0xEF,0x7D,0xEF,
  0x7D,0xEF,0x7D,0xEF,0x7D,0xEF,0x7D,0xEF,0x7D,0xEF,0x7D,0xEF,0x7D,0xEF,0x7D,0xEF,0x7D,0xEF,0x7D,0xEF,0x7D,0xEF,0x7D,0xEF,
  0x7D,0xEF,0x7D,0xEF,0x7D,0xEF,0x7D,0xEF,0x7D,0xEF,0x7D,0xEF,0x7D,0xEF,0x7D,0xEF,0x7D,0xEF,0x7D,0xEF,0x7D,0xEF,0x7D,0xEF,
  0x7D,0xEF,0x7D,0xEF,0x7D,0xEF,0x7D,0xEF,0x7D,0xEF,0x7D,0xEF,0x7D,0xEF,0x7D,0xEF,0x7D,0xEF,0x7D,0xEF,0x7D,0xEF,0x7D,0xEF,
  0x7D,0xEF,0x7D,0xEF,0x7D,0xEF,0x7D,0xEF,0x7D,0xEF,0x7D,0xEF,0x7D,0xEF,0x7D,0xEF,0x7D,0xEF,0x7D,0xEF,0x7D,0xEF,0x7D,0xEF,
  0x7D,0xEF,0x7D,0xEF,0x7D,0xEF,0x7D,0xEF,0x7D,0xEF,0x7D,0xEF,0x7D,0xEF,0x7D,0xEF,0x7D,0xEF,0x7D,0xEF,0x7D,0xEF,0x7D,0xEF,
  0x7D,0xEF,0x7D,0xEF,0x7D,0xEF,0x7D,0xEF,0x9E,0xEF,0x7D,0xEF,0x7D,0xEF,0xDE,0xFF,0x3D,0xE7,0xB8,0x94,0xF2,0x39,0x31,0x29,
  0x77,0x6B,0x3C,0xBE,0xBF,0xF7,0xDF,0xFF,0x7D,0xEF,0x7D,0xEF,0x7D,0xEF,0x7E,0xEF,0x7E,0xEF,0x7E,0xEF,0x7D,0xEF,0x7D,0xF7,
  0x7D,0xEF,0x7D,0xEF,0x7D,0xEF,0x7D,0xEF,0x7D,0xEF,0x7D,0xEF,0x7D,0xEF,0x7D,0xEF,0x7D,0xEF,0x7D,0xEF,0x9E,0xEF,0x9E,0xEF,
  0x9D,0xF7,0x9D,0xEF,0x7E,0xEF,0x7D,0xEF,0x7D,0xEF,0x3D,0xFF,0x6E,0xE3,0xA3,0xD8,0xC4,0xD8,0x4E,0xEB,0x3C,0xFF,0xDE,0xEF,
  0x9D,0xE7,0x7D,0xF7,0x9D,0xF7,0x9E,0xEF,0x7E,0xF7,0x7D,0xEF,0x7D,0xEF,0x7D,0xEF,0x7D,0xEF,0x7D,0xEF,0x7D,0xEF,0x7D,0xEF,
  0x7D,0xEF,0x7D,0xEF,0x7D,0xEF,0x7D,0xEF,0x7D,0xEF,0x7D,0xEF,0x7D,0xEF,0x7D,0xEF,0x7D,0xEF,0x7D,0xEF,0x7D,0xEF,0x7D,0xEF,
  0x7D,0xF7,0x7D,0xEF,0x9D,0xEF,0x9E,0xEF,0x7D,0xEF,0x7D,0xEF,0x7E,0xF7,0x7D,0xF7,0xBE,0xFF,0xDF,0xFF,0xFE,0xDE,0x99,0x94,
  0xB1,0x39,0x30,0x29,0x56,0x6B,0x5C,0xC6,0xFF,0xF7,0xBD,0xF7,0x7D,0xEF,0x7D,0xEF,0x7D,0xEF,0x7D,0xEF,0x9E,0xF7,0x9E,0xF7,
  0x7D,0xEF,0x7D,0xEF,0x7D,0xEF,0x7D,0xEF,0x7D,0xEF,0x7D,0xEF,0x7D,0xEF,0x7D,0xEF,0x7D,0xEF,0x7D,0xEF,0x7D,0xEF,0x7D,0xEF,
  0x7D,0xEF,0x7D,0xEF,0x7D,0xEF,0x7D,0xEF,0x7D,0xEF,0x7D,0xEF,0x7D,0xEF,0x7D,0xEF,0x7D,0xEF,0x7D,0xEF,0x7D,0xEF,0x7D,0xEF,
  0x7D,0xEF,0x7D,0xEF,0x7D,0xEF,0x7D,0xEF,0x7D,0xEF,0x7D,0xEF,0x7D,0xEF,0x7D,0xEF,0x7D,0xEF,0x7D,0xEF,0x7D,0xEF,0x7D,0xEF,
  0x7D,0xEF,0x7D,0xEF,0x7D,0xEF,0x7D,0xEF,0x7D,0xEF,0x7D,0xEF,0x7D,0xEF,0x7D,0xEF,0x7D,0xEF,0x7D,0xEF,0x7D,0xEF,0x7D,0xEF,
  0x7D,0xEF,0x7D,0xEF,0x7D,0xEF,0x7D,0xEF,0x7D,0xEF,0x7D,0xEF,0x7D,0xEF,0x7D,0xEF,0x7D,0xEF,0x7D,0xEF,0x7D,0xEF,0x7D,0xEF,
  0x7D,0xEF,0x7D,0xEF,0x7D,0xEF,0x7D,0xEF,0x7D,0xEF,0x7D,0xEF,0x7D,0xEF,0x7D,0xEF,0x7D,0xEF,0x7D,0xEF,0x7D,0xEF,0x7D,0xEF,
  0x7D,0xEF,0x7D,0xEF,0x7D,0xEF,0x7D,0xEF,0x7D,0xEF,0x7D,0xEF,0x7D,0xEF,0x7D,0xEF,0x7D,0xEF,0x7D,0xEF,0x7D,0xEF,0x7D,0xEF,
  0x7D,0xEF,0x7D,0xEF,0x7D,0xEF,0x7D,0xEF,0x7D,0xEF,0x7D,0xEF,0x7D,0xEF,0x7D,0xEF,0x7D,0xEF,0x7D,0xEF,0x7D,0xEF,0x7D,0xEF,
  0x7D,0xEF,0x7D,0xEF,0x7D,0xEF,0x7D,0xEF,0x7D,0xEF,0x7D,0xEF,0x7D,0xEF,0x7D,0xEF,0x7D,0xEF,0x7D,0xEF,0x7D,0xEF,0x7D,0xEF,
  0x7D,0xEF,0x7D,0xEF,0x7D,0xEF,0x7D,0xEF,0x7D,0xEF,0x7D,0xEF,0x7D,0xEF,0x7D,0xEF,0x7D,0xEF,0x7D,0xEF,0x7D,0xEF,0x7D,0xEF,
  0x7D,0xEF,0x7D,0xEF,0x7D,0xEF,0x7D,0xEF,0x7D,0xEF,0x7D,0xEF,0x7D,0xEF,0x7D,0xEF,0x7D,0xEF,0x7D,0xEF,0x7D,0xEF,0x7D,0xEF,
  0x7D,0xEF,0x7D,0xEF,0x7D,0xEF,0x7D,0xEF,0x7D,0xEF,0x7D,0xEF,0x7D,0xEF,0x7D,0xEF,0x7D,0xEF,0x7D,0xEF,0x7D,0xEF,0x7D,0xEF,
  0x7D,0xEF,0x7D,0xEF,0x7D,0xEF,0x7D,0xEF,0x9D,0xEF,0xDE,0xFF,0x7F,0xEF,0xD9,0xA4,0xD2,0x41,0x50,0x29,0x95,0x73,0x9C,0xCE,
  0xDE,0xFF,0xDE,0xFF,0x7D,0xF7,0x7E,0xF7,0x7E,0xF7,0x7D,0xEF,0x9E,0xEF,0x9E,0xEF,0x9E,0xEF,0x9E,0xEF,0x7E,0xEF,0x7D,0xF7,
  0x7D,0xEF,0x7D,0xEF,0x7D,0xEF,0x7D,0xEF,0x7D,0xEF,0x7D,0xEF,0x7D,0xEF,0x7D,0xEF,0x7D,0xEF,0x7D,0xEF,0x7E,0xEF,0x7E,0xEF,
  0x9D,0xF7,0x9D,0xEF,0x9E,0xEF,0x9D,0xEF,0x9D,0xEF,0x9E,0xFF,0x55,0xED,0x25,0xD1,0xA4,0xF8,0x84,0xE0,0xED,0xE2,0xBA,0xFE,
  0xDE,0xF7,0x7C,0xE7,0x7D,0xEF,0x7D,0xEF,0x9D,0xEF,0x9D,0xEF,0x7D,0xEF,0x7D,0xEF,0x7D,0xEF,0x7D,0xEF,0x7D,0xEF,0x7D,0xEF,
  0x7D,0xEF,0x7D,0xEF,0x7D,0xEF,0x7D,0xEF,0x7D,0xEF,0x7D,0xEF,0x7D,0xEF,0x7D,0xEF,0x7D,0xEF,0x7D,0xEF,0x7D,0xEF,0x7E,0xEF,
  0x7E,0xEF,0x7D,0xEF,0x9D,0xEF,0x7D,0xEF,0x9E,0xF7,0x9E,0xF7,0x7E,0xF7,0x7E,0xF7,0x5E,0xF7,0x7D,0xF7,0x9D,0xFF,0xDE,0xFF,
  0x3E,0xE7,0xF9,0x9C,0xF2,0x39,0x50,0x29,0xB7,0x73,0xBD,0xD6,0xDE,0xF7,0x9D,0xF7,0x7E,0xF7,0x5D,0xEF,0x7D,0xEF,0x9E,0xF7,
  0x7D,0xEF,0x7D,0xEF,0x7D,0xEF,0x7D,0xEF,0x7D,0xEF,0x7D,0xEF,0x7D,0xEF,0x7D,0xEF,0x7D,0xEF,0x7D,0xEF,0x7D,0xEF,0x7D,0xEF,
  0x7D,0xEF,0x7D,0xEF,0x7D,0xEF,0x7D,0xEF,0x7D,0xEF,0x7D,0xEF,0x7D,0xEF,0x7D,0xEF,0x7D,0xEF,0x7D,0xEF,0x7D,0xEF,0x7D,0xEF,
  0x7D,0xEF,0x7D,0xEF,0x7D,0xEF,0x7D,0xEF,0x7D,0xEF,0x7D,0xEF,0x7D,0xEF,0x7D,0xEF,0x7D,0xEF,0x7D,0xEF,0x7D,0xEF,0x7D,0xEF,
  0x7D,0xEF,0x7D,0xEF,0x7D,0xEF,0x7D,0xEF,0x7D,0xEF,0x7D,0xEF,0x7D,0xEF,0x7D,0xEF,0x7D,0xEF,0x7D,0xEF,0x7D,0xEF,0x7D,0xEF,
  0x7D,0xEF,0x7D,0xEF,0x7D,0xEF,0x7D,0xEF,0x7D,0xEF,0x7D,0xEF,0x7D,0xEF,0x7D,0xEF,0x7D,0xEF,0x7D,0xEF,0x7D,0xEF,0x7D,0xEF,
  0x7D,0xEF,0x7D,0xEF,0x7D,0xEF,0x7D,0xEF,0x7D,0xEF,0x7D,0xEF,0x7D,0xEF,0x7D,0xEF,0x7D,0xEF,0x7D,0xEF,0x7D,0xEF,0x7D,0xEF,
  0x7D,0xEF,0x7D,0xEF,0x7D,0xEF,0x7D,0xEF,0x7D,0xEF,0x7D,0xEF,0x7D,0xEF,0x7D,0xEF,0x7D,0xEF,0x7D,0xEF,0x7D,0xEF,0x7D,0xEF,
  0x7D,0xEF,0x7D,0xEF,0x7D,0xEF,0x7D,0xEF,0x7D,0xEF,0x7D,0xEF,0x7D,0xEF,0x7D,0xEF,0x7D,0xEF,0x7D,0xEF,0x7D,0xEF,0x7D,0xEF,
  0x7D,0xEF,0x7D,0xEF,0x7D,0xEF,0x7D,0xEF,0x7D,0xEF,0x7D,0xEF,0x7D,0xEF,0x7D,0xEF,0x7D,0xEF,0x7D,0xEF,0x7D,0xEF,0x7D,0xEF,
  0x7D,0xEF,0x7D,0xEF,0x7D,0xEF,0x7D,0xEF,0x7D,0xEF,0x7D,0xEF,0x7D,0xEF,0x7D,0xEF,0x7D,0xEF,0x7D,0xEF,0x7D,0xEF,0x7D,0xEF,
  0x7D,0xEF,0x7D,0xEF,0x7D,0xEF,0x7D,0xEF,0x7D,0xEF,0x7D,0xEF,0x7D,0xEF,0x7D,0xEF,0x7D,0xEF,0x7D,0xEF,0x7D,0xEF,0x7D,0xEF,
  0x7D,0xEF,0x7D,0xEF,0x7D,0xEF,0x7D,0xEF,0x7D,0xEF,0x7D,0xEF,0x7D,0xEF,0x7D,0xEF,0x7D,0xEF,0x7D,0xF7,0x7D,0xEF,0x7D,0xEF,
  0x9D,0xF7,0x7D,0xEF,0x7D,0xEF,0xBE,0xF7,0xBF,0xF7,0x9A,0xAD,0x92,0x4A,0x2F,0x21,0x75,0x6B,0x7D,0xCE,0xBE,0xF7,0xBE,0xFF,
  0x5D,0xF7,0x5E,0xF7,0x9E,0xF7,0x9D,0xEF,0x7D,0xEF,0x9E,0xF7,0x7E,0xEF,0x7E,0xEF,0x7D,0xEF,0x7D,0xEF,0x7E,0xEF,0x7E,0xF7,
  0x7D,0xEF,0x7D,0xEF,0x7D,0xEF,0x7D,0xEF,0x7D,0xEF,0x7D,0xEF,0x7D,0xEF,0x7D,0xEF,0x7D,0xEF,0x7D,0xEF,0x9E,0xEF,0x7E,0xEF,
  0x7D,0xEF,0x9D,0xF7,0x7D,0xEF,0x7D,0xEF,0x9D,0xEF,0x7E,0xF7,0x7E,0xFF,0xAB,0xDA,0xA3,0xE0,0xE4,0xF0,0x63,0xD8,0x6B,0xE2,
  0x59,0xFE,0xDE,0xF7,0x7D,0xF7,0x5D,0xF7,0x9D,0xEF,0x9D,0xEF,0x7D,0xEF,0x7D,0xEF,0x7D,0xEF,0x7D,0xEF,0x7D,0xEF,0x7D,0xEF,
  0x7D,0xEF,0x7D,0xEF,0x7D,0xEF,0x7D,0xEF,0x7D,0xEF,0x7D,0xEF,0x7D,0xEF,0x7D,0xEF,0x7D,0xEF,0x7D,0xEF,0x7D,0xEF,0x7E,0xEF,
  0x9E,0xEF,0x7D,0xEF,0x7D,0xEF,0x7D,0xF7,0x7D,0xF7,0x7D,0xEF,0x9E,0xF7,0x9D,0xF7,0x7D,0xEF,0x7D,0xEF,0x9E,0xEF,0x7E,0xEF,
  0x7D,0xEF,0xDE,0xFF,0x1D,0xE7,0x99,0x9C,0xB1,0x39,0x90,0x31,0x78,0x8C,0x3D,0xE7,0xDE,0xFF,0x7D,0xEF,0x7D,0xEF,0x9E,0xF7,
  0x7D,0xEF,0x7D,0xEF,0x7E,0xEF,0x9D,0xEF,0x7D,0xEF,0x7D,0xEF,0x7D,0xEF,0x7D,0xEF,0x7D,0xEF,0x7D,0xEF,0x7D,0xEF,0x7D,0xEF,
  0x7D,0xEF,0x7D,0xEF,0x7D,0xEF,0x7D,0xEF,0x7D,0xEF,0x7D,0xEF,0x7D,0xEF,0x7D,0xEF,0x7D,0xEF,0x7D,0xEF,0x7D,0xEF,0x7D,0xEF,
  0x7D,0xEF,0x7D,0xEF,0x7D,0xEF,0x7D,0xEF,0x7D,0xEF,0x7D,0xEF,0x7D,0xEF,0x7D,0xEF,0x7D,0xEF,0x7D,0xEF,0x7D,0xEF,0x7D,0xEF,
  0x7D,0xEF,0x7D,0xEF,0x7D,0xEF,0x7D,0xEF,0x7D,0xEF,0x7D,0xEF,0x7D,0xEF,0x7D,0xEF,0x7D,0xEF,0x7D,0xEF,0x7D,0xEF,0x7D,0xEF,
  0x7D,0xEF,0x7D,0xEF,0x7D,0xEF,0x7D,0xEF,0x7D,0xEF,0x7D,0xEF,0x7D,0xEF,0x7D,0xEF,0x7D,0xEF,0x7D,0xEF,0x7D,0xEF,0x7D,0xEF,
  0x7D,0xEF,0x7D,0xEF,0x7D,0xEF,0x7D,0xEF,0x7D,0xEF,0x7D,0xEF,0x7D,0xEF,0x7D,0xEF,0x7D,0xEF,0x7D,0xEF,0x7D,0xEF,0x7D,0xEF,
  0x7D,0xEF,0x7D,0xEF,0x7D,0xEF,0x7D,0xEF,0x7D,0xEF,0x7D,0xEF,0x7D,0xEF,0x7D,0xEF,0x7D,0xEF,0x7D,0xEF,0x7D,0xEF,0x7D,0xEF,
  0x7D,0xEF,0x7D,0xEF,0x7D,0xEF,0x7D,0xEF,0x7D,0xEF,0x7D,0xEF,0x7D,0xEF,0x7D,0xEF,0x7D,0xEF,0x7D,0xEF,0x7D,0xEF,0x7D,0xEF,
  0x7D,0xEF,0x7D,0xEF,0x7D,0xEF,0x7D,0xEF,0x7D,0xEF,0x7D,0xEF,0x7D,0xEF,0x7D,0xEF,0x7D,0xEF,0x7D,0xEF,0x7D,0xEF,0x7D,0xEF,
  0x7D,0xEF,0x7D,0xEF,0x7D,0xEF,0x7D,0xEF,0x7D,0xEF,0x7D,0xEF,0x7D,0xEF,0x7D,0xEF,0x7D,0xEF,0x7D,0xEF,0x7D,0xEF,0x7D,0xEF,
  0x7D,0xEF,0x7D,0xEF,0x7D,0xEF,0x7D,0xEF,0x7D,0xEF,0x7D,0xEF,0x7D,0xEF,0x7D,0xEF,0x7D,0xEF,0x7D,0xEF,0x7D,0xEF,0x7D,0xEF,
  0x7D,0xEF,0x7D,0xEF,0x7D,0xEF,0x7D,0xEF,0x7D,0xEF,0x7D,0xEF,0x7D,0xEF,0x7D,0xF7,0x7E,0xF7,0x9E,0xEF,0x9D,0xEF,0x9D,0xEF,
  0x7E,0xEF,0x7D,0xEF,0xDF,0xFF,0xBD,0xDE,0x34,0x6B,0x50,0x21,0xD2,0x52,0x1B,0xBE,0xBF,0xF7,0xBE,0xFF,0x7D,0xF7,0x5D,0xEF,
  0x7E,0xF7,0x9E,0xEF,0x7D,0xEF,0x9D,0xEF,0x7D,0xEF,0x7D,0xEF,0x9E,0xF7,0x9E,0xF7,0x7D,0xEF,0x7D,0xEF,0x7D,0xEF,0x7D,0xEF,
  0x7D,0xEF,0x7D,0xEF,0x7D,0xEF,0x7D,0xEF,0x7D,0xEF,0x7D,0xEF,0x7D,0xEF,0x7D,0xEF,0x7D,0xEF,0x7D,0xEF,0x7D,0xF7,0x7E,0xF7,
  0x9E,0xEF,0x7E,0xEF,0x7E,0xF7,0x9E,0xF7,0x7D,0xF7,0x5D,0xF7,0xBE,0xFF,0x18,0xFE,0x86,0xC9,0xE4,0xE0,0xE4,0xF0,0xA4,0xE0,
  0x2A,0xDA,0xBA,0xFE,0x9D,0xF7,0x3D,0xF7,0x7D,0xEF,0x7D,0xF7,0x7D,0xEF,0x7D,0xEF,0x7D,0xEF,0x7D,0xEF,0x7D,0xEF,0x7D,0xEF,
  0x7D,0xEF,0x7D,0xEF,0x7D,0xEF,0x7D,0xEF,0x7D,0xEF,0x7D,0xEF,0x7D,0xEF,0x7D,0xEF,0x7D,0xEF,0x7D,0xEF,0x7D,0xEF,0x7D,0xEF,
  0x7D,0xEF,0x7D,0xEF,0x7D,0xEF,0x7D,0xEF,0x7D,0xF7,0x7E,0xF7,0x7E,0xF7,0x7D,0xEF,0x9E,0xF7,0x7D,0xEF,0x7D,0xEF,0x9E,0xF7,
  0x7D,0xEF,0x7D,0xF7,0x9D,0xF7,0xDF,0xFF,0x1E,0xDF,0x16,0x84,0x70,0x31,0xF1,0x41,0x7A,0xAD,0xBF,0xFF,0xBE,0xF7,0x5E,0xEF,
  0x9E,0xEF,0x9D,0xEF,0x7D,0xEF,0x7E,0xF7,0x7E,0xF7,0x7D,0xEF,0x7D,0xEF,0x7D,0xEF,0x7D,0xEF,0x7D,0xEF,0x7D,0xEF,0x7D,0xEF,
  0x7D,0xEF,0x7D,0xEF,0x7D,0xEF,0x7D,0xEF,0x7D,0xEF,0x7D,0xEF,0x7D,0xEF,0x7D,0xEF,0x7D,0xEF,0x7D,0xEF,0x7D,0xEF,0x7D,0xEF,
  0x7D,0xEF,0x7D,0xEF,0x7D,0xEF,0x7D,0xEF,0x7D,0xEF,0x7D,0xEF,0x7D,0xEF,0x7D,0xEF,0x7D,0xEF,0x7D,0xEF,0x7D,0xEF,0x7D,0xEF,
  0x7D,0xEF,0x7D,0xEF,0x7D,0xEF,0x7D,0xEF,0x7D,0xEF,0x7D,0xEF,0x7D,0xEF,0x7D,0xEF,0x7D,0xEF,0x7D,0xEF,0x7D,0xEF,0x7D,0xEF,
  0x7D,0xEF,0x7D,0xEF,0x7D,0xEF,0x7D,0xEF,0x7D,0xEF,0x7D,0xEF,0x7D,0xEF,0x7D,0xEF,0x7D,0xEF,0x7D,0xEF,0x7D,0xEF,0x7D,0xEF,
  0x7D,0xEF,0x7D,0xEF,0x7D,0xEF,0x7D,0xEF,0x7D,0xEF,0x7D,0xEF,0x7D,0xEF,0x7D,0xEF,0x7D,0xEF,0x7D,0xEF,0x7D,0xEF,0x7D,0xEF,
  0x7D,0xEF,0x7D,0xEF,0x7D,0xEF,0x7D,0xEF,0x7D,0xEF,0x7D,0xEF,0x7D,0xEF,0x7D,0xEF,0x7D,0xEF,0x7D,0xEF,0x7D,0xEF,0x7D,0xEF,
  0x7D,0xEF,0x7D,0xEF,0x7D,0xEF,0x7D,0xEF,0x7D,0xEF,0x7D,0xEF,0x7D,0xEF,0x7D,0xEF,0x7D,0xEF,0x7D,0xEF,0x7D,0xEF,0x7D,0xEF,
  0x7D,0xEF,0x7D,0xEF,0x7D,0xEF,0x7D,0xEF,0x7D,0xEF,0x7D,0xEF,0x7D,0xEF,0x7D,0xEF,0x7D,0xEF,0x7D,0xEF,0x7D,0xEF,0x7D,0xEF,
  0x7D,0xEF,0x7D,0xEF,0x7D,0xEF,0x7D,0xEF,0x7D,0xEF,0x7D,0xEF,0x7D,0xEF,0x7D,0xEF,0x7D,0xEF,0x7D,0xEF,0x7D,0xEF,0x7D,0xEF,
  0x7D,0xEF,0x7D,0xEF,0x7D,0xEF,0x7D,0xEF,0x7D,0xEF,0x7D,0xEF,0x7D,0xEF,0x7D,0xEF,0x7D,0xEF,0x7D,0xEF,0x7D,0xEF,0x7D,0xEF,
  0x7D,0xEF,0x7D,0xEF,0x7D,0xEF,0x7D,0xEF,0x7D,0xEF,0x7D,0xEF,0x7D,0xEF,0x7E,0xEF,0x7D,0xEF,0x7D,0xEF,0x7D,0xF7,0x5D,0xEF,
  0xBE,0xF7,0xBF,0xF7,0xD8,0x94,0xB1,0x31,0xD2,0x39,0x19,0x9D,0x9F,0xEF,0xDE,0xFF,0x7D,0xEF,0x7D,0xEF,0x7E,0xEF,0x7D,0xF7,
  0x9D,0xEF,0x9D,0xEF,0x9D,0xEF,0x7D,0xEF,0x7D,0xEF,0x7D,0xEF,0x7D,0xEF,0x7D,0xEF,0x7D,0xEF,0x7D,0xEF,0x7D,0xEF,0x7D,0xEF,
  0x7D,0xEF,0x7D,0xEF,0x7D,0xEF,0x7D,0xEF,0x7D,0xEF,0x7D,0xEF,0x7D,0xEF,0x7D,0xEF,0x7D,0xEF,0x9D,0xEF,0x9D,0xEF,0x7D,0xF7,
  0x7E,0xEF,0x7E,0xF7,0x7E,0xF7,0x7D,0xEF,0x7D,0xEF,0x9E,0xF7,0x7D,0xE7,0xBE,0xF7,0xCF,0xEB,0x83,0xE0,0xC5,0xF0,0x05,0xE9,
  0xA3,0xD8,0x30,0xEC,0x9D,0xFF,0xDF,0xEF,0xBF,0xF7,0x7D,0xEF,0x7D,0xEF,0x7D,0xEF,0x7D,0xEF,0x7D,0xEF,0x7D,0xEF,0x7D,0xEF,
  0x7D,0xEF,0x7D,0xEF,0x7D,0xEF,0x7D,0xEF,0x7D,0xEF,0x7D,0xEF,0x7D,0xEF,0x7D,0xEF,0x7D,0xEF,0x7D,0xEF,0x7D,0xEF,0x7D,0xEF,
  0x7D,0xEF,0x7D,0xEF,0x7D,0xEF,0x7D,0xEF,0x7D,0xEF,0x7D,0xEF,0x7D,0xEF,0x7D,0xEF,0x7D,0xEF,0x7D,0xF7,0x7D,0xF7,0x7D,0xF7,
  0x7D,0xF7,0x7E,0xEF,0x7D,0xEF,0x7D,0xEF,0x9D,0xF7,0xDF,0xFF,0x3D,0xCE,0x15,0x63,0x0F,0x21,0x34,0x6B,0xDD,0xDE,0xDE,0xFF,
  0x7C,0xEF,0x7D,0xF7,0x9E,0xF7,0x7E,0xEF,0x7E,0xEF,0x7E,0xEF,0x7D,0xEF,0x7D,0xEF,0x7D,0xEF,0x7D,0xEF,0x7D,0xEF,0x7D,0xEF,
  0x7D,0xEF,0x7D,0xEF,0x7D,0xEF,0x7D,0xEF,0x7D,0xEF,0x7D,0xEF,0x7D,0xEF,0x7D,0xEF,0x7D,0xEF,0x7D,0xEF,0x7D,0xEF,0x7D,0xEF,
  0x7D,0xEF,0x7D,0xEF,0x7D,0xEF,0x7D,0xEF,0x7D,0xEF,0x7D,0xEF,0x7D,0xEF,0x7D,0xEF,0x7D,0xEF,0x7D,0xEF,0x7D,0xEF,0x7D,0xEF,
  0x7D,0xEF,0x7D,0xEF,0x7D,0xEF,0x7D,0xEF,0x7D,0xEF,0x7D,0xEF,0x7D,0xEF,0x7D,0xEF,0x7D,0xEF,0x7D,0xEF,0x7D,0xEF,0x7D,0xEF,
  0x7D,0xEF,0x7D,0xEF,0x7D,0xEF,0x7D,0xEF,0x7D,0xEF,0x7D,0xEF,0x7D,0xEF,0x7D,0xEF,0x7D,0xEF,0x7D,0xEF,0x7D,0xEF,0x7D,0xEF,
  0x7D,0xEF,0x7D,0xEF,0x7D,0xEF,0x7D,0xEF,0x7D,0xEF,0x7D,0xEF,0x7D,0xEF,0x7D,0xEF,0x7D,0xEF,0x7D,0xEF,0x7D,0xEF,0x7D,0xEF,
  0x7D,0xEF,0x7D,0xEF,0x7D,0xEF,0x7D,0xEF,0x7D,0xEF,0x7D,0xEF,0x7D,0xEF,0x7D,0xEF,0x7D,0xEF,0x7D,0xEF,0x7D,0xEF,0x7D,0xEF,
  0x7D,0xEF,0x7D,0xEF,0x7D,0xEF,0x7D,0xEF,0x7D,0xEF,0x7D,0xEF,0x7D,0xEF,0x7D,0xEF,0x7D,0xEF,0x7D,0xEF,0x7D,0xEF,0x7D,0xEF,
  0x7D,0xEF,0x7D,0xEF,0x7D,0xEF,0x7D,0xEF,0x7D,0xEF,0x7D,0xEF,0x7D,0xEF,0x7D,0xEF,0x7D,0xEF,0x7D,0xEF,0x7D,0xEF,0x7D,0xEF,
  0x7D,0xEF,0x7D,0xEF,0x7D,0xEF,0x7D,0xEF,0x7D,0xEF,0x7D,0xEF,0x7D,0xEF,0x7D,0xEF,0x7D,0xEF,0x7D,0xEF,0x7D,0xEF,0x7D,0xEF,
  0x7D,0xEF,0x7D,0xEF,0x7D,0xEF,0x7D,0xEF,0x7D,0xEF,0x7D,0xEF,0x7D,0xEF,0x7D,0xEF,0x7D,0xEF,0x7D,0xEF,0x7D,0xEF,0x7D,0xEF,
  0x7D,0xEF,0x7D,0xEF,0x7D,0xEF,0x7D,0xEF,0x7D,0xEF,0x7D,0xEF,0x7D,0xEF,0x9D,0xEF,0x9D,0xF7,0x7D,0xEF,0x7E,0xF7,0xDF,0xFF,
  0x9B,0xCE,0xD2,0x52,0x2F,0x21,0xD6,0x73,0x3E,0xDF,0xDF,0xFF,0x7D,0xF7,0x5C,0xEF,0x9D,0xF7,0x7D,0xEF,0x7E,0xEF,0x7D,0xEF,
  0x9D,0xEF,0x7D,0xF7,0x7E,0xEF,0x7D,0xEF,0x7D,0xEF,0x7D,0xEF,0x7D,0xEF,0x7D,0xEF,0x7D,0xEF,0x7D,0xEF,0x7D,0xEF,0x7D,0xEF,
  0x7D,0xEF,0x7D,0xEF,0x7D,0xEF,0x7D,0xEF,0x7D,0xEF,0x7D,0xEF,0x7D,0xEF,0x7D,0xEF,0x7D,0xEF,0x7E,0xEF,0x7E,0xF7,0x7D,0xF7,
  0x9D,0xEF,0x9D,0xEF,0x7D,0xEF,0x7E,0xF7,0x9E,0xF7,0x7D,0xEF,0x7E,0xEF,0xFF,0xF7,0xF2,0xF4,0xC4,0xE0,0xC4,0xE8,0x04,0xE9,
  0x83,0xE8,0x8B,0xD2,0x9E,0xFF,0x1B,0xF7,0xF7,0xE5,0x9D,0xF7,0x7D,0xEF,0x7D,0xEF,0x7D,0xEF,0x7D,0xEF,0x7D,0xEF,0x7D,0xEF,
  0x7D,0xEF,0x7D,0xEF,0x7D,0xEF,0x7D,0xEF,0x7D,0xEF,0x7D,0xEF,0x7D,0xEF,0x7D,0xEF,0x7D,0xEF,0x7D,0xEF,0x7D,0xEF,0x7D,0xEF,
  0x7D,0xEF,0x7D,0xEF,0x7D,0xEF,0x7D,0xEF,0x7D,0xEF,0x7D,0xEF,0x7D,0xEF,0x7D,0xEF,0x7D,0xEF,0x7E,0xF7,0x7D,0xF7,0x7D,0xF7,
  0x7D,0xEF,0x7E,0xEF,0x7E,0xEF,0x7D,0xEF,0x9E,0xF7,0x7D,0xF7,0xBE,0xFF,0xBF,0xF7,0x3A,0xA5,0xF2,0x39,0x90,0x29,0x19,0x9D,
  0x9F,0xF7,0x9E,0xF7,0x5D,0xEF,0x7E,0xEF,0x9D,0xEF,0x7D,0xEF,0x7D,0xEF,0x7D,0xEF,0x7D,0xEF,0x7D,0xEF,0x7D,0xEF,0x7D,0xEF,
  0x7D,0xEF,0x7D,0xEF,0x7D,0xEF,0x7D,0xEF,0x7D,0xEF,0x7D,0xEF,0x7D,0xEF,0x7D,0xEF,0x7D,0xEF,0x7D,0xEF,0x7D,0xEF,0x7D,0xEF,
  0x7D,0xEF,0x7D,0xEF,0x7D,0xEF,0x7D,0xEF,0x7D,0xEF,0x7D,0xEF,0x7D,0xEF,0x7D,0xEF,0x7D,0xEF,0x7D,0xEF,0x7D,0xEF,0x7D,0xEF,
  0x7D,0xEF,0x7D,0xEF,0x7D,0xEF,0x7D,0xEF,0x7D,0xEF,0x7D,0xEF,0x7D,0xEF,0x7D,0xEF,0x7D,0xEF,0x7D,0xEF,0x7D,0xEF,0x7D,0xEF,
  0x7D,0xEF,0x7D,0xEF,0x7D,0xEF,0x7D,0xEF,0x7D,0xEF,0x7D,0xEF,0x7D,0xEF,0x7D,0xEF,0x7D,0xEF,0x7D,0xEF,0x7D,0xEF,0x7D,0xEF,
  0x7D,0xEF,0x7D,0xEF,0x7D,0xEF,0x7D,0xEF,0x7D,0xEF,0x7D,0xEF,0x7D,0xEF,0x7D,0xEF,0x7D,0xEF,0x7D,0xEF,0x7D,0xEF,0x7D,0xEF,
  0x7D,0xEF,0x7D,0xEF,0x7D,0xEF,0x7D,0xEF,0x7D,0xEF,0x7D,0xEF,0x7D,0xEF,0x7D,0xEF,0x7D,0xEF,0x7D,0xEF,0x7D,0xEF,0x7D,0xEF,
  0x7D,0xEF,0x7D,0xEF,0x7D,0xEF,0x7D,0xEF,0x7D,0xEF,0x7D,0xEF,0x7D,0xEF,0x7D,0xEF,0x7D,0xEF,0x7D,0xEF,0x7D,0xEF,0x7D,0xEF,
  0x7D,0xEF,0x7D,0xEF,0x7D,0xEF,0x7D,0xEF,0x7D,0xEF,0x7D,0xEF,0x7D,0xEF,0x7D,0xEF,0x7D,0xEF,0x7D,0xEF,0x7D,0xEF,0x7D,0xEF,
  0x7D,0xEF,0x7D,0xEF,0x7D,0xEF,0x7D,0xEF,0x7D,0xEF,0x7D,0xEF,0x7D,0xEF,0x7D,0xEF,0x7D,0xEF,0x7D,0xEF,0x7D,0xEF,0x7D,0xEF,
  0x7D,0xEF,0x7D,0xEF,0x7D,0xEF,0x7D,0xEF,0x7D,0xEF,0x7D,0xEF,0x7D,0xEF,0x7D,0xEF,0x7D,0xEF,0x7D,0xEF,0x7D,0xEF,0x7D,0xEF,
  0x7D,0xEF,0x7D,0xEF,0x7D,0xEF,0x7E,0xEF,0x7D,0xEF,0x7D,0xEF,0x7D,0xEF,0x7C,0xF7,0x7E,0xEF,0x9F,0xF7,0xBF,0xEF,0xD7,0x94,
  0x51,0x29,0x13,0x42,0x1C,0xBE,0xFF,0xFF,0x9E,0xF7,0x5E,0xEF,0x9E,0xF7,0x7E,0xF7,0x7D,0xEF,0x9E,0xF7,0x7D,0xEF,0x7D,0xEF,
  0x7E,0xEF,0x7E,0xEF,0x7E,0xEF,0x7D,0xEF,0x7D,0xEF,0x7D,0xEF,0x7D,0xEF,0x7D,0xEF,0x7D,0xEF,0x7D,0xEF,0x7D,0xEF,0x7D,0xEF,
  0x7D,0xEF,0x7D,0xEF,0x7D,0xEF,0x7D,0xEF,0x7D,0xEF,0x7D,0xEF,0x7D,0xEF,0x7D,0xEF,0x7D,0xEF,0x7E,0xEF,0x7E,0xEF,0x9D,0xEF,
  0x9D,0xEF,0x7D,0xEF,0x7E,0xF7,0x7E,0xF7,0x7D,0xEF,0xBD,0xEF,0x9D,0xFF,0xD4,0xFC,0x66,0xD9,0xE4,0xE8,0xE4,0xE8,0xE4,0xE8,
  0xA3,0xE0,0xCC,0xC2,0x3C,0xFF,0x6E,0xE3,0x4D,0xDB,0xBE,0xFF,0x7D,0xEF,0x7D,0xEF,0x7D,0xEF,0x7D,0xEF,0x7D,0xEF,0x7D,0xEF,
  0x7D,0xEF,0x7D,0xEF,0x7D,0xEF,0x7D,0xEF,0x7D,0xEF,0x7D,0xEF,0x7D,0xEF,0x7D,0xEF,0x7D,0xEF,0x7D,0xEF,0x7D,0xEF,0x7D,0xEF,
  0x7D,0xEF,0x7D,0xEF,0x7D,0xEF,0x7D,0xEF,0x7D,0xEF,0x7D,0xEF,0x7D,0xEF,0x7D,0xEF,0x7D,0xEF,0x7E,0xEF,0x7E,0xF7,0x7D,0xEF,
  0x9D,0xEF,0x7D,0xEF,0x9E,0xF7,0x7E,0xEF,0x7D,0xEF,0x7D,0xEF,0x5D,0xEF,0x7D,0xEF,0xFE,0xFF,0x1E,0xDF,0xB6,0x73,0x0F,0x21,
  0x34,0x63,0xDD,0xD6,0xFF,0xFF,0x5E,0xEF,0x7E,0xF7,0x9E,0xF7,0x7D,0xEF,0x7D,0xEF,0x7D,0xEF,0x7D,0xEF,0x7D,0xEF,0x7D,0xEF,
  0x7D,0xEF,0x7D,0xEF,0x7D,0xEF,0x7D,0xEF,0x7D,0xEF,0x7D,0xEF,0x7D,0xEF,0x7D,0xEF,0x7D,0xEF,0x7D,0xEF,0x7D,0xEF,0x7D,0xEF,
  0x7D,0xEF,0x7D,0xEF,0x7D,0xEF,0x7D,0xEF,0x7D,0xEF,0x7D,0xEF,0x7D,0xEF,0x7D,0xEF,0x7D,0xEF,0x7D,0xEF,0x7D,0xEF,0x7D,0xEF,
  0x7D,0xEF,0x7D,0xEF,0x7D,0xEF,0x7D,0xEF,0x7D,0xEF,0x7D,0xEF,0x7D,0xEF,0x7D,0xEF,0x7D,0xEF,0x7D,0xEF,0x7D,0xEF,0x7D,0xEF,
  0x7D,0xEF,0x7D,0xEF,0x7D,0xEF,0x7D,0xEF,0x7D,0xEF,0x7D,0xEF,0x7D,0xEF,0x7D,0xEF,0x7D,0xEF,0x7D,0xEF,0x7D,0xEF,0x7D,0xEF,
  0x7D,0xEF,0x7D,0xEF,0x7D,0xEF,0x7D,0xEF,0x7D,0xEF,0x7D,0xEF,0x7D,0xEF,0x7D,0xEF,0x7D,0xEF,0x7D,0xEF,0x7D,0xEF,0x7D,0xEF,
  0x7D,0xEF,0x7D,0xEF,0x7D,0xEF,0x7D,0xEF,0x7D,0xEF,0x7D,0xEF,0x7D,0xEF,0x7D,0xEF,0x7D,0xEF,0x7D,0xEF,0x7D,0xEF,0x7D,0xEF,
  0x7D,0xEF,0x7D,0xEF,0x7D,0xEF,0x7D,0xEF,0x7D,0xEF,0x7D,0xEF,0x7D,0xEF,0x7D,0xEF,0x7D,0xEF,0x7D,0xEF,0x7D,0xEF,0x7D,0xEF,
  0x7D,0xEF,0x7D,0xEF,0x7D,0xEF,0x7D,0xEF,0x7D,0xEF,0x7D,0xEF,0x7D,0xEF,0x7D,0xEF,0x7D,0xEF,0x7D,0xEF,0x7D,0xEF,0x7D,0xEF,
  0x7D,0xEF,0x7D,0xEF,0x7D,0xEF,0x7D,0xEF,0x7D,0xEF,0x7D,0xEF,0x7D,0xEF,0x7D,0xEF,0x7D,0xEF,0x7D,0xEF,0x7D,0xEF,0x7D,0xEF,
  0x7D,0xEF,0x7D,0xEF,0x7D,0xEF,0x7D,0xEF,0x7D,0xEF,0x7D,0xEF,0x7D,0xEF,0x7D,0xEF,0x7D,0xEF,0x7D,0xEF,0x7D,0xEF,0x7D,0xEF,
  0x7D,0xEF,0x7D,0xEF,0x7D,0xEF,0x7D,0xEF,0x7D,0xEF,0x9E,0xF7,0x7E,0xEF,0x7D,0xEF,0xDE,0xFF,0xFD,0xDE,0x15,0x5B,0x30,0x29,
  0x17,0x84,0x5E,0xE7,0xDE,0xF7,0x7D,0xEF,0x7D,0xEF,0x7D,0xEF,0x9E,0xEF,0x9E,0xF7,0x9E,0xF7,0x7D,0xEF,0x7E,0xF7,0x7E,0xEF,
  0x7E,0xEF,0x7D,0xEF,0x7D,0xEF,0x7D,0xEF,0x7D,0xEF,0x7D,0xEF,0x7D,0xEF,0x7D,0xEF,0x7D,0xEF,0x7D,0xEF,0x7D,0xEF,0x7D,0xEF,
  0x7D,0xEF,0x7D,0xEF,0x7D,0xEF,0x7D,0xEF,0x7D,0xEF,0x7D,0xEF,0x7D,0xEF,0x7D,0xEF,0x7D,0xEF,0x7D,0xEF,0x9D,0xEF,0x9D,0xEF,
  0x7D,0xF7,0x7D,0xF7,0x7E,0xF7,0x7D,0xEF,0x9D,0xEF,0x7D,0xFF,0x11,0xEC,0xC4,0xD8,0xA3,0xE8,0xC5,0xE8,0xC4,0xE8,0xC3,0xF0,
  0xA3,0xD8,0x6D,0xDB,0x10,0xF4,0x83,0xC0,0x73,0xF4,0x9E,0xF7,0x7D,0xEF,0x9E,0xEF,0x9E,0xEF,0x7D,0xEF,0x7D,0xEF,0x7D,0xEF,
  0x7D,0xEF,0x7D,0xEF,0x7D,0xEF,0x7D,0xEF,0x7D,0xEF,0x7D,0xEF,0x7D,0xEF,0x7D,0xEF,0x7D,0xEF,0x7D,0xEF,0x7D,0xEF,0x7D,0xEF,
  0x7D,0xEF,0x7D,0xEF,0x7D,0xEF,0x7D,0xEF,0x7D,0xEF,0x7D,0xEF,0x7D,0xEF,0x7D,0xEF,0x7D,0xEF,0x7D,0xEF,0x7E,0xEF,0x7E,0xEF,
  0x7E,0xEF,0x7D,0xF7,0x7D,0xEF,0x9E,0xF7,0x7E,0xEF,0x7E,0xEF,0x9E,0xEF,0x7E,0xEF,0x7D,0xEF,0xBD,0xF7,0xBE,0xF7,0x7B,0xB5,
  0xB1,0x39,0xD1,0x39,0x9B,0xAD,0xDF,0xFF,0x9C,0xF7,0x5D,0xEF,0x7E,0xF7,0x9E,0xEF,0x7D,0xEF,0x9E,0xF7,0x7D,0xEF,0x7E,0xEF,
  0x7D,0xEF,0x7D,0xEF,0x7D,0xEF,0x7D,0xEF,0x7D,0xEF,0x7D,0xEF,0x7D,0xEF,0x7D,0xEF,0x7D,0xEF,0x7D,0xEF,0x7D,0xEF,0x7D,0xEF,
  0x7D,0xEF,0x7D,0xEF,0x7D,0xEF,0x7D,0xEF,0x7D,0xEF,0x7D,0xEF,0x7D,0xEF,0x7D,0xEF,0x7D,0xEF,0x7D,0xEF,0x7D,0xEF,0x7D,0xEF,
  0x7D,0xEF,0x7D,0xEF,0x7D,0xEF,0x7D,0xEF,0x7D,0xEF,0x7D,0xEF,0x7D,0xEF,0x7D,0xEF,0x7D,0xEF,0x7D,0xEF,0x7D,0xEF,0x7D,0xEF,
  0x7D,0xEF,0x7D,0xEF,0x7D,0xEF,0x7D,0xEF,0x7D,0xEF,0x7D,0xEF,0x7D,0xEF,0x7D,0xEF,0x7D,0xEF,0x7D,0xEF,0x7D,0xEF,0x7D,0xEF,
  0x7D,0xEF,0x7D,0xEF,0x7D,0xEF,0x7D,0xEF,0x7D,0xEF,0x7D,0xEF,0x7D,0xEF,0x7D,0xEF,0x7D,0xEF,0x7D,0xEF,0x7D,0xEF,0x7D,0xEF,
  0x7D,0xEF,0x7D,0xEF,0x7D,0xEF,0x7D,0xEF,0x7D,0xEF,0x7D,0xEF,0x7D,0xEF,0x7D,0xEF,0x7D,0xEF,0x7D,0xEF,0x7D,0xEF,0x7D,0xEF,
  0x7D,0xEF,0x7D,0xEF,0x7D,0xEF,0x7D,0xEF,0x7D,0xEF,0x7D,0xEF,0x7D,0xEF,0x7D,0xEF,0x7D,0xEF,0x7D,0xEF,0x7D,0xEF,0x7D,0xEF,
  0x7D,0xEF,0x7D,0xEF,0x7D,0xEF,0x7D,0xEF,0x7D,0xEF,0x7D,0xEF,0x7D,0xEF,0x7D,0xEF,0x7D,0xEF,0x7D,0xEF,0x7D,0xEF,0x7D,0xEF,
  0x7D,0xEF,0x7D,0xEF,0x7D,0xEF,0x7D,0xEF,0x7D,0xEF,0x7D,0xEF,0x7D,0xEF,0x7D,0xEF,0x7D,0xEF,0x7D,0xEF,0x7D,0xEF,0x7D,0xEF,
  0x7D,0xEF,0x7D,0xEF,0x7D,0xEF,0x7D,0xEF,0x7D,0xEF,0x7D,0xEF,0x7D,0xEF,0x7D,0xEF,0x7D,0xEF,0x7E,0xEF,0x9E,0xEF,0x9D,0xEF,
  0x7E,0xEF,0x7E,0xEF,0x9D,0xF7,0x7D,0xEF,0x7E,0xEF,0x5D,0xEF,0x7E,0xEF,0xDF,0xF7,0xFB,0xBD,0xF0,0x39,0xD1,0x39,0x9B,0xAD,
  0xBF,0xF7,0x9D,0xF7,0x7D,0xEF,0x7E,0xEF,0x9E,0xF7,0x7D,0xEF,0x7D,0xEF,0x7D,0xEF,0x7D,0xEF,0x7D,0xEF,0x7D,0xEF,0x7D,0xEF,
  0x7D,0xEF,0x7D,0xEF,0x7D,0xEF,0x7D,0xEF,0x7D,0xEF,0x7D,0xEF,0x7D,0xEF,0x7D,0xEF,0x7D,0xEF,0x7D,0xEF,0x7D,0xEF,0x7D,0xEF,
  0x7D,0xEF,0x7D,0xEF,0x7D,0xEF,0x7D,0xEF,0x7D,0xEF,0x7D,0xEF,0x7D,0xEF,0x7D,0xEF,0x7D,0xEF,0x7D,0xEF,0x9D,0xEF,0x7E,0xEF,
  0x7E,0xEF,0x9E,0xF7,0xBE,0xEF,0x5D,0xEF,0x9E,0xFF,0xD6,0xED,0x05,0xD9,0xC4,0xE8,0x04,0xE9,0xE4,0xE0,0xC4,0xE8,0xC3,0xF0,
  0xE4,0xD8,0x0D,0xF3,0x86,0xE1,0xC4,0xC8,0x14,0xF5,0xBE,0xFF,0x9D,0xEF,0xFB,0xEE,0x9E,0xF7,0x7D,0xEF,0x7D,0xF7,0x7D,0xF7,
  0x7D,0xF7,0x9D,0xEF,0x9D,0xEF,0x7D,0xEF,0x7D,0xEF,0x7D,0xEF,0x7D,0xEF,0x7D,0xEF,0x7D,0xEF,0x7D,0xEF,0x7D,0xEF,0x7D,0xEF,
  0x7D,0xEF,0x7D,0xEF,0x7D,0xEF,0x7D,0xEF,0x7D,0xEF,0x7D,0xEF,0x7D,0xEF,0x7D,0xEF,0x7D,0xEF,0x7D,0xEF,0x7D,0xEF,0x7D,0xEF,
  0x7D,0xEF,0x7D,0xEF,0x7D,0xEF,0x9E,0xF7,0x7D,0xEF,0x7D,0xEF,0x7D,0xEF,0x7D,0xF7,0x7D,0xF7,0x5D,0xEF,0x9D,0xF7,0xDE,0xF7,
  0xFE,0xDE,0xF4,0x5A,0x2F,0x21,0x57,0x84,0x9F,0xEF,0xBE,0xF7,0x5D,0xEF,0x9E,0xEF,0x7D,0xEF,0x7D,0xEF,0x7D,0xEF,0x7E,0xF7,
  0x7E,0xEF,0x9D,0xEF,0x9D,0xEF,0x7D,0xEF,0x7D,0xEF,0x7D,0xEF,0x7D,0xEF,0x7D,0xEF,0x7D,0xEF,0x7D,0xEF,0x7D,0xEF,0x7D,0xEF,
  0x7D,0xEF,0x7D,0xEF,0x7D,0xEF,0x7D,0xEF,0x7D,0xEF,0x7D,0xEF,0x7D,0xEF,0x7D,0xEF,0x7D,0xEF,0x7D,0xEF,0x7D,0xEF,0x7D,0xEF,
  0x7D,0xEF,0x7D,0xEF,0x7D,0xEF,0x7D,0xEF,0x7D,0xEF,0x7D,0xEF,0x7D,0xEF,0x7D,0xEF,0x7D,0xEF,0x7D,0xEF,0x7D,0xEF,0x7D,0xEF,
  0x7D,0xEF,0x7D,0xEF,0x7D,0xEF,0x7D,0xEF,0x7D,0xEF,0x7D,0xEF,0x7D,0xEF,0x7D,0xEF,0x7D,0xEF,0x7D,0xEF,0x7D,0xEF,0x7D,0xEF,
  0x7D,0xEF,0x7D,0xEF,0x7D,0xEF,0x7D,0xEF,0x7D,0xEF,0x7D,0xEF,0x7D,0xEF,0x7D,0xEF,0x7D,0xEF,0x7D,0xEF,0x7D,0xEF,0x7D,0xEF,
  0x7D,0xEF,0x7D,0xEF,0x7D,0xEF,0x7D,0xEF,0x7D,0xEF,0x7D,0xEF,0x7D,0xEF,0x7D,0xEF,0x7D,0xEF,0x7D,0xEF,0x7D,0xEF,0x7D,0xEF,
  0x7D,0xEF,0x7D,0xEF,0x7D,0xEF,0x7D,0xEF,0x7D,0xEF,0x7D,0xEF,0x7D,0xEF,0x7D,0xEF,0x7D,0xEF,0x7D,0xEF,0x7D,0xEF,0x7D,0xEF,
  0x7D,0xEF,0x7D,0xEF,0x7D,0xEF,0x7D,0xEF,0x7D,0xEF,0x7D,0xEF,0x7D,0xEF,0x7D,0xEF,0x7D,0xEF,0x7D,0xEF,0x7D,0xEF,0x7D,0xEF,
  0x7D,0xEF,0x7D,0xEF,0x7D,0xEF,0x7D,0xEF,0x7D,0xEF,0x7D,0xEF,0x7D,0xEF,0x7D,0xEF,0x7D,0xEF,0x7D,0xEF,0x7D,0xEF,0x7D,0xEF,
  0x7D,0xEF,0x7D,0xEF,0x7D,0xEF,0x7D,0xEF,0x7D,0xEF,0x7D,0xEF,0x7D,0xEF,0x7D,0xEF,0x7D,0xEF,0x7E,0xEF,0x7E,0xEF,0x9E,0xEF,
  0x7E,0xEF,0x7D,0xEF,0x7E,0xEF,0x9F,0xF7,0x5D,0xEF,0xBD,0xF7,0xBE,0xF7,0xB9,0x94,0x0E,0x21,0xD2,0x5A,0xFE,0xDE,0xDF,0xFF,
  0x7D,0xEF,0x7E,0xEF,0x9D,0xEF,0x7D,0xEF,0x7D,0xEF,0x7D,0xEF,0x7D,0xEF,0x7D,0xEF,0x7D,0xEF,0x7D,0xEF,0x7D,0xEF,0x7D,0xEF,
  0x7D,0xEF,0x7D,0xEF,0x7D,0xEF,0x7D,0xEF,0x7D,0xEF,0x7D,0xEF,0x7D,0xEF,0x7D,0xEF,0x7D,0xEF,0x7D,0xEF,0x7D,0xEF,0x7D,0xEF,
  0x7D,0xEF,0x7D,0xEF,0x7D,0xEF,0x7D,0xEF,0x7D,0xEF,0x7D,0xEF,0x7D,0xEF,0x7D,0xEF,0x7D,0xEF,0x7D,0xF7,0x9E,0xF7,0x7D,0xEF,
  0xBE,0xF7,0xFB,0xF6,0x7C,0xF7,0xDE,0xEF,0x7E,0xFF,0xAF,0xE3,0xA3,0xD8,0xE5,0xF0,0xC4,0xE8,0xE4,0xE8,0xA3,0xE0,0xE4,0xE8,
  0x05,0xE9,0x09,0xF2,0xE5,0xE0,0xC4,0xD8,0x72,0xF4,0xBE,0xFF,0xF8,0xED,0xF0,0xC3,0x1C,0xFF,0x7D,0xF7,0x9D,0xEF,0x9D,0xEF,
  0x7D,0xF7,0x7E,0xF7,0x7E,0xEF,0x7D,0xEF,0x7D,0xEF,0x7D,0xEF,0x7D,0xEF,0x7D,0xEF,0x7D,0xEF,0x7D,0xEF,0x7D,0xEF,0x7D,0xEF,
  0x7D,0xEF,0x7D,0xEF,0x7D,0xEF,0x7D,0xEF,0x7D,0xEF,0x7D,0xEF,0x7D,0xEF,0x7D,0xEF,0x7D,0xEF,0x7D,0xEF,0x7D,0xEF,0x7D,0xEF,
  0x7D,0xEF,0x7D,0xEF,0x7D,0xEF,0x7D,0xEF,0x7D,0xEF,0x7D,0xEF,0x7D,0xEF,0x7D,0xF7,0x7D,0xEF,0x7E,0xEF,0x7E,0xEF,0x7D,0xEF,
  0xBE,0xF7,0xBF,0xF7,0x98,0x94,0x4F,0x29,0xF4,0x5A,0xFD,0xDE,0xDF,0xFF,0x5C,0xEF,0x7D,0xEF,0x7E,0xEF,0x7E,0xEF,0x9D,0xEF,
  0x9D,0xEF,0x7E,0xEF,0x7E,0xEF,0x7D,0xEF,0x7D,0xEF,0x7D,0xEF,0x7D,0xEF,0x7D,0xEF,0x7D,0xEF,0x7D,0xEF,0x7D,0xEF,0x7D,0xEF,
  0x7D,0xEF,0x7D,0xEF,0x7D,0xEF,0x7D,0xEF,0x7D,0xEF,0x7D,0xEF,0x7D,0xEF,0x7D,0xEF,0x7D,0xEF,0x7D,0xEF,0x7D,0xEF,0x7D,0xEF,
  0x7D,0xEF,0x7D,0xEF,0x7D,0xEF,0x7D,0xEF,0x7D,0xEF,0x7D,0xEF,0x7D,0xEF,0x7D,0xEF,0x7D,0xEF,0x7D,0xEF,0x7D,0xEF,0x7D,0xEF,
  0x7D,0xEF,0x7D,0xEF,0x7D,0xEF,0x7D,0xEF,0x7D,0xEF,0x7D,0xEF,0x7D,0xEF,0x7D,0xEF,0x7D,0xEF,0x7D,0xEF,0x7D,0xEF,0x7D,0xEF,
  0x7D,0xEF,0x7D,0xEF,0x7D,0xEF,0x7D,0xEF,0x7D,0xEF,0x7D,0xEF,0x7D,0xEF,0x7D,0xEF,0x7D,0xEF,0x7D,0xEF,0x7D,0xEF,0x7D,0xEF,
  0x7D,0xEF,0x7D,0xEF,0x7D,0xEF,0x7D,0xEF,0x7D,0xEF,0x7D,0xEF,0x7D,0xEF,0x7D,0xEF,0x7D,0xEF,0x7D,0xEF,0x7D,0xEF,0x7D,0xEF,
  0x7D,0xEF,0x7D,0xEF,0x7D,0xEF,0x7D,0xEF,0x7D,0xEF,0x7D,0xEF,0x7D,0xEF,0x7D,0xEF,0x7D,0xEF,0x7D,0xEF,0x7D,0xEF,0x7D,0xEF,
  0x7D,0xEF,0x7D,0xEF,0x7D,0xEF,0x7D,0xEF,0x7D,0xEF,0x7D,0xEF,0x7D,0xEF,0x7D,0xEF,0x7D,0xEF,0x7D,0xEF,0x7D,0xEF,0x7D,0xEF,
  0x7D,0xEF,0x7D,0xEF,0x7D,0xEF,0x7D,0xEF,0x7D,0xEF,0x7D,0xEF,0x7D,0xEF,0x7D,0xEF,0x7D,0xEF,0x7D,0xEF,0x7D,0xEF,0x7D,0xEF,
  0x7D,0xEF,0x7D,0xEF,0x7D,0xEF,0x7D,0xEF,0x7D,0xEF,0x7D,0xEF,0x7D,0xEF,0x7D,0xEF,0x7D,0xEF,0x7D,0xEF,0x7D,0xEF,0x9D,0xEF,
  0x9D,0xEF,0x9E,0xF7,0x7E,0xEF,0x5C,0xEF,0xBE,0xF7,0x5F,0xE7,0x75,0x73,0x0E,0x21,0x37,0x84,0x9F,0xF7,0xBE,0xF7,0x7D,0xF7,
  0x7D,0xEF,0x9E,0xEF,0x7E,0xEF,0x7D,0xEF,0x7D,0xEF,0x7D,0xEF,0x7D,0xEF,0x7D,0xEF,0x7D,0xEF,0x7D,0xEF,0x7D,0xEF,0x7D,0xEF,
  0x7D,0xEF,0x7D,0xEF,0x7D,0xEF,0x7D,0xEF,0x7D,0xEF,0x7D,0xEF,0x7D,0xEF,0x7D,0xEF,0x7D,0xEF,0x7D,0xEF,0x7D,0xEF,0x7D,0xEF,
  0x7D,0xEF,0x7D,0xEF,0x7D,0xEF,0x7D,0xEF,0x7D,0xEF,0x7D,0xEF,0x7D,0xEF,0x7D,0xEF,0x7D,0xEF,0x7E,0xEF,0x9E,0xEF,0x7D,0xF7,
  0x7D,0xFF,0x52,0xE4,0x8E,0xD3,0xFB,0xFE,0x3D,0xFF,0x2A,0xDA,0xA3,0xE0,0xE4,0xF0,0xC4,0xE8,0xC4,0xE8,0xE4,0xF0,0xA3,0xE8,
  0x83,0xF0,0x05,0xF1,0xE5,0xE8,0xA4,0xE0,0x2D,0xE3,0xDF,0xFF,0x93,0xDC,0x49,0xAA,0x7D,0xFF,0x9D,0xF7,0x9E,0xEF,0x7E,0xEF,
  0x7E,0xF7,0x7D,0xF7,0x9D,0xEF,0x7D,0xEF,0x7D,0xEF,0x7D,0xEF,0x7D,0xEF,0x7D,0xEF,0x7D,0xEF,0x7D,0xEF,0x7D,0xEF,0x7D,0xEF,
  0x7D,0xEF,0x7D,0xEF,0x7D,0xEF,0x7D,0xEF,0x7D,0xEF,0x7D,0xEF,0x7D,0xEF,0x7D,0xEF,0x7D,0xEF,0x7D,0xEF,0x7D,0xEF,0x7D,0xEF,
  0x7D,0xEF,0x7D,0xEF,0x7D,0xEF,0x7D,0xEF,0x7D,0xEF,0x7D,0xEF,0x7D,0xEF,0x7D,0xEF,0x9D,0xEF,0x9D,0xEF,0x7E,0xEF,0x7E,0xF7,
  0x7D,0xF7,0x7C,0xEF,0xFF,0xFF,0xDC,0xB5,0xAF,0x31,0xF0,0x39,0xFC,0xBD,0xFF,0xFF,0x7C,0xF7,0x7D,0xF7,0x7F,0xEF,0x7E,0xEF,
  0x9D,0xEF,0x9D,0xEF,0x7D,0xEF,0x7D,0xEF,0x7D,0xEF,0x7D,0xEF,0x7D,0xEF,0x7D,0xEF,0x7D,0xEF,0x7D,0xEF,0x7D,0xEF,0x7D,0xEF,
  0x7D,0xEF,0x7D,0xEF,0x7D,0xEF,0x7D,0xEF,0x7D,0xEF,0x7D,0xEF,0x7D,0xEF,0x7D,0xEF,0x7D,0xEF,0x7D,0xEF,0x7D,0xEF,0x7D,0xEF,
  0x7D,0xEF,0x7D,0xEF,0x7D,0xEF,0x7D,0xEF,0x7D,0xEF,0x7D,0xEF,0x7D,0xEF,0x7D,0xEF,0x7D,0xEF,0x7D,0xEF,0x7D,0xEF,0x7D,0xEF,
  0x7D,0xEF,0x7D,0xEF,0x7D,0xEF,0x7D,0xEF,0x7D,0xEF,0x7D,0xEF,0x7D,0xEF,0x7D,0xEF,0x7D,0xEF,0x7D,0xEF,0x7D,0xEF,0x7D,0xEF,
  0x7D,0xEF,0x7D,0xEF,0x7D,0xEF,0x7D,0xEF,0x7D,0xEF,0x7D,0xEF,0x7D,0xEF,0x7D,0xEF,0x7D,0xEF,0x7D,0xEF,0x7D,0xEF,0x7D,0xEF,
  0x7D,0xEF,0x7D,0xEF,0x7D,0xEF,0x7D,0xEF,0x7D,0xEF,0x7D,0xEF,0x7D,0xEF,0x7D,0xEF,0x7D,0xEF,0x7D,0xEF,0x7D,0xEF,0x7D,0xEF,
  0x7D,0xEF,0x7D,0xEF,0x7D,0xEF,0x7D,0xEF,0x7D,0xEF,0x7D,0xEF,0x7D,0xEF,0x7D,0xEF,0x7D,0xEF,0x7D,0xEF,0x7D,0xEF,0x7D,0xEF,
  0x7D,0xEF,0x7D,0xEF,0x7D,0xEF,0x7D,0xEF,0x7D,0xEF,0x7D,0xEF,0x7D,0xEF,0x7D,0xEF,0x7D,0xEF,0x7D,0xEF,0x7D,0xEF,0x7D,0xEF,
  0x7D,0xEF,0x7D,0xEF,0x7D,0xEF,0x7D,0xEF,0x7D,0xEF,0x7D,0xEF,0x7D,0xEF,0x7D,0xEF,0x7D,0xEF,0x7D,0xEF,0x7D,0xEF,0x7D,0xEF,
  0x7D,0xEF,0x7D,0xEF,0x7D,0xEF,0x7D,0xEF,0x7D,0xEF,0x7D,0xEF,0x7D,0xEF,0x7D,0xEF,0x7D,0xEF,0x7D,0xEF,0x7D,0xF7,0x7D,0xF7,
  0x7D,0xEF,0x7E,0xEF,0x7D,0xEF,0xDE,0xF7,0xDD,0xD6,0x92,0x52,0x6F,0x29,0x59,0xA5,0xDF,0xF7,0x9D,0xEF,0x5D,0xEF,0x9E,0xF7,
  0x7E,0xEF,0x7D,0xEF,0x7D,0xEF,0x7E,0xEF,0x7D,0xEF,0x7D,0xEF,0x7D,0xEF,0x7D,0xEF,0x7D,0xEF,0x7D,0xEF,0x7D,0xEF,0x7D,0xEF,
  0x7D,0xEF,0x7D,0xEF,0x7D,0xEF,0x7D,0xEF,0x7D,0xEF,0x7D,0xEF,0x7D,0xEF,0x7D,0xEF,0x7D,0xEF,0x7D,0xEF,0x7D,0xEF,0x7D,0xEF,
  0x7D,0xEF,0x7D,0xEF,0x7D,0xEF,0x7D,0xEF,0x7D,0xEF,0x7D,0xEF,0x7D,0xEF,0x7D,0xEF,0x7D,0xEF,0x7E,0xEF,0x7D,0xEF,0x7D,0xEF,
  0xBE,0xF7,0xB2,0xF4,0x83,0xB8,0xF0,0xEB,0xBB,0xFE,0x29,0xD2,0xE4,0xD8,0xC3,0xE8,0xC4,0xE8,0xE5,0xE8,0xC4,0xE0,0xA7,0xE9,
  0xE4,0xE8,0xC3,0xE0,0x05,0xE9,0x83,0xE8,0x08,0xDA,0x5D,0xFF,0x8F,0xE3,0x49,0xBA,0x7D,0xFF,0x9D,0xEF,0x7E,0xEF,0x7D,0xF7,
  0x7E,0xF7,0x7D,0xEF,0x9D,0xEF,0x7D,0xEF,0x7D,0xEF,0x7D,0xEF,0x7D,0xEF,0x7D,0xEF,0x7D,0xEF,0x7D,0xEF,0x7D,0xEF,0x7D,0xEF,
  0x7D,0xEF,0x7D,0xEF,0x7D,0xEF,0x7D,0xEF,0x7D,0xEF,0x7D,0xEF,0x7D,0xEF,0x7D,0xEF,0x7D,0xEF,0x7D,0xEF,0x7D,0xEF,0x7D,0xEF,
  0x7D,0xEF,0x7D,0xEF,0x7D,0xEF,0x7D,0xEF,0x7D,0xEF,0x7D,0xEF,0x7D,0xEF,0x7E,0xEF,0x9E,0xEF,0x9D,0xEF,0x9D,0xEF,0x7D,0xEF,
  0x7E,0xEF,0x9D,0xEF,0x7C,0xEF,0xDE,0xF7,0xDD,0xD6,0xB3,0x52,0x2E,0x29,0x5A,0xAD,0xDF,0xF7,0x7C,0xEF,0x7D,0xEF,0x7E,0xF7,
  0x7D,0xEF,0x9D,0xF7,0x7D,0xEF,0x7D,0xEF,0x7D,0xEF,0x7D,0xEF,0x7D,0xEF,0x7D,0xEF,0x7D,0xEF,0x7D,0xEF,0x7D,0xEF,0x7D,0xEF,
  0x7D,0xEF,0x7D,0xEF,0x7D,0xEF,0x7D,0xEF,0x7D,0xEF,0x7D,0xEF,0x7D,0xEF,0x7D,0xEF,0x7D,0xEF,0x7D,0xEF,0x7D,0xEF,0x7D,0xEF,
  0x7D,0xEF,0x7D,0xEF,0x7D,0xEF,0x7D,0xEF,0x7D,0xEF,0x7D,0xEF,0x7D,0xEF,0x7D,0xEF,0x7D,0xEF,0x7D,0xEF,0x7D,0xEF,0x7D,0xEF,
  0x7D,0xEF,0x7D,0xEF,0x7D,0xEF,0x7D,0xEF,0x7D,0xEF,0x7D,0xEF,0x7D,0xEF,0x7D,0xEF,0x7D,0xEF,0x7D,0xEF,0x7D,0xEF,0x7D,0xEF,
  0x7D,0xEF,0x7D,0xEF,0x7D,0xEF,0x7D,0xEF,0x7D,0xEF,0x7D,0xEF,0x7D,0xEF,0x7D,0xEF,0x7D,0xEF,0x7D,0xEF,0x7D,0xEF,0x7D,0xEF,
  0x7D,0xEF,0x7D,0xEF,0x7D,0xEF,0x7D,0xEF,0x7D,0xEF,0x7D,0xEF,0x7D,0xEF,0x7D,0xEF,0x7D,0xEF,0x7D,0xEF,0x7D,0xEF,0x7D,0xEF,
  0x7D,0xEF,0x7D,0xEF,0x7D,0xEF,0x7D,0xEF,0x7D,0xEF,0x7D,0xEF,0x7D,0xEF,0x7D,0xEF,0x7D,0xEF,0x7D,0xEF,0x7D,0xEF,0x7D,0xEF,
  0x7D,0xEF,0x7D,0xEF,0x7D,0xEF,0x7D,0xEF,0x7D,0xEF,0x7D,0xEF,0x7D,0xEF,0x7D,0xEF,0x7D,0xEF,0x7D,0xEF,0x7D,0xEF,0x7D,0xEF,
  0x7D,0xEF,0x7D,0xEF,0x7D,0xEF,0x7D,0xEF,0x7D,0xEF,0x7D,0xEF,0x7D,0xEF,0x7D,0xEF,0x7D,0xEF,0x7D,0xEF,0x7D,0xEF,0x7D,0xEF,
  0x7D,0xEF,0x7D,0xEF,0x7D,0xEF,0x7D,0xEF,0x7D,0xEF,0x7D,0xEF,0x7D,0xEF,0x7D,0xEF,0x7D,0xEF,0x9E,0xF7,0x7D,0xEF,0x7E,0xF7,
  0x9E,0xF7,0x7D,0xEF,0xBE,0xF7,0x7D,0xCE,0x11,0x42,0xD1,0x39,0x3C,0xBE,0xDF,0xFF,0x5D,0xEF,0x7D,0xEF,0x9E,0xEF,0x7E,0xEF,
  0x7D,0xEF,0x7D,0xF7,0x7D,0xF7,0x7E,0xEF,0x9D,0xEF,0x7D,0xEF,0x7D,0xEF,0x7D,0xEF,0x7D,0xEF,0x7D,0xEF,0x7D,0xEF,0x7D,0xEF,
  0x7D,0xEF,0x7D,0xEF,0x7D,0xEF,0x7D,0xEF,0x7D,0xEF,0x7D,0xEF,0x7D,0xEF,0x7D,0xEF,0x7D,0xEF,0x7D,0xEF,0x7D,0xEF,0x7D,0xEF,
  0x7D,0xEF,0x7D,0xEF,0x7D,0xEF,0x7D,0xEF,0x7D,0xEF,0x7D,0xEF,0x7D,0xEF,0x7D,0xEF,0x7D,0xEF,0x7E,0xEF,0x7E,0xF7,0x7D,0xF7,
  0xBE,0xF7,0xB6,0xF5,0x04,0xC9,0xA8,0xD1,0xB7,0xFD,0x6A,0xE2,0x84,0xE0,0xE4,0xF0,0xC4,0xE8,0xC4,0xE8,0xC4,0xC8,0x72,0xEC,
  0xAB,0xEA,0xA3,0xE0,0xC4,0xF0,0xC4,0xE8,0xC7,0xD9,0xD6,0xFD,0x29,0xE2,0xC8,0xC9,0xFB,0xFE,0x9E,0xEF,0x7D,0xF7,0x9D,0xEF,
  0x7E,0xEF,0x7E,0xF7,0x7E,0xEF,0x7D,0xEF,0x7D,0xEF,0x7D,0xEF,0x7D,0xEF,0x7D,0xEF,0x7D,0xEF,0x7D,0xEF,0x7D,0xEF,0x7D,0xEF,
  0x7D,0xEF,0x7D,0xEF,0x7D,0xEF,0x7D,0xEF,0x7D,0xEF,0x7D,0xEF,0x7D,0xEF,0x7D,0xEF,0x7D,0xEF,0x7D,0xEF,0x7D,0xEF,0x7D,0xEF,
  0x7D,0xEF,0x7D,0xEF,0x7D,0xEF,0x7D,0xEF,0x7D,0xEF,0x7D,0xEF,0x7D,0xEF,0x9D,0xEF,0x9E,0xEF,0x7E,0xEF,0x7D,0xF7,0x9D,0xEF,
  0x9D,0xEF,0x9E,0xEF,0x9D,0xF7,0x5D,0xEF,0xBE,0xF7,0x5E,0xE7,0xB6,0x73,0xEE,0x20,0x78,0x8C,0xDF,0xF7,0x9D,0xF7,0x5C,0xEF,
  0x9D,0xF7,0x7E,0xF7,0x7E,0xEF,0x7D,0xEF,0x7D,0xEF,0x7D,0xEF,0x7D,0xEF,0x7D,0xEF,0x7D,0xEF,0x7D,0xEF,0x7D,0xEF,0x7D,0xEF,
  0x7D,0xEF,0x7D,0xEF,0x7D,0xEF,0x7D,0xEF,0x7D,0xEF,0x7D,0xEF,0x7D,0xEF,0x7D,0xEF,0x7D,0xEF,0x7D,0xEF,0x7D,0xEF,0x7D,0xEF,
  0x7D,0xEF,0x7D,0xEF,0x7D,0xEF,0x7D,0xEF,0x7D,0xEF,0x7D,0xEF,0x7D,0xEF,0x7D,0xEF,0x7D,0xEF,0x7D,0xEF,0x7D,0xEF,0x7D,0xEF,
  0x7D,0xEF,0x7D,0xEF,0x7D,0xEF,0x7D,0xEF,0x7D,0xEF,0x7D,0xEF,0x7D,0xEF,0x7D,0xEF,0x7D,0xEF,0x7D,0xEF,0x7D,0xEF,0x7D,0xEF,
  0x7D,0xEF,0x7D,0xEF,0x7D,0xEF,0x7D,0xEF,0x7D,0xEF,0x7D,0xEF,0x7D,0xEF,0x7D,0xEF,0x7D,0xEF,0x7D,0xEF,0x7D,0xEF,0x7D,0xEF,
  0x7D,0xEF,0x7D,0xEF,0x7D,0xEF,0x7D,0xEF,0x7D,0xEF,0x7D,0xEF,0x7D,0xEF,0x7D,0xEF,0x7D,0xEF,0x7D,0xEF,0x7D,0xEF,0x7D,0xEF,
  0x7D,0xEF,0x7D,0xEF,0x7D,0xEF,0x7D,0xEF,0x7D,0xEF,0x7D,0xEF,0x7D,0xEF,0x7D,0xEF,0x7D,0xEF,0x7D,0xEF,0x7D,0xEF,0x7D,0xEF,
  0x7D,0xEF,0x7D,0xEF,0x7D,0xEF,0x7D,0xEF,0x7D,0xEF,0x7D,0xEF,0x7D,0xEF,0x7D,0xEF,0x7D,0xEF,0x7D,0xEF,0x7D,0xEF,0x7D,0xEF,
  0x7D,0xEF,0x7D,0xEF,0x7D,0xEF,0x7D,0xEF,0x7D,0xEF,0x7D,0xEF,0x7D,0xEF,0x7D,0xEF,0x7D,0xEF,0x7D,0xEF,0x7D,0xEF,0x7D,0xEF,
  0x7D,0xEF,0x7D,0xEF,0x7D,0xEF,0x7D,0xEF,0x7D,0xEF,0x7D,0xEF,0x7D,0xEF,0x7D,0xEF,0x7D,0xF7,0x7D,0xEF,0x9E,0xF7,0x7E,0xEF,
  0x7D,0xEF,0xDF,0xFF,0x1C,0xC6,0x8F,0x31,0x72,0x4A,0xBD,0xD6,0xDF,0xFF,0x7D,0xEF,0x7D,0xEF,0x7E,0xEF,0x7D,0xEF,0x7D,0xEF,
  0x7D,0xEF,0x7D,0xEF,0x7D,0xEF,0x7D,0xEF,0x7D,0xEF,0x7D,0xEF,0x7D,0xEF,0x7D,0xEF,0x7D,0xEF,0x7D,0xEF,0x7D,0xEF,0x7D,0xEF,
  0x7D,0xEF,0x7D,0xEF,0x7D,0xEF,0x7D,0xEF,0x7D,0xEF,0x7D,0xEF,0x7D,0xEF,0x7D,0xEF,0x7D,0xEF,0x7D,0xEF,0x7D,0xEF,0x7D,0xEF,
  0x7D,0xEF,0x7D,0xEF,0x7D,0xEF,0x7D,0xEF,0x7D,0xEF,0x7D,0xEF,0x7D,0xEF,0x7D,0xEF,0x7D,0xEF,0x7E,0xEF,0x9E,0xF7,0x7D,0xEF,
  0xBE,0xFF,0xF7,0xED,0x05,0xC9,0x25,0xD1,0x14,0xF5,0x4A,0xE2,0xA4,0xE0,0xC4,0xF0,0xE4,0xE8,0xE3,0xE8,0x04,0xD1,0x76,0xED,
  0xD8,0xF5,0x26,0xD1,0xC4,0xF0,0xC4,0xE8,0x25,0xE1,0x29,0xEA,0x04,0xE1,0x26,0xD9,0xD7,0xFD,0xBE,0xF7,0x7D,0xF7,0x9D,0xEF,
  0x7D,0xF7,0x7D,0xF7,0x7D,0xEF,0x7D,0xEF,0x7D,0xEF,0x7D,0xEF,0x7D,0xEF,0x7D,0xEF,0x7D,0xEF,0x7D,0xEF,0x7D,0xEF,0x7D,0xEF,
  0x7D,0xEF,0x7D,0xEF,0x7D,0xEF,0x7D,0xEF,0x7D,0xEF,0x7D,0xEF,0x7D,0xEF,0x7D,0xEF,0x7D,0xEF,0x7D,0xEF,0x7D,0xEF,0x7D,0xEF,
  0x7D,0xEF,0x7D,0xEF,0x7D,0xEF,0x7D,0xEF,0x7D,0xEF,0x7D,0xEF,0x7D,0xEF,0x7D,0xEF,0x7D,0xEF,0x7D,0xEF,0x7D,0xEF,0x7D,0xEF,
  0x7D,0xF7,0x7D,0xEF,0x7D,0xEF,0x7D,0xEF,0x7D,0xEF,0x9E,0xEF,0xBF,0xF7,0x37,0x84,0x4F,0x29,0xF7,0x83,0x9F,0xEF,0x9D,0xF7,
  0x7D,0xEF,0x7E,0xF7,0x7E,0xEF,0x7D,0xEF,0x7D,0xEF,0x7D,0xEF,0x7D,0xEF,0x7D,0xEF,0x7D,0xEF,0x7D,0xEF,0x7D,0xEF,0x7D,0xEF,
  0x7D,0xEF,0x7D,0xEF,0x7D,0xEF,0x7D,0xEF,0x7D,0xEF,0x7D,0xEF,0x7D,0xEF,0x7D,0xEF,0x7D,0xEF,0x7D,0xEF,0x7D,0xEF,0x7D,0xEF,
  0x7D,0xEF,0x7D,0xEF,0x7D,0xEF,0x7D,0xEF,0x7D,0xEF,0x7D,0xEF,0x7D,0xEF,0x7D,0xEF,0x7D,0xEF,0x7D,0xEF,0x7D,0xEF,0x7D,0xEF,
  0x7D,0xEF,0x7D,0xEF,0x7D,0xEF,0x7D,0xEF,0x7D,0xEF,0x7D,0xEF,0x7D,0xEF,0x7D,0xEF,0x7D,0xEF,0x7D,0xEF,0x7D,0xEF,0x7D,0xEF,
  0x7D,0xEF,0x7D,0xEF,0x7D,0xEF,0x7D,0xEF,0x7D,0xEF,0x7D,0xEF,0x7D,0xEF,0x7D,0xEF,0x7D,0xEF,0x7D,0xEF,0x7D,0xEF,0x7D,0xEF,
  0x7D,0xEF,0x7D,0xEF,0x7D,0xEF,0x7D,0xEF,0x7D,0xEF,0x7D,0xEF,0x7D,0xEF,0x7D,0xEF,0x7D,0xEF,0x7D,0xEF,0x7D,0xEF,0x7D,0xEF,
  0x7D,0xEF,0x7D,0xEF,0x7D,0xEF,0x7D,0xEF,0x7D,0xEF,0x7D,0xEF,0x7D,0xEF,0x7D,0xEF,0x7D,0xEF,0x7D,0xEF,0x7D,0xEF,0x7D,0xEF,
  0x7D,0xEF,0x7D,0xEF,0x7D,0xEF,0x7D,0xEF,0x7D,0xEF,0x7D,0xEF,0x7D,0xEF,0x7D,0xEF,0x7D,0xEF,0x7D,0xEF,0x7D,0xEF,0x7D,0xEF,
  0x7D,0xEF,0x7D,0xEF,0x7D,0xEF,0x7D,0xEF,0x7D,0xEF,0x7D,0xEF,0x7D,0xEF,0x7D,0xEF,0x7D,0xEF,0x7D,0xEF,0x7D,0xEF,0x7D,0xEF,
  0x7D,0xEF,0x7D,0xEF,0x7D,0xEF,0x7D,0xEF,0x7D,0xEF,0x7D,0xEF,0x7D,0xEF,0x7D,0xEF,0x9D,0xF7,0x7E,0xEF,0x9E,0xF7,0x7C,0xEF,
  0xDF,0xFF,0x7A,0xAD,0x6E,0x29,0xF3,0x5A,0x1E,0xDF,0xDE,0xFF,0x5C,0xEF,0x9E,0xEF,0x7D,0xEF,0x7D,0xEF,0x7D,0xEF,0x7D,0xEF,
  0x7D,0xEF,0x7D,0xEF,0x7D,0xEF,0x7D,0xEF,0x7D,0xEF,0x7D,0xEF,0x7D,0xEF,0x7D,0xEF,0x7D,0xEF,0x7D,0xEF,0x7D,0xEF,0x7D,0xEF,
  0x7D,0xEF,0x7D,0xEF,0x7D,0xEF,0x7D,0xEF,0x7D,0xEF,0x7D,0xEF,0x7D,0xEF,0x7D,0xEF,0x7D,0xEF,0x7D,0xEF,0x7D,0xEF,0x7D,0xEF,
  0x7D,0xEF,0x7D,0xEF,0x7D,0xEF,0x7D,0xEF,0x7D,0xEF,0x7D,0xEF,0x7D,0xEF,0x7D,0xEF,0x7D,0xEF,0x7D,0xEF,0x7D,0xEF,0x7D,0xEF,
  0xBE,0xFF,0xB6,0xED,0x04,0xC9,0x05,0xD1,0x51,0xF4,0x29,0xEA,0xA4,0xE0,0xE5,0xE8,0xE4,0xE8,0xA4,0xF0,0x47,0xD9,0x39,0xF6,
  0xBE,0xFF,0x6E,0xE3,0xC3,0xD8,0xE4,0xE8,0xC4,0xF0,0x83,0xE8,0xC4,0xF8,0x83,0xD8,0x51,0xEC,0xBE,0xFF,0x7D,0xEF,0x9E,0xEF,
  0x7D,0xEF,0x7D,0xEF,0x7D,0xEF,0x7D,0xEF,0x7D,0xEF,0x7D,0xEF,0x7D,0xEF,0x7D,0xEF,0x7D,0xEF,0x7D,0xEF,0x7D,0xEF,0x7D,0xEF,
  0x7D,0xEF,0x7D,0xEF,0x7D,0xEF,0x7D,0xEF,0x7D,0xEF,0x7D,0xEF,0x7D,0xEF,0x7D,0xEF,0x7D,0xEF,0x7D,0xEF,0x7D,0xEF,0x7D,0xEF,
  0x7D,0xEF,0x7D,0xEF,0x7D,0xEF,0x7D,0xEF,0x7D,0xEF,0x7D,0xEF,0x7D,0xEF,0x7D,0xEF,0x7D,0xEF,0x7D,0xEF,0x7D,0xEF,0x7D,0xEF,
  0x7D,0xEF,0x7D,0xEF,0x7D,0xEF,0x7D,0xEF,0x7E,0xF7,0x5D,0xEF,0x9D,0xF7,0xDE,0xF7,0xB8,0x94,0x2F,0x29,0xB5,0x73,0x9E,0xEF,
  0xBE,0xF7,0x7E,0xEF,0x9E,0xF7,0x7D,0xEF,0x7D,0xEF,0x7D,0xEF,0x7D,0xEF,0x7D,0xEF,0x7D,0xEF,0x7D,0xEF,0x7D,0xEF,0x7D,0xEF,
  0x7D,0xEF,0x7D,0xEF,0x7D,0xEF,0x7D,0xEF,0x7D,0xEF,0x7D,0xEF,0x7D,0xEF,0x7D,0xEF,0x7D,0xEF,0x7D,0xEF,0x7D,0xEF,0x7D,0xEF,
  0x7D,0xEF,0x7D,0xEF,0x7D,0xEF,0x7D,0xEF,0x7D,0xEF,0x7D,0xEF,0x7D,0xEF,0x7D,0xEF,0x7D,0xEF,0x7D,0xEF,0x7D,0xEF,0x7D,0xEF,
  0x7D,0xEF,0x7D,0xEF,0x7D,0xEF,0x7D,0xEF,0x7D,0xEF,0x7D,0xEF,0x7D,0xEF,0x7D,0xEF,0x7D,0xEF,0x7D,0xEF,0x7D,0xEF,0x7D,0xEF,
  0x7D,0xEF,0x7D,0xEF,0x7D,0xEF,0x7D,0xEF,0x7D,0xEF,0x7D,0xEF,0x7D,0xEF,0x7D,0xEF,0x7D,0xEF,0x7D,0xEF,0x7D,0xEF,0x7D,0xEF,
  0x7D,0xEF,0x7D,0xEF,0x7D,0xEF,0x7D,0xEF,0x7D,0xEF,0x7D,0xEF,0x7D,0xEF,0x7D,0xEF,0x7D,0xEF,0x7D,0xEF,0x7D,0xEF,0x7D,0xEF,
  0x7D,0xEF,0x7D,0xEF,0x7D,0xEF,0x7D,0xEF,0x7D,0xEF,0x7D,0xEF,0x7D,0xEF,0x7D,0xEF,0x7D,0xEF,0x7D,0xEF,0x7D,0xEF,0x7D,0xEF,
  0x7D,0xEF,0x7D,0xEF,0x7D,0xEF,0x7D,0xEF,0x7D,0xEF,0x7D,0xEF,0x7D,0xEF,0x7D,0xEF,0x7D,0xEF,0x7D,0xEF,0x7D,0xEF,0x7D,0xEF,
  0x7D,0xEF,0x7D,0xEF,0x7D,0xEF,0x7D,0xEF,0x7D,0xEF,0x7D,0xEF,0x7D,0xEF,0x7D,0xEF,0x7D,0xEF,0x7D,0xEF,0x7D,0xEF,0x7D,0xEF,
  0x7D,0xEF,0x7D,0xEF,0x7D,0xEF,0x7D,0xEF,0x7D,0xEF,0x7D,0xEF,0x7D,0xEF,0x7D,0xEF,0x7D,0xEF,0x7D,0xEF,0x9D,0xEF,0xFF,0xFF,
  0x3B,0xAD,0x2F,0x29,0x13,0x5B,0x7F,0xEF,0xBE,0xF7,0x5D,0xEF,0x9E,0xEF,0x7D,0xEF,0x7D,0xEF,0x7D,0xEF,0x7D,0xEF,0x7D,0xEF,
  0x7D,0xEF,0x7D,0xEF,0x7D,0xEF,0x7D,0xEF,0x7D,0xEF,0x7D,0xEF,0x7D,0xEF,0x7D,0xEF,0x7D,0xEF,0x7D,0xEF,0x7D,0xEF,0x7D,0xEF,
  0x7D,0xEF,0x7D,0xEF,0x7D,0xEF,0x7D,0xEF,0x7D,0xEF,0x7D,0xEF,0x7D,0xEF,0x7D,0xEF,0x7D,0xEF,0x7D,0xEF,0x7D,0xEF,0x7D,0xEF,
  0x7D,0xEF,0x7D,0xEF,0x7D,0xEF,0x7D,0xEF,0x7D,0xEF,0x7D,0xEF,0x7D,0xEF,0x7D,0xEF,0x7E,0xEF,0x7D,0xEF,0x7D,0xEF,0x7E,0xEF,
  0xBE,0xF7,0xD3,0xF4,0x04,0xD9,0x05,0xD9,0xEC,0xFA,0xC7,0xE9,0xA4,0xE0,0xE5,0xE8,0x04,0xE9,0x83,0xE0,0x6B,0xE2,0x3C,0xFF,
  0xBF,0xFF,0xD8,0xFD,0x66,0xD1,0xE4,0xE8,0xC4,0xE8,0xC4,0xE8,0xC4,0xF0,0xA4,0xD8,0x8B,0xD2,0xFC,0xFE,0x9E,0xEF,0x7E,0xEF,
  0x7D,0xF7,0x9D,0xEF,0x7D,0xEF,0x7D,0xEF,0x7D,0xEF,0x7D,0xEF,0x7D,0xEF,0x7D,0xEF,0x7D,0xEF,0x7D,0xEF,0x7D,0xEF,0x7D,0xEF,
  0x7D,0xEF,0x7D,0xEF,0x7D,0xEF,0x7D,0xEF,0x7D,0xEF,0x7D,0xEF,0x7D,0xEF,0x7D,0xEF,0x7D,0xEF,0x7D,0xEF,0x7D,0xEF,0x7D,0xEF,
  0x7D,0xEF,0x7D,0xEF,0x7D,0xEF,0x7D,0xEF,0x7D,0xEF,0x7D,0xEF,0x7D,0xEF,0x7D,0xEF,0x7D,0xEF,0x7D,0xEF,0x7D,0xEF,0x7D,0xEF,
  0x7D,0xEF,0x7D,0xEF,0x7D,0xEF,0x7D,0xEF,0x7D,0xF7,0x9D,0xF7,0x3D,0xEF,0x7E,0xEF,0xDF,0xF7,0x39,0xA5,0x4F,0x29,0x55,0x6B,
  0x7E,0xEF,0xBE,0xF7,0x5D,0xEF,0x9E,0xF7,0x7D,0xEF,0x7D,0xEF,0x7D,0xEF,0x7D,0xEF,0x7D,0xEF,0x7D,0xEF,0x7D,0xEF,0x7D,0xEF,
  0x7D,0xEF,0x7D,0xEF,0x7D,0xEF,0x7D,0xEF,0x7D,0xEF,0x7D,0xEF,0x7D,0xEF,0x7D,0xEF,0x7D,0xEF,0x7D,0xEF,0x7D,0xEF,0x7D,0xEF,
  0x7D,0xEF,0x7D,0xEF,0x7D,0xEF,0x7D,0xEF,0x7D,0xEF,0x7D,0xEF,0x7D,0xEF,0x7D,0xEF,0x7D,0xEF,0x7D,0xEF,0x7D,0xEF,0x7D,0xEF,
  0x7D,0xEF,0x7D,0xEF,0x7D,0xEF,0x7D,0xEF,0x7D,0xEF,0x7D,0xEF,0x7D,0xEF,0x7D,0xEF,0x7D,0xEF,0x7D,0xEF,0x7D,0xEF,0x7D,0xEF,
  0x7D,0xEF,0x7D,0xEF,0x7D,0xEF,0x7D,0xEF,0x7D,0xEF,0x7D,0xEF,0x7D,0xEF,0x7D,0xEF,0x7D,0xEF,0x7D,0xEF,0x7D,0xEF,0x7D,0xEF,
  0x7D,0xEF,0x7D,0xEF,0x7D,0xEF,0x7D,0xEF,0x7D,0xEF,0x7D,0xEF,0x7D,0xEF,0x7D,0xEF,0x7D,0xEF,0x7D,0xEF,0x7D,0xEF,0x7D,0xEF,
  0x7D,0xEF,0x7D,0xEF,0x7D,0xEF,0x7D,0xEF,0x7D,0xEF,0x7D,0xEF,0x7D,0xEF,0x7D,0xEF,0x7D,0xEF,0x7D,0xEF,0x7D,0xEF,0x7D,0xEF,
  0x7D,0xEF,0x7D,0xEF,0x7D,0xEF,0x7D,0xEF,0x7D,0xEF,0x7D,0xEF,0x7D,0xEF,0x7D,0xEF,0x7D,0xEF,0x7D,0xEF,0x7D,0xEF,0x7D,0xEF,
  0x7D,0xEF,0x7D,0xEF,0x7D,0xEF,0x7D,0xEF,0x7D,0xEF,0x7D,0xEF,0x7D,0xEF,0x7D,0xEF,0x7D,0xEF,0x7D,0xEF,0x7D,0xEF,0x7D,0xEF,
  0x7D,0xEF,0x7E,0xEF,0x7D,0xEF,0x7D,0xEF,0x7D,0xEF,0x7D,0xEF,0x7D,0xF7,0x7D,0xEF,0x7E,0xEF,0x7D,0xEF,0xDF,0xFF,0x5A,0xAD,
  0x2F,0x29,0x35,0x63,0x7F,0xEF,0xBE,0xF7,0x5D,0xEF,0x7E,0xEF,0x7E,0xEF,0x7D,0xEF,0x9D,0xEF,0x7D,0xEF,0x7D,0xEF,0x7D,0xEF,
  0x7D,0xEF,0x7D,0xEF,0x7D,0xEF,0x7D,0xEF,0x7D,0xEF,0x7D,0xEF,0x7D,0xEF,0x7D,0xEF,0x7D,0xEF,0x7D,0xEF,0x7D,0xEF,0x7D,0xEF,
  0x7D,0xEF,0x7D,0xEF,0x7D,0xEF,0x7D,0xEF,0x7D,0xEF,0x7D,0xEF,0x7D,0xEF,0x7D,0xEF,0x7D,0xEF,0x7D,0xEF,0x7D,0xEF,0x7D,0xEF,
  0x7D,0xEF,0x7D,0xEF,0x7D,0xEF,0x7D,0xEF,0x7D,0xEF,0x7D,0xEF,0x7D,0xEF,0x7D,0xEF,0x7D,0xEF,0x9D,0xF7,0x9D,0xF7,0x7E,0xEF,
  0xBF,0xF7,0x6F,0xEB,0xC4,0xE0,0x05,0xE9,0x87,0xF1,0x25,0xE9,0xE5,0xE8,0xC4,0xE0,0xE4,0xF0,0xC3,0xD0,0x72,0xEC,0x9E,0xFF,
  0x7E,0xF7,0x7D,0xFF,0xEC,0xDA,0x83,0xE8,0xE4,0xE8,0xE5,0xE8,0xA4,0xF0,0xC4,0xE8,0x05,0xD1,0x96,0xFD,0xBE,0xF7,0x5E,0xF7,
  0x7D,0xF7,0x7D,0xEF,0x7D,0xEF,0x7D,0xEF,0x7D,0xEF,0x7D,0xEF,0x7D,0xEF,0x7D,0xEF,0x7D,0xEF,0x7D,0xEF,0x7D,0xEF,0x7D,0xEF,
  0x7D,0xEF,0x7D,0xEF,0x7D,0xEF,0x7D,0xEF,0x7D,0xEF,0x7D,0xEF,0x7D,0xEF,0x7D,0xEF,0x7D,0xEF,0x7D,0xEF,0x7D,0xEF,0x7D,0xEF,
  0x7D,0xEF,0x7D,0xEF,0x7D,0xEF,0x7D,0xEF,0x7D,0xEF,0x7D,0xEF,0x7D,0xEF,0x7D,0xEF,0x7D,0xEF,0x7D,0xEF,0x7D,0xEF,0x7D,0xEF,
  0x7D,0xEF,0x7D,0xEF,0x7D,0xEF,0x7D,0xEF,0x7E,0xEF,0x7E,0xEF,0x9E,0xF7,0x7E,0xF7,0x9D,0xF7,0xDE,0xF7,0x7B,0xAD,0x0F,0x21,
  0x34,0x63,0x5E,0xEF,0xBE,0xF7,0x7D,0xEF,0x7E,0xF7,0x7D,0xEF,0x7E,0xF7,0x7D,0xEF,0x7D,0xEF,0x7D,0xEF,0x7D,0xEF,0x7D,0xEF,
  0x7D,0xEF,0x7D,0xEF,0x7D,0xEF,0x7D,0xEF,0x7D,0xEF,0x7D,0xEF,0x7D,0xEF,0x7D,0xEF,0x7D,0xEF,0x7D,0xEF,0x7D,0xEF,0x7D,0xEF,
  0x7D,0xEF,0x7D,0xEF,0x7D,0xEF,0x7D,0xEF,0x7D,0xEF,0x7D,0xEF,0x7D,0xEF,0x7D,0xEF,0x7D,0xEF,0x7D,0xEF,0x7D,0xEF,0x7D,0xEF,
  0x7D,0xEF,0x7D,0xEF,0x7D,0xEF,0x7D,0xEF,0x7D,0xEF,0x7D,0xEF,0x7D,0xEF,0x7D,0xEF,0x7D,0xEF,0x7D,0xEF,0x7D,0xEF,0x7D,0xEF,
  0x7D,0xEF,0x7D,0xEF,0x7D,0xEF,0x7D,0xEF,0x7D,0xEF,0x7D,0xEF,0x7D,0xEF,0x7D,0xEF,0x7D,0xEF,0x7D,0xEF,0x7D,0xEF,0x7D,0xEF,
  0x7D,0xEF,0x7D,0xEF,0x7D,0xEF,0x7D,0xEF,0x7D,0xEF,0x7D,0xEF,0x7D,0xEF,0x7D,0xEF,0x7D,0xEF,0x7D,0xEF,0x7D,0xEF,0x7D,0xEF,
  0x7D,0xEF,0x7D,0xEF,0x7D,0xEF,0x7D,0xEF,0x7D,0xEF,0x7D,0xEF,0x7D,0xEF,0x7D,0xEF,0x7D,0xEF,0x7D,0xEF,0x7D,0xEF,0x7D,0xEF,
  0x7D,0xEF,0x7D,0xEF,0x7D,0xEF,0x7D,0xEF,0x7D,0xEF,0x7D,0xEF,0x7D,0xEF,0x7D,0xEF,0x7D,0xEF,0x7D,0xEF,0x7D,0xEF,0x7D,0xEF,
  0x7D,0xEF,0x7D,0xEF,0x7D,0xEF,0x7D,0xEF,0x7D,0xEF,0x7D,0xEF,0x7D,0xEF,0x7D,0xEF,0x7D,0xEF,0x7D,0xEF,0x7D,0xEF,0x7D,0xEF,
  0x7E,0xEF,0x7D,0xF7,0x7D,0xEF,0x7E,0xEF,0x9E,0xEF,0x9E,0xEF,0x7D,0xEF,0x9D,0xEF,0x7D,0xEF,0xDF,0xFF,0x7B,0xB5,0x2D,0x21,
  0x54,0x63,0x5F,0xE7,0xBE,0xF7,0x5D,0xEF,0x7D,0xF7,0x7C,0xEF,0x9E,0xF7,0x7E,0xF7,0x7D,0xF7,0x7D,0xF7,0x7D,0xF7,0x7D,0xF7,
  0x7D,0xF7,0x7D,0xF7,0x7D,0xF7,0x7D,0xF7,0x7E,0xF7,0x7E,0xEF,0x7E,0xEF,0x9E,0xF7,0x7D,0xEF,0x7D,0xEF,0x7E,0xEF,0x7E,0xEF,
  0x7E,0xEF,0x7D,0xEF,0x7D,0xEF,0x7D,0xEF,0x7D,0xEF,0x7D,0xEF,0x7D,0xEF,0x7D,0xEF,0x7D,0xEF,0x7D,0xEF,0x7D,0xEF,0x7D,0xEF,
  0x7D,0xEF,0x7D,0xEF,0x7D,0xEF,0x7D,0xEF,0x7D,0xEF,0x7D,0xEF,0x7D,0xEF,0x7D,0xEF,0x7D,0xEF,0x9D,0xF7,0x7D,0xEF,0x5D,0xEF,
  0x5D,0xFF,0x4A,0xDA,0x63,0xE0,0xE4,0xE8,0xC4,0xE8,0xC4,0xE8,0xE4,0xE8,0x05,0xE9,0xC4,0xF0,0x86,0xC9,0x59,0xF6,0x9E,0xF7,
  0x7E,0xEF,0xBD,0xF7,0x8E,0xE3,0x63,0xE0,0xE5,0xF0,0xC4,0xE8,0xC4,0xF0,0xE4,0xF8,0x83,0xD8,0x4D,0xD3,0x9D,0xFF,0x7E,0xF7,
  0x7E,0xEF,0x7E,0xF7,0x7E,0xF7,0x7D,0xEF,0x7D,0xEF,0x7D,0xEF,0x7D,0xEF,0x7D,0xEF,0x7D,0xEF,0x7D,0xEF,0x7D,0xEF,0x7D,0xEF,
  0x7D,0xEF,0x7D,0xEF,0x7D,0xEF,0x7D,0xEF,0x7D,0xEF,0x7D,0xEF,0x7D,0xEF,0x7D,0xEF,0x7D,0xEF,0x7D,0xEF,0x7D,0xEF,0x7D,0xEF,
  0x7D,0xEF,0x7D,0xEF,0x7D,0xEF,0x7D,0xEF,0x7D,0xEF,0x7D,0xEF,0x7D,0xEF,0x7E,0xF7,0x9E,0xF7,0x7D,0xF7,0x7D,0xF7,0x7D,0xF7,
  0x7D,0xF7,0x7D,0xF7,0x7D,0xF7,0x7D,0xF7,0x9E,0xF7,0x7D,0xEF,0x7D,0xF7,0x9E,0xF7,0x5E,0xEF,0x7E,0xF7,0xDF,0xF7,0x7A,0xAD,
  0x2F,0x29,0x95,0x6B,0xBF,0xF7,0x9D,0xF7,0x7D,0xEF,0x9E,0xF7,0x7D,0xEF,0x9D,0xEF,0x7E,0xEF,0x7D,0xEF,0x7D,0xF7,0x7E,0xEF,
  0x7D,0xEF,0x7D,0xEF,0x7D,0xEF,0x7D,0xEF,0x7D,0xEF,0x7D,0xEF,0x7D,0xEF,0x7D,0xEF,0x7D,0xEF,0x7D,0xEF,0x7D,0xEF,0x7D,0xEF,
  0x7D,0xEF,0x7D,0xEF,0x7D,0xEF,0x7D,0xEF,0x7D,0xEF,0x7D,0xEF,0x7D,0xEF,0x7D,0xEF,0x7D,0xEF,0x7D,0xEF,0x7D,0xEF,0x7D,0xEF,
  0x7D,0xEF,0x7D,0xEF,0x7D,0xEF,0x7D,0xEF,0x7D,0xEF,0x7D,0xEF,0x7D,0xEF,0x7D,0xEF,0x7D,0xEF,0x7D,0xEF,0x7D,0xEF,0x7D,0xEF,
  0x7D,0xEF,0x7D,0xEF,0x7D,0xEF,0x7D,0xEF,0x7D,0xEF,0x7D,0xEF,0x7D,0xEF,0x7D,0xEF,0x7D,0xEF,0x7D,0xEF,0x7D,0xEF,0x7D,0xEF,
  0x7D,0xEF,0x7D,0xEF,0x7D,0xEF,0x7D,0xEF,0x7D,0xEF,0x7D,0xEF,0x7D,0xEF,0x7D,0xEF,0x7D,0xEF,0x7D,0xEF,0x7D,0xEF,0x7D,0xEF,
  0x7D,0xEF,0x7D,0xEF,0x7D,0xEF,0x7D,0xEF,0x7D,0xEF,0x7D,0xEF,0x7D,0xEF,0x7D,0xEF,0x7D,0xEF,0x7D,0xEF,0x7D,0xEF,0x7D,0xEF,
  0x7D,0xEF,0x7D,0xEF,0x7D,0xEF,0x7D,0xEF,0x7D,0xEF,0x7D,0xEF,0x7D,0xEF,0x7D,0xEF,0x7D,0xEF,0x7D,0xEF,0x7D,0xEF,0x7D,0xEF,
  0x7D,0xEF,0x7D,0xEF,0x7D,0xEF,0x7D,0xEF,0x7D,0xEF,0x7D,0xEF,0x7D,0xEF,0x7D,0xEF,0x7D,0xEF,0x7D,0xEF,0x7D,0xEF,0x7D,0xEF,
  0x7E,0xEF,0x9D,0xEF,0x7D,0xEF,0x7D,0xF7,0x7D,0xEF,0x7E,0xEF,0x9E,0xEF,0x7D,0xEF,0xFF,0xFF,0xBB,0xB5,0x2E,0x21,0x34,0x63,
  0x5F,0xE7,0xBD,0xF7,0x7D,0xEF,0x7D,0xEF,0x7D,0xEF,0x7D,0xEF,0x9D,0xEF,0x7D,0xEF,0x7D,0xEF,0x7D,0xEF,0x7D,0xEF,0x7D,0xEF,
  0x7D,0xEF,0x7D,0xEF,0x7D,0xEF,0x7D,0xEF,0x7D,0xEF,0x7D,0xEF,0x7D,0xEF,0x7D,0xEF,0x7D,0xEF,0x7D,0xEF,0x7E,0xEF,0x7E,0xEF,
  0x7E,0xEF,0x7D,0xEF,0x7D,0xEF,0x7D,0xEF,0x7D,0xEF,0x7D,0xEF,0x7D,0xEF,0x7D,0xEF,0x7D,0xEF,0x7D,0xEF,0x7D,0xEF,0x7D,0xEF,
  0x7D,0xEF,0x7D,0xEF,0x7D,0xEF,0x7D,0xEF,0x7D,0xEF,0x7D,0xEF,0x7D,0xEF,0x7D,0xEF,0x7D,0xEF,0x9D,0xF7,0x7D,0xEF,0xBE,0xFF,
  0x75,0xED,0xE8,0xC9,0xA7,0xF1,0xA3,0xE8,0xC4,0xE8,0xC3,0xE8,0xC4,0xE8,0xE4,0xF0,0x83,0xE0,0x6E,0xE3,0x9E,0xFF,0x3D,0xEF,
  0x7D,0xEF,0xFB,0xFE,0x49,0xD2,0xA4,0xE0,0xC5,0xE8,0xC4,0xF0,0xC4,0xE8,0xC4,0xF0,0xC3,0xE8,0xA7,0xD1,0x39,0xFE,0xBE,0xF7,
  0x7E,0xEF,0x7E,0xEF,0x7E,0xEF,0x7D,0xEF,0x7D,0xEF,0x7D,0xEF,0x7D,0xEF,0x7D,0xEF,0x7D,0xEF,0x7D,0xEF,0x7D,0xEF,0x7D,0xEF,
  0x7D,0xEF,0x7D,0xEF,0x7D,0xEF,0x7D,0xEF,0x7D,0xEF,0x7D,0xEF,0x7D,0xEF,0x7D,0xEF,0x7D,0xEF,0x7D,0xEF,0x7D,0xEF,0x7D,0xEF,
  0x7D,0xEF,0x7D,0xEF,0x7D,0xEF,0x7D,0xEF,0x9E,0xF7,0x9E,0xF7,0x7D,0xEF,0x7D,0xEF,0x9D,0xEF,0x7D,0xEF,0x7D,0xEF,0x7D,0xEF,
  0x7D,0xEF,0x7D,0xEF,0x7D,0xEF,0x7D,0xEF,0x7D,0xEF,0x7D,0xEF,0x7D,0xEF,0x7D,0xEF,0x7D,0xF7,0x7C,0xEF,0x7D,0xEF,0xDF,0xF7,
  0x59,0xA5,0x4F,0x29,0xF6,0x7B,0x7E,0xEF,0x9D,0xEF,0x7E,0xEF,0x9E,0xF7,0x9D,0xEF,0x7D,0xEF,0x7D,0xEF,0x9D,0xEF,0x7E,0xEF,
  0x7D,0xEF,0x7D,0xEF,0x7D,0xEF,0x7D,0xEF,0x7D,0xEF,0x7D,0xEF,0x7D,0xEF,0x7D,0xEF,0x7D,0xEF,0x7D,0xEF,0x7D,0xEF,0x7D,0xEF,
  0x7D,0xEF,0x7D,0xEF,0x7D,0xEF,0x7D,0xEF,0x7D,0xEF,0x7D,0xEF,0x7D,0xEF,0x7D,0xEF,0x7D,0xEF,0x7D,0xEF,0x7D,0xEF,0x7D,0xEF,
  0x7D,0xEF,0x7D,0xEF,0x7D,0xEF,0x7D,0xEF,0x7D,0xEF,0x7D,0xEF,0x7D,0xEF,0x7D,0xEF,0x7D,0xEF,0x7D,0xEF,0x7D,0xEF,0x7D,0xEF,
  0x7D,0xEF,0x7D,0xEF,0x7D,0xEF,0x7D,0xEF,0x7D,0xEF,0x7D,0xEF,0x7D,0xEF,0x7D,0xEF,0x7D,0xEF,0x7D,0xEF,0x7D,0xEF,0x7D,0xEF,
  0x7D,0xEF,0x7D,0xEF,0x7D,0xEF,0x7D,0xEF,0x7D,0xEF,0x7D,0xEF,0x7D,0xEF,0x7D,0xEF,0x7D,0xEF,0x7D,0xEF,0x7D,0xEF,0x7D,0xEF,
  0x7D,0xEF,0x7D,0xEF,0x7D,0xEF,0x7D,0xEF,0x7D,0xEF,0x7D,0xEF,0x7D,0xEF,0x7D,0xEF,0x7D,0xEF,0x7D,0xEF,0x7D,0xEF,0x7D,0xEF,
  0x7D,0xEF,0x7D,0xEF,0x7D,0xEF,0x7D,0xEF,0x7D,0xEF,0x7D,0xEF,0x7D,0xEF,0x7D,0xEF,0x7D,0xEF,0x7D,0xEF,0x7D,0xEF,0x7D,0xEF,
  0x7D,0xEF,0x7D,0xEF,0x7D,0xEF,0x7D,0xEF,0x7D,0xEF,0x7D,0xEF,0x7D,0xEF,0x7D,0xEF,0x7D,0xEF,0x7D,0xEF,0x7D,0xEF,0x7D,0xEF,
  0x7D,0xF7,0x9D,0xEF,0x9E,0xEF,0x9D,0xEF,0x9D,0xF7,0x9E,0xF7,0x5D,0xEF,0xDF,0xF7,0x5D,0xC6,0x8E,0x29,0x33,0x63,0x7F,0xEF,
  0xBE,0xF7,0x7D,0xEF,0x7D,0xEF,0x7E,0xEF,0x7E,0xEF,0x7E,0xEF,0x7D,0xEF,0x7D,0xEF,0x7D,0xEF,0x7D,0xEF,0x7D,0xEF,0x7D,0xEF,
  0x7D,0xEF,0x7D,0xEF,0x7D,0xEF,0x7D,0xEF,0x7D,0xEF,0x7D,0xEF,0xBD,0xF7,0x9D,0xF7,0x7D,0xEF,0x9E,0xF7,0x7E,0xEF,0x7E,0xEF,
  0x7D,0xEF,0x9D,0xEF,0x7D,0xEF,0x7D,0xEF,0x7D,0xEF,0x7D,0xEF,0x7D,0xEF,0x7D,0xEF,0x7D,0xEF,0x7D,0xEF,0x7D,0xEF,0x7D,0xEF,
  0x7D,0xEF,0x7D,0xEF,0x7D,0xEF,0x7D,0xEF,0x7D,0xEF,0x7D,0xEF,0x7D,0xEF,0x7D,0xEF,0x7D,0xEF,0x7D,0xF7,0x7D,0xEF,0xBE,0xFF,
  0xAF,0xDB,0xEC,0xD2,0xCC,0xEA,0x83,0xE8,0xC4,0xF0,0xE3,0xE0,0xC4,0xE8,0xC4,0xE8,0x05,0xD1,0x76,0xFD,0x9E,0xF7,0x9E,0xF7,
  0x9D,0xFF,0x95,0xF5,0x05,0xC9,0xE4,0xF0,0xE4,0xE8,0xC4,0xE8,0xE4,0xE8,0xE4,0xE8,0xC4,0xF0,0xA4,0xE0,0xF1,0xEB,0x9E,0xFF,
  0x9E,0xEF,0x7E,0xEF,0x7E,0xF7,0x7D,0xEF,0x7D,0xEF,0x7D,0xEF,0x7D,0xEF,0x7D,0xEF,0x7D,0xEF,0x7D,0xEF,0x7D,0xEF,0x7D,0xEF,
  0x7D,0xEF,0x7D,0xEF,0x7D,0xEF,0x7D,0xEF,0x7D,0xEF,0x7D,0xEF,0x7D,0xEF,0x7D,0xEF,0x7D,0xEF,0x7D,0xEF,0x7D,0xEF,0x7D,0xEF,
  0x7D,0xEF,0x7D,0xEF,0x9E,0xF7,0x9E,0xF7,0x9E,0xF7,0x9E,0xF7,0x9D,0xEF,0x7D,0xEF,0x7E,0xEF,0x9E,0xEF,0x9E,0xEF,0x9E,0xEF,
  0x7D,0xEF,0x7D,0xEF,0x7D,0xEF,0x7D,0xEF,0x7D,0xEF,0x7D,0xEF,0x7D,0xEF,0x7E,0xEF,0x5E,0xEF,0x7D,0xEF,0x7C,0xEF,0x7C,0xEF,
  0xDF,0xFF,0x1A,0xA5,0xCC,0x18,0x57,0x8C,0xDF,0xFF,0x5D,0xEF,0x7E,0xF7,0x7E,0xF7,0x9D,0xEF,0x9D,0xEF,0x7D,0xEF,0x7D,0xF7,
  0x7D,0xEF,0x7D,0xEF,0x7D,0xEF,0x7D,0xEF,0x7D,0xEF,0x7D,0xEF,0x7D,0xEF,0x7D,0xEF,0x7D,0xEF,0x7D,0xEF,0x7D,0xEF,0x7D,0xEF,
  0x7D,0xEF,0x7D,0xEF,0x7D,0xEF,0x7D,0xEF,0x7D,0xEF,0x7D,0xEF,0x7D,0xEF,0x7D,0xEF,0x7D,0xEF,0x7D,0xEF,0x7D,0xEF,0x7D,0xEF,
  0x7D,0xEF,0x7D,0xEF,0x7D,0xEF,0x7D,0xEF,0x7D,0xEF,0x7D,0xEF,0x7D,0xEF,0x7D,0xEF,0x7D,0xEF,0x7D,0xEF,0x7D,0xEF,0x7D,0xEF,
  0x7D,0xEF,0x7D,0xEF,0x7D,0xEF,0x7D,0xEF,0x7D,0xEF,0x7D,0xEF,0x7D,0xEF,0x7D,0xEF,0x7D,0xEF,0x7D,0xEF,0x7D,0xEF,0x7D,0xEF,
  0x7D,0xEF,0x7D,0xEF,0x7D,0xEF,0x7D,0xEF,0x7D,0xEF,0x7D,0xEF,0x7D,0xEF,0x7D,0xEF,0x7D,0xEF,0x7D,0xEF,0x7D,0xEF,0x7D,0xEF,
  0x7D,0xEF,0x7D,0xEF,0x7D,0xEF,0x7D,0xEF,0x7D,0xEF,0x7D,0xEF,0x7D,0xEF,0x7D,0xEF,0x7D,0xEF,0x7D,0xEF,0x7D,0xEF,0x7D,0xEF,
  0x7D,0xEF,0x7D,0xEF,0x7D,0xEF,0x7D,0xEF,0x7D,0xEF,0x7D,0xEF,0x7D,0xEF,0x7D,0xEF,0x7D,0xEF,0x7D,0xEF,0x7D,0xEF,0x7D,0xEF,
  0x7D,0xEF,0x7D,0xEF,0x7D,0xEF,0x7D,0xEF,0x7D,0xEF,0x7D,0xEF,0x7D,0xEF,0x7D,0xEF,0x7D,0xEF,0x7D,0xEF,0x7D,0xEF,0x7D,0xEF,
  0x7E,0xF7,0x7D,0xEF,0x9D,0xEF,0x7D,0xEF,0x7E,0xF7,0x5D,0xEF,0xBE,0xF7,0xBD,0xD6,0xF1,0x39,0x92,0x4A,0x3E,0xDF,0xDD,0xF7,
  0x7D,0xEF,0xBE,0xFF,0xBD,0xF7,0xBD,0xF7,0xBE,0xF7,0xBE,0xF7,0xBD,0xF7,0xBD,0xF7,0xBE,0xF7,0xBE,0xF7,0xBE,0xF7,0xBE,0xF7,
  0xBE,0xF7,0xBE,0xF7,0xBE,0xF7,0xBE,0xF7,0xBE,0xFF,0xBE,0xF7,0x7D,0xEF,0x9E,0xF7,0x7D,0xEF,0x7E,0xEF,0x7E,0xEF,0x7E,0xEF,
  0x7D,0xEF,0x9D,0xEF,0x7D,0xEF,0x7D,0xEF,0x7D,0xEF,0x7D,0xEF,0x7D,0xEF,0x7D,0xEF,0x7D,0xEF,0x7D,0xEF,0x7D,0xEF,0x7D,0xEF,
  0x7D,0xEF,0x7D,0xEF,0x7D,0xEF,0x7D,0xEF,0x7D,0xEF,0x7D,0xEF,0x7D,0xEF,0x7D,0xEF,0x7D,0xEF,0x7D,0xEF,0x9E,0xF7,0xFB,0xFE,
  0x09,0xD2,0x92,0xEC,0x6E,0xE3,0x63,0xE0,0xC5,0xF0,0xE4,0xE0,0xE4,0xE8,0xA3,0xE8,0x09,0xD2,0xFB,0xFE,0x7E,0xEF,0x9C,0xCE,
  0xBF,0xF7,0x31,0xEC,0xA4,0xD8,0xE4,0xF0,0xE4,0xE8,0xC4,0xE8,0xC4,0xE8,0xC4,0xE8,0xC4,0xF0,0x84,0xE8,0x09,0xD2,0x1B,0xFF,
  0xBE,0xEF,0x7E,0xEF,0x7E,0xF7,0x7D,0xEF,0x7D,0xEF,0x7D,0xEF,0x7D,0xEF,0x7D,0xEF,0x7D,0xEF,0x7D,0xEF,0x7D,0xEF,0x7D,0xEF,
  0x7D,0xEF,0x7D,0xEF,0x7D,0xEF,0x7D,0xEF,0x7D,0xEF,0x7D,0xEF,0x7D,0xEF,0x7D,0xEF,0x7D,0xEF,0x7D,0xEF,0x7D,0xEF,0x7D,0xEF,
  0x7D,0xEF,0x7D,0xEF,0x9E,0xF7,0x9E,0xF7,0x9E,0xF7,0x9E,0xF7,0x7D,0xEF,0xBE,0xF7,0xBE,0xF7,0xBE,0xF7,0xBE,0xF7,0xBE,0xF7,
  0xBE,0xF7,0xBE,0xF7,0xBE,0xF7,0xBE,0xF7,0xBE,0xF7,0xBE,0xF7,0xBD,0xF7,0xBD,0xF7,0xBE,0xF7,0xBE,0xF7,0xBE,0xF7,0xDE,0xF7,
  0x7D,0xEF,0xBF,0xF7,0x99,0x94,0x0E,0x21,0xD8,0x9C,0xDF,0xFF,0x7C,0xEF,0x7D,0xEF,0x7E,0xEF,0x9E,0xEF,0x7E,0xEF,0x7D,0xF7,
  0x7D,0xEF,0x7D,0xEF,0x7D,0xEF,0x7D,0xEF,0x7D,0xEF,0x7D,0xEF,0x7D,0xEF,0x7D,0xEF,0x7D,0xEF,0x7D,0xEF,0x7D,0xEF,0x7D,0xEF,
  0x7D,0xEF,0x7D,0xEF,0x7D,0xEF,0x7D,0xEF,0x7D,0xEF,0x7D,0xEF,0x7D,0xEF,0x7D,0xEF,0x7D,0xEF,0x7D,0xEF,0x7D,0xEF,0x7D,0xEF,
  0x7D,0xEF,0x7D,0xEF,0x7D,0xEF,0x7D,0xEF,0x7D,0xEF,0x7D,0xEF,0x7D,0xEF,0x7D,0xEF,0x7D,0xEF,0x7D,0xEF,0x7D,0xEF,0x7D,0xEF,
  0x7D,0xEF,0x7D,0xEF,0x7D,0xEF,0x7D,0xEF,0x7D,0xEF,0x7D,0xEF,0x7D,0xEF,0x7D,0xEF,0x7D,0xEF,0x7D,0xEF,0x7D,0xEF,0x7D,0xEF,
  0x7D,0xEF,0x7D,0xEF,0x7D,0xEF,0x7D,0xEF,0x7D,0xEF,0x7D,0xEF,0x7D,0xEF,0x7D,0xEF,0x7D,0xEF,0x7D,0xEF,0x7D,0xEF,0x7D,0xEF,
  0x7D,0xEF,0x7D,0xEF,0x7D,0xEF,0x7D,0xEF,0x7D,0xEF,0x7D,0xEF,0x7D,0xEF,0x7D,0xEF,0x7D,0xEF,0x7D,0xEF,0x7D,0xEF,0x7D,0xEF,
  0x7D,0xEF,0x7D,0xEF,0x7D,0xEF,0x7D,0xEF,0x7D,0xEF,0x7D,0xEF,0x7D,0xEF,0x7D,0xEF,0x7D,0xEF,0x7D,0xEF,0x7D,0xEF,0x7D,0xEF,
  0x7D,0xEF,0x7D,0xEF,0x7D,0xEF,0x7D,0xEF,0x7D,0xEF,0x7D,0xEF,0x7D,0xEF,0x7D,0xEF,0x7D,0xEF,0x7D,0xEF,0x7D,0xEF,0x7D,0xEF,
  0x7D,0xF7,0x7D,0xEF,0x7D,0xEF,0x7E,0xEF,0x7D,0xEF,0xDD,0xF7,0x3F,0xE7,0x72,0x52,0x10,0x42,0xDE,0xDE,0xBD,0xF7,0x7D,0xEF,
  0xFD,0xDE,0xDC,0xD6,0xDB,0xD6,0xDC,0xD6,0xBC,0xD6,0xDC,0xD6,0xDC,0xD6,0xDC,0xD6,0xDC,0xD6,0xDC,0xD6,0xDC,0xD6,0xDC,0xD6,
  0xDC,0xD6,0xDC,0xD6,0xDC,0xD6,0xDC,0xD6,0x7B,0xCE,0xFD,0xE6,0x9F,0xF7,0x7E,0xEF,0x7D,0xEF,0x7D,0xEF,0x7D,0xEF,0x7D,0xEF,
  0x7D,0xEF,0x7D,0xEF,0x7D,0xEF,0x7D,0xEF,0x7D,0xEF,0x7D,0xEF,0x7D,0xEF,0x7D,0xEF,0x7D,0xEF,0x7D,0xEF,0x7D,0xEF,0x7D,0xEF,
  0x7D,0xEF,0x7D,0xEF,0x7D,0xEF,0x7D,0xEF,0x7D,0xEF,0x7D,0xEF,0x7D,0xEF,0x7D,0xEF,0x7D,0xF7,0x7D,0xEF,0x9E,0xF7,0xD8,0xFD,
  0xC4,0xC0,0x18,0xFE,0x31,0xE4,0x83,0xD8,0xE5,0xE8,0xC4,0xE8,0xE4,0xE8,0x83,0xE0,0x0C,0xDB,0x7D,0xFF,0x1F,0xE7,0x11,0x5B,
  0x5C,0xC6,0x73,0xFC,0xC4,0xE0,0xA3,0xE8,0xC4,0xE8,0xC4,0xE8,0xC4,0xF0,0xE4,0xE8,0xE4,0xE8,0xC4,0xF0,0xE4,0xD0,0x55,0xF5,
  0x9E,0xFF,0x7D,0xF7,0x7D,0xEF,0x7D,0xEF,0x7D,0xEF,0x7D,0xEF,0x7D,0xEF,0x7D,0xEF,0x7D,0xEF,0x7D,0xEF,0x7D,0xEF,0x7D,0xEF,
  0x7D,0xEF,0x7D,0xEF,0x7D,0xEF,0x7D,0xEF,0x7D,0xEF,0x7D,0xEF,0x7D,0xEF,0x7D,0xEF,0x7D,0xEF,0x7D,0xEF,0x7D,0xEF,0x7D,0xEF,
  0x7D,0xEF,0x7D,0xEF,0x7D,0xEF,0x7D,0xEF,0x7D,0xEF,0x7D,0xEF,0x7D,0xEF,0xBB,0xD6,0xDC,0xD6,0xDC,0xD6,0xBC,0xD6,0xBC,0xD6,
  0xDC,0xD6,0xDC,0xD6,0xDC,0xD6,0xDC,0xD6,0xDC,0xD6,0xBC,0xD6,0xBC,0xD6,0xDC,0xD6,0xDC,0xD6,0xBC,0xD6,0xDD,0xDE,0x9C,0xD6,
  0x3D,0xE7,0x9D,0xF7,0xBF,0xF7,0x16,0x7C,0x4F,0x29,0x7A,0xAD,0xDF,0xF7,0x7D,0xEF,0x7E,0xEF,0x7D,0xEF,0x7E,0xEF,0x7D,0xF7,
  0x7D,0xEF,0x7D,0xEF,0x7D,0xEF,0x7D,0xEF,0x7D,0xEF,0x7D,0xEF,0x7D,0xEF,0x7D,0xEF,0x7D,0xEF,0x7D,0xEF,0x7D,0xEF,0x7D,0xEF,
  0x7D,0xEF,0x7D,0xEF,0x7D,0xEF,0x7D,0xEF,0x7D,0xEF,0x7D,0xEF,0x7D,0xEF,0x7D,0xEF,0x7D,0xEF,0x7D,0xEF,0x7D,0xEF,0x7D,0xEF,
  0x7D,0xEF,0x7D,0xEF,0x7D,0xEF,0x7D,0xEF,0x7D,0xEF,0x7D,0xEF,0x7D,0xEF,0x7D,0xEF,0x7D,0xEF,0x7D,0xEF,0x7D,0xEF,0x7D,0xEF,
  0x7D,0xEF,0x7D,0xEF,0x7D,0xEF,0x7D,0xEF,0x7D,0xEF,0x7D,0xEF,0x7D,0xEF,0x7D,0xEF,0x7D,0xEF,0x7D,0xEF,0x7D,0xEF,0x7D,0xEF,
  0x7D,0xEF,0x7D,0xEF,0x7D,0xEF,0x7D,0xEF,0x7D,0xEF,0x7D,0xEF,0x7D,0xEF,0x7D,0xEF,0x7D,0xEF,0x7D,0xEF,0x7D,0xEF,0x7D,0xEF,
  0x7D,0xEF,0x7D,0xEF,0x7D,0xEF,0x7D,0xEF,0x7D,0xEF,0x7D,0xEF,0x7D,0xEF,0x7D,0xEF,0x7D,0xEF,0x7D,0xEF,0x7D,0xEF,0x7D,0xEF,
  0x7D,0xEF,0x7D,0xEF,0x7D,0xEF,0x7D,0xEF,0x7D,0xEF,0x7D,0xEF,0x7D,0xEF,0x7D,0xEF,0x7D,0xEF,0x7D,0xEF,0x7D,0xEF,0x7D,0xEF,
  0x7D,0xEF,0x7D,0xEF,0x7D,0xEF,0x7D,0xEF,0x7D,0xEF,0x7D,0xEF,0x7D,0xEF,0x7D,0xEF,0x7D,0xEF,0x7D,0xEF,0x7D,0xEF,0x7D,0xEF,
  0x9E,0xEF,0x7D,0xEF,0x7E,0xF7,0x7D,0xF7,0x7C,0xEF,0x9F,0xEF,0x35,0x63,0x6F,0x29,0x5C,0xC6,0xDD,0xFF,0xBF,0xFF,0xB8,0x94,
  0xD1,0x31,0x13,0x3A,0xF2,0x39,0xD3,0x39,0xD3,0x39,0xD2,0x39,0xF3,0x39,0xF3,0x39,0xF2,0x39,0xF2,0x39,0xD2,0x39,0xD3,0x39,
  0xF2,0x39,0xF3,0x39,0xD2,0x39,0x91,0x31,0x74,0x6B,0xFC,0xDE,0x9E,0xF7,0x7D,0xEF,0x9D,0xF7,0x9D,0xF7,0x7D,0xEF,0x7D,0xEF,
  0x7D,0xEF,0x7D,0xEF,0x7D,0xEF,0x7D,0xEF,0x7D,0xEF,0x7D,0xEF,0x7D,0xEF,0x7D,0xEF,0x7D,0xEF,0x7D,0xEF,0x7D,0xEF,0x7D,0xEF,
  0x7D,0xEF,0x7D,0xEF,0x7D,0xEF,0x7D,0xEF,0x7D,0xEF,0x7D,0xEF,0x7D,0xEF,0x7D,0xEF,0x7E,0xF7,0x5D,0xEF,0xBE,0xFF,0x91,0xDC,
  0x25,0xC9,0x99,0xFE,0xD7,0xFD,0x46,0xD9,0xE4,0xE8,0xC4,0xE8,0xE4,0xF0,0xA3,0xE0,0x6D,0xDB,0x9D,0xFF,0x7C,0xDE,0x4F,0x19,
  0x75,0x6B,0x32,0xF4,0xE3,0xD8,0xE4,0xE8,0xC4,0xE8,0xC4,0xE8,0xC4,0xF0,0xE4,0xE8,0xC4,0xE8,0xC4,0xF0,0xA4,0xD8,0xAF,0xEB,
  0x7D,0xFF,0x7E,0xF7,0x7D,0xEF,0x9D,0xEF,0x7D,0xEF,0x7D,0xEF,0x7D,0xEF,0x7D,0xEF,0x7D,0xEF,0x7D,0xEF,0x7D,0xEF,0x7D,0xEF,
  0x7D,0xEF,0x7D,0xEF,0x7D,0xEF,0x7D,0xEF,0x7D,0xEF,0x7D,0xEF,0x7D,0xEF,0x7D,0xEF,0x7D,0xEF,0x7D,0xEF,0x7D,0xEF,0x7D,0xEF,
  0x7D,0xEF,0x7D,0xEF,0x7D,0xEF,0x7D,0xEF,0x7D,0xEF,0x7D,0xEF,0x9E,0xF7,0x1A,0xA5,0xD1,0x31,0xB2,0x31,0x14,0x3A,0xF2,0x39,
  0xF2,0x39,0xD2,0x39,0xD2,0x39,0xF2,0x39,0xF2,0x39,0xD2,0x39,0xF3,0x39,0xF3,0x39,0xF3,0x39,0xF3,0x39,0xF3,0x41,0xB1,0x39,
  0x14,0x6B,0x3E,0xEF,0x9D,0xF7,0x9F,0xEF,0x14,0x63,0xB0,0x31,0x7D,0xCE,0xDE,0xF7,0x5D,0xEF,0x9E,0xF7,0x7D,0xEF,0x9D,0xEF,
  0x9D,0xEF,0x7D,0xEF,0x7D,0xEF,0x7D,0xEF,0x7D,0xEF,0x7D,0xEF,0x7D,0xEF,0x7D,0xEF,0x7D,0xEF,0x7D,0xEF,0x7D,0xEF,0x7D,0xEF,
  0x7D,0xEF,0x7D,0xEF,0x7D,0xEF,0x7D,0xEF,0x7D,0xEF,0x7D,0xEF,0x7D,0xEF,0x7D,0xEF,0x7D,0xEF,0x7D,0xEF,0x7D,0xEF,0x7D,0xEF,
  0x7D,0xEF,0x7D,0xEF,0x7D,0xEF,0x7D,0xEF,0x7D,0xEF,0x7D,0xEF,0x7D,0xEF,0x7D,0xEF,0x7D,0xEF,0x7D,0xEF,0x7D,0xEF,0x7D,0xEF,
  0x7D,0xEF,0x7D,0xEF,0x7D,0xEF,0x7D,0xEF,0x7D,0xEF,0x7D,0xEF,0x7D,0xEF,0x7D,0xEF,0x7D,0xEF,0x7D,0xEF,0x7D,0xEF,0x7D,0xEF,
  0x7D,0xEF,0x7D,0xEF,0x7D,0xEF,0x7D,0xEF,0x7D,0xEF,0x7D,0xEF,0x7D,0xEF,0x7D,0xEF,0x7D,0xEF,0x7D,0xEF,0x7D,0xEF,0x7D,0xEF,
  0x7D,0xEF,0x7D,0xEF,0x7D,0xEF,0x7D,0xEF,0x7D,0xEF,0x7D,0xEF,0x7D,0xEF,0x7D,0xEF,0x7D,0xEF,0x7D,0xEF,0x7D,0xEF,0x7D,0xEF,
  0x7D,0xEF,0x7D,0xEF,0x7D,0xEF,0x7D,0xEF,0x7D,0xEF,0x7D,0xEF,0x7D,0xEF,0x7D,0xEF,0x7D,0xEF,0x7D,0xEF,0x7D,0xEF,0x7D,0xEF,
  0x7D,0xEF,0x7D,0xEF,0x7D,0xEF,0x7D,0xEF,0x7D,0xEF,0x7D,0xEF,0x7D,0xEF,0x7D,0xEF,0x7D,0xEF,0x7D,0xEF,0x7D,0xEF,0x7D,0xEF,
  0x9E,0xEF,0x9D,0xEF,0x9D,0xF7,0x7D,0xEF,0xDF,0xFF,0x57,0x8C,0x2E,0x21,0x9B,0xB5,0xBF,0xF7,0xDF,0xFF,0x79,0xAD,0xAF,0x31,
  0x71,0x29,0x92,0x29,0x72,0x29,0x72,0x29,0x72,0x29,0x72,0x29,0x72,0x29,0x72,0x29,0x71,0x29,0x72,0x29,0x72,0x29,0x92,0x29,
  0x91,0x29,0x72,0x29,0x70,0x29,0x74,0x6B,0x1E,0xE7,0x9E,0xF7,0x7D,0xEF,0x9E,0xF7,0x7D,0xEF,0x7D,0xEF,0x7D,0xEF,0x7D,0xEF,
  0x7D,0xEF,0x7D,0xEF,0x7D,0xEF,0x7D,0xEF,0x7D,0xEF,0x7D,0xEF,0x7D,0xEF,0x7D,0xEF,0x7D,0xEF,0x7D,0xEF,0x7D,0xEF,0x7D,0xEF,
  0x7D,0xEF,0x7D,0xEF,0x7D,0xEF,0x7D,0xEF,0x7D,0xEF,0x7D,0xEF,0x7D,0xEF,0x7D,0xEF,0x7D,0xEF,0x7D,0xF7,0xBE,0xFF,0xAE,0xD3,
  0x26,0xC1,0xBB,0xFE,0x9E,0xFF,0x8A,0xD2,0x82,0xE8,0xE4,0xF0,0xC4,0xE8,0xC3,0xE0,0x29,0xCA,0x5E,0xFF,0xD7,0x94,0x31,0x19,
  0x90,0x31,0x0E,0xA2,0x06,0xD9,0xE4,0xF0,0xC4,0xE8,0xC4,0xF0,0xC4,0xE8,0xC4,0xE8,0xC4,0xF0,0xC4,0xE8,0xC4,0xE0,0xAC,0xE2,
  0x3C,0xFF,0x9E,0xEF,0x7E,0xEF,0x7D,0xEF,0x7D,0xEF,0x7D,0xEF,0x7D,0xEF,0x7D,0xEF,0x7D,0xEF,0x7D,0xEF,0x7D,0xEF,0x7D,0xEF,
  0x7D,0xEF,0x7D,0xEF,0x7D,0xEF,0x7D,0xEF,0x7D,0xEF,0x7D,0xEF,0x7D,0xEF,0x7D,0xEF,0x7D,0xEF,0x7D,0xEF,0x7D,0xEF,0x7D,0xEF,
  0x7D,0xEF,0x7D,0xEF,0x7D,0xEF,0x7D,0xEF,0x7D,0xEF,0x7D,0xEF,0x7E,0xEF,0xBF,0xF7,0x5A,0xA5,0xD1,0x39,0x31,0x21,0x93,0x29,
  0x92,0x29,0x71,0x29,0x92,0x29,0x72,0x29,0x92,0x29,0x73,0x29,0x71,0x29,0x72,0x29,0x92,0x29,0x91,0x29,0x92,0x29,0x92,0x29,
  0x30,0x21,0x95,0x73,0x9F,0xEF,0xBD,0xF7,0x3E,0xE7,0x51,0x4A,0x30,0x42,0x1F,0xE7,0xBE,0xF7,0x7D,0xF7,0x7E,0xF7,0x9E,0xEF,
  0x9E,0xF7,0x7D,0xEF,0x7D,0xEF,0x7D,0xEF,0x7D,0xEF,0x7D,0xEF,0x7D,0xEF,0x7D,0xEF,0x7D,0xEF,0x7D,0xEF,0x7D,0xEF,0x7D,0xEF,
  0x7D,0xEF,0x7D,0xEF,0x7D,0xEF,0x7D,0xEF,0x7D,0xEF,0x7D,0xEF,0x7D,0xEF,0x7D,0xEF,0x7D,0xEF,0x7D,0xEF,0x7D,0xEF,0x7D,0xEF,
  0x7D,0xEF,0x7D,0xEF,0x7D,0xEF,0x7D,0xEF,0x7D,0xEF,0x7D,0xEF,0x7D,0xEF,0x7D,0xEF,0x7D,0xEF,0x7D,0xEF,0x7D,0xEF,0x7D,0xEF,
  0x7D,0xEF,0x7D,0xEF,0x7D,0xEF,0x7D,0xEF,0x7D,0xEF,0x7D,0xEF,0x7D,0xEF,0x7D,0xEF,0x7D,0xEF,0x7D,0xEF,0x7D,0xEF,0x7D,0xEF,
  0x7D,0xEF,0x7D,0xEF,0x7D,0xEF,0x7D,0xEF,0x7D,0xEF,0x7D,0xEF,0x7D,0xEF,0x7D,0xEF,0x7D,0xEF,0x7D,0xEF,0x7D,0xEF,0x7D,0xEF,
  0x7D,0xEF,0x7D,0xEF,0x7D,0xEF,0x7D,0xEF,0x7D,0xEF,0x7D,0xEF,0x7D,0xEF,0x7D,0xEF,0x7D,0xEF,0x7D,0xEF,0x7D,0xEF,0x7D,0xEF,
  0x7D,0xEF,0x7D,0xEF,0x7D,0xEF,0x7D,0xEF,0x7D,0xEF,0x7D,0xEF,0x7D,0xEF,0x7D,0xEF,0x7D,0xEF,0x7D,0xEF,0x7D,0xEF,0x7D,0xEF,
  0x7D,0xEF,0x7D,0xEF,0x7D,0xEF,0x7D,0xEF,0x7D,0xEF,0x7D,0xEF,0x7D,0xEF,0x7D,0xEF,0x7D,0xEF,0x7D,0xEF,0x7D,0xEF,0x9D,0xF7,
  0x9D,0xF7,0x7E,0xF7,0x5D,0xEF,0xDF,0xF7,0x7B,0xAD,0x0D,0x21,0x77,0x8C,0xFF,0xF7,0xDE,0xF7,0x3C,0xC6,0xF1,0x39,0x51,0x29,
  0xB3,0x31,0xB2,0x29,0xB2,0x29,0x92,0x29,0x92,0x29,0x91,0x29,0x92,0x29,0xB2,0x31,0x72,0x31,0x93,0x31,0x92,0x29,0x92,0x29,
  0x92,0x29,0x70,0x29,0x57,0x84,0xBF,0xF7,0x9D,0xEF,0x7D,0xEF,0x9E,0xF7,0x9E,0xF7,0x9E,0xF7,0x9E,0xF7,0x7D,0xEF,0x7D,0xEF,
  0x7D,0xEF,0x7D,0xEF,0x7D,0xEF,0x7D,0xEF,0x7D,0xEF,0x7D,0xEF,0x7D,0xEF,0x7D,0xEF,0x7D,0xEF,0x7D,0xEF,0x7D,0xEF,0x7D,0xEF,
  0x7D,0xEF,0x7D,0xEF,0x7D,0xEF,0x7D,0xEF,0x7D,0xEF,0x7D,0xEF,0x7D,0xEF,0x7D,0xEF,0x7D,0xF7,0x5D,0xEF,0xBF,0xFF,0x6E,0xD3,
  0xC4,0xC8,0x15,0xF5,0xDE,0xFF,0xB2,0xEC,0x83,0xE0,0xE4,0xE8,0xE4,0xF0,0xE5,0xE8,0xE4,0xD8,0x17,0xF5,0x54,0x63,0x11,0x3A,
  0x53,0x4A,0xD0,0x71,0x08,0xC1,0xC4,0xF0,0xE4,0xE8,0xC4,0xE8,0xC4,0xF0,0xC4,0xE8,0xE4,0xE8,0xE4,0xE8,0xC4,0xE8,0x29,0xDA,
  0x1B,0xFF,0x9E,0xF7,0x7E,0xEF,0x7D,0xEF,0x7D,0xEF,0x7D,0xEF,0x7D,0xEF,0x7D,0xEF,0x7D,0xEF,0x7D,0xEF,0x7D,0xEF,0x7D,0xEF,
  0x7D,0xEF,0x7D,0xEF,0x7D,0xEF,0x7D,0xEF,0x7D,0xEF,0x7D,0xEF,0x7D,0xEF,0x7D,0xEF,0x7D,0xEF,0x7D,0xEF,0x7D,0xEF,0x7D,0xEF,
  0x7D,0xEF,0x7D,0xEF,0x7D,0xEF,0x7D,0xEF,0x7D,0xEF,0x7D,0xEF,0x7D,0xEF,0x7C,0xEF,0xFF,0xFF,0x3C,0xC6,0x31,0x42,0x31,0x21,
  0xB3,0x31,0x92,0x29,0x92,0x29,0xB2,0x31,0x72,0x31,0x92,0x29,0x92,0x29,0x92,0x31,0x92,0x31,0x91,0x29,0xB2,0x31,0x92,0x29,
  0x93,0x29,0x31,0x21,0x97,0x8C,0xDE,0xF7,0x9D,0xEF,0x9D,0xCE,0xB0,0x31,0x35,0x63,0x9F,0xEF,0x9C,0xF7,0x7E,0xF7,0x7D,0xEF,
  0x7D,0xEF,0x7D,0xEF,0x7D,0xEF,0x7D,0xEF,0x7D,0xEF,0x7D,0xEF,0x7D,0xEF,0x7D,0xEF,0x7D,0xEF,0x7D,0xEF,0x7D,0xEF,0x7D,0xEF,
  0x7D,0xEF,0x7D,0xEF,0x7D,0xEF,0x7D,0xEF,0x7D,0xEF,0x7D,0xEF,0x7D,0xEF,0x7D,0xEF,0x7D,0xEF,0x7D,0xEF,0x7D,0xEF,0x7D,0xEF,
  0x7D,0xEF,0x7D,0xEF,0x7D,0xEF,0x7D,0xEF,0x7D,0xEF,0x7D,0xEF,0x7D,0xEF,0x7D,0xEF,0x7D,0xEF,0x7D,0xEF,0x7D,0xEF,0x7D,0xEF,
  0x7D,0xEF,0x7D,0xEF,0x7D,0xEF,0x7D,0xEF,0x7D,0xEF,0x7D,0xEF,0x7D,0xEF,0x7D,0xEF,0x7D,0xEF,0x7D,0xEF,0x7D,0xEF,0x7D,0xEF,
  0x7D,0xEF,0x7D,0xEF,0x7D,0xEF,0x7D,0xEF,0x7D,0xEF,0x7D,0xEF,0x7D,0xEF,0x7D,0xEF,0x7D,0xEF,0x7D,0xEF,0x7D,0xEF,0x7D,0xEF,
  0x7D,0xEF,0x7D,0xEF,0x7D,0xEF,0x7D,0xEF,0x7D,0xEF,0x7D,0xEF,0x7D,0xEF,0x7D,0xEF,0x7D,0xEF,0x7D,0xEF,0x7D,0xEF,0x7D,0xEF,
  0x7D,0xEF,0x7D,0xEF,0x7D,0xEF,0x7D,0xEF,0x7D,0xEF,0x7D,0xEF,0x7D,0xEF,0x7D,0xEF,0x7D,0xEF,0x7D,0xEF,0x7D,0xEF,0x7D,0xEF,
  0x7D,0xEF,0x7D,0xEF,0x7D,0xEF,0x7D,0xEF,0x7D,0xEF,0x7D,0xEF,0x7D,0xEF,0x7D,0xEF,0x7D,0xEF,0x7D,0xEF,0x7D,0xEF,0x7D,0xEF,
  0x7D,0xF7,0x5E,0xEF,0xBF,0xF7,0xBE,0xD6,0x8F,0x31,0x55,0x6B,0x7F,0xEF,0xBD,0xF7,0xFE,0xDE,0x93,0x4A,0x51,0x21,0x93,0x31,
  0x72,0x29,0x92,0x29,0x92,0x29,0x92,0x29,0x92,0x29,0x91,0x29,0x92,0x29,0x72,0x29,0x91,0x29,0xB1,0x29,0x91,0x29,0x72,0x29,
  0x90,0x29,0xD9,0x9C,0xDF,0xF7,0x7D,0xEF,0x7D,0xEF,0x9E,0xF7,0x9E,0xF7,0x9E,0xF7,0x9E,0xF7,0x7D,0xEF,0x7D,0xEF,0x7D,0xEF,
  0x7D,0xEF,0x7D,0xEF,0x7D,0xEF,0x7D,0xEF,0x7D,0xEF,0x7D,0xEF,0x7D,0xEF,0x7D,0xEF,0x7D,0xEF,0x7D,0xEF,0x7D,0xEF,0x7D,0xEF,
  0x7D,0xEF,0x7D,0xEF,0x7D,0xEF,0x7D,0xEF,0x7D,0xEF,0x7D,0xEF,0x7D,0xEF,0x7D,0xEF,0x7D,0xEF,0x5E,0xEF,0xBF,0xFF,0xEF,0xDB,
  0x82,0xD8,0x05,0xE1,0x51,0xEC,0x35,0xFD,0xE5,0xE0,0xC4,0xE0,0xC4,0xE8,0xC4,0xF0,0xE4,0xF0,0x8A,0xA9,0x34,0x6B,0x76,0x84,
  0x55,0x63,0x3B,0xAD,0x08,0x79,0x26,0xD9,0xC4,0xE8,0xC4,0xE8,0xC4,0xE8,0xC4,0xE8,0xC4,0xE8,0xE4,0xE8,0xA3,0xE0,0x4A,0xDA,
  0x1B,0xFF,0x9D,0xEF,0x7E,0xEF,0x7D,0xEF,0x7D,0xEF,0x7D,0xEF,0x7D,0xEF,0x7D,0xEF,0x7D,0xEF,0x7D,0xEF,0x7D,0xEF,0x7D,0xEF,
  0x7D,0xEF,0x7D,0xEF,0x7D,0xEF,0x7D,0xEF,0x7D,0xEF,0x7D,0xEF,0x7D,0xEF,0x7D,0xEF,0x7D,0xEF,0x7D,0xEF,0x7D,0xEF,0x7D,0xEF,
  0x7D,0xEF,0x7D,0xEF,0x7D,0xEF,0x7D,0xEF,0x7D,0xEF,0x7D,0xEF,0x7E,0xF7,0x7D,0xF7,0x5D,0xEF,0xFF,0xFF,0x9D,0xD6,0x71,0x4A,
  0x2F,0x21,0xB3,0x31,0x72,0x29,0x72,0x29,0x92,0x31,0x92,0x29,0x92,0x29,0x92,0x31,0x72,0x31,0x92,0x31,0x92,0x29,0x92,0x29,
  0xB2,0x29,0x91,0x29,0x4F,0x29,0x5B,0xAD,0xDE,0xF7,0xDE,0xF7,0x7B,0xAD,0x0D,0x21,0xD9,0x94,0xDF,0xF7,0x5D,0xEF,0x9E,0xF7,
  0x7D,0xEF,0x7D,0xEF,0x7D,0xEF,0x7D,0xEF,0x7D,0xEF,0x7D,0xEF,0x7D,0xEF,0x7D,0xEF,0x7D,0xEF,0x7D,0xEF,0x7D,0xEF,0x7D,0xEF,
  0x7D,0xEF,0x7D,0xEF,0x7D,0xEF,0x7D,0xEF,0x7D,0xEF,0x7D,0xEF,0x7D,0xEF,0x7D,0xEF,0x7D,0xEF,0x7D,0xEF,0x7D,0xEF,0x7D,0xEF,
  0x7D,0xEF,0x7D,0xEF,0x7D,0xEF,0x7D,0xEF,0x7D,0xEF,0x7D,0xEF,0x7D,0xEF,0x7D,0xEF,0x7D,0xEF,0x7D,0xEF,0x7D,0xEF,0x7D,0xEF,
  0x7D,0xEF,0x7D,0xEF,0x7D,0xEF,0x7D,0xEF,0x7D,0xEF,0x7D,0xEF,0x7D,0xEF,0x7D,0xEF,0x7D,0xEF,0x7D,0xEF,0x7D,0xEF,0x7D,0xEF,
  0x7D,0xEF,0x7D,0xEF,0x7D,0xEF,0x7D,0xEF,0x7D,0xEF,0x7D,0xEF,0x7D,0xEF,0x7D,0xEF,0x7D,0xEF,0x7D,0xEF,0x7D,0xEF,0x7D,0xEF,
  0x7D,0xEF,0x7D,0xEF,0x7D,0xEF,0x7D,0xEF,0x7D,0xEF,0x7D,0xEF,0x7D,0xEF,0x7D,0xEF,0x7D,0xEF,0x7D,0xEF,0x7D,0xEF,0x7D,0xEF,
  0x7D,0xEF,0x7D,0xEF,0x7D,0xEF,0x7D,0xEF,0x7D,0xEF,0x7D,0xEF,0x7D,0xEF,0x7D,0xEF,0x7D,0xEF,0x7D,0xEF,0x7D,0xEF,0x7D,0xEF,
  0x7D,0xEF,0x7D,0xEF,0x7D,0xEF,0x7D,0xEF,0x7D,0xEF,0x7D,0xEF,0x7D,0xEF,0x7D,0xEF,0x7D,0xEF,0x7D,0xEF,0x7D,0xEF,0x7E,0xEF,
  0x7E,0xEF,0x9E,0xF7,0x5F,0xEF,0xB2,0x52,0x11,0x42,0xFE,0xDE,0xBD,0xF7,0x7F,0xF7,0x55,0x63,0x50,0x21,0xB3,0x31,0x92,0x29,
  0x92,0x31,0xB1,0x31,0x91,0x29,0x92,0x29,0x92,0x29,0x92,0x29,0x92,0x29,0x72,0x29,0x91,0x29,0x92,0x29,0x72,0x29,0xB1,0x31,
  0x5A,0xA5,0xDF,0xFF,0x7D,0xEF,0x7D,0xEF,0x9E,0xF7,0x7D,0xEF,0x9E,0xF7,0x9E,0xF7,0x7D,0xEF,0x7D,0xEF,0x7D,0xEF,0x7D,0xEF,
  0x7D,0xEF,0x7D,0xEF,0x7D,0xEF,0x7D,0xEF,0x7D,0xEF,0x7D,0xEF,0x7D,0xEF,0x7D,0xEF,0x7D,0xEF,0x7D,0xEF,0x7D,0xEF,0x7D,0xEF,
  0x7D,0xEF,0x7D,0xEF,0x7D,0xEF,0x7D,0xEF,0x7D,0xEF,0x7D,0xEF,0x7D,0xEF,0x7D,0xEF,0x7D,0xEF,0x7D,0xF7,0x9E,0xFF,0x95,0xED,
  0x04,0xD9,0xC4,0xF0,0x87,0xC9,0x10,0xF4,0x05,0xE1,0xC4,0xE8,0xC4,0xE8,0xC4,0xE8,0x07,0xE1,0x89,0x78,0xD9,0xA4,0xBA,0xAD,
  0x10,0x42,0x1F,0xDF,0x73,0x83,0xC9,0x98,0xE5,0xF0,0xC4,0xE8,0xC4,0xE8,0xC4,0xE8,0xC4,0xE8,0xE4,0xF0,0xA3,0xE0,0x0D,0xEB,
  0x7D,0xFF,0x9E,0xEF,0x7E,0xF7,0x7D,0xEF,0x7D,0xEF,0x7D,0xEF,0x7D,0xEF,0x7D,0xEF,0x7D,0xEF,0x7D,0xEF,0x7D,0xEF,0x7D,0xEF,
  0x7D,0xEF,0x7D,0xEF,0x7D,0xEF,0x7D,0xEF,0x7D,0xEF,0x7D,0xEF,0x7D,0xEF,0x7D,0xEF,0x7D,0xEF,0x7D,0xEF,0x7D,0xEF,0x7D,0xEF,
  0x7D,0xEF,0x7D,0xEF,0x7D,0xEF,0x7D,0xEF,0x7D,0xEF,0x7D,0xEF,0x7D,0xEF,0x7D,0xEF,0x9D,0xF7,0x5C,0xEF,0xBE,0xF7,0x7D,0xCE,
  0xB3,0x52,0x30,0x21,0xB3,0x31,0x92,0x29,0x92,0x31,0x92,0x29,0x92,0x31,0x92,0x31,0x92,0x31,0x72,0x29,0x92,0x29,0x92,0x29,
  0x92,0x31,0x72,0x31,0x71,0x29,0xB0,0x31,0x5C,0xCE,0xBE,0xF7,0xBF,0xEF,0x38,0x84,0x4F,0x29,0xFC,0xBD,0xDE,0xFF,0x5E,0xEF,
  0x9E,0xF7,0x7D,0xEF,0x7D,0xEF,0x7D,0xEF,0x7D,0xEF,0x7D,0xEF,0x7D,0xEF,0x7D,0xEF,0x7D,0xEF,0x7D,0xEF,0x7D,0xEF,0x7D,0xEF,
  0x7D,0xEF,0x7D,0xEF,0x7D,0xEF,0x7D,0xEF,0x7D,0xEF,0x7D,0xEF,0x7D,0xEF,0x7D,0xEF,0x7D,0xEF,0x7D,0xEF,0x7D,0xEF,0x7D,0xEF,
  0x7D,0xEF,0x7D,0xEF,0x7D,0xEF,0x7D,0xEF,0x7D,0xEF,0x7D,0xEF,0x7D,0xEF,0x7D,0xEF,0x7D,0xEF,0x7D,0xEF,0x7D,0xEF,0x7D,0xEF,
  0x7D,0xEF,0x7D,0xEF,0x7D,0xEF,0x7D,0xEF,0x7D,0xEF,0x7D,0xEF,0x7D,0xEF,0x7D,0xEF,0x7D,0xEF,0x7D,0xEF,0x7D,0xEF,0x7D,0xEF,
  0x7D,0xEF,0x7D,0xEF,0x7D,0xEF,0x7D,0xEF,0x7D,0xEF,0x7D,0xEF,0x7D,0xEF,0x7D,0xEF,0x7D,0xEF,0x7D,0xEF,0x7D,0xEF,0x7D,0xEF,
  0x7D,0xEF,0x7D,0xEF,0x7D,0xEF,0x7D,0xEF,0x7D,0xEF,0x7D,0xEF,0x7D,0xEF,0x7D,0xEF,0x7D,0xEF,0x7D,0xEF,0x7D,0xEF,0x7D,0xEF,
  0x7D,0xEF,0x7D,0xEF,0x7D,0xEF,0x7D,0xEF,0x7D,0xEF,0x7D,0xEF,0x7D,0xEF,0x7D,0xEF,0x7D,0xEF,0x7D,0xEF,0x7D,0xEF,0x7D,0xEF,
  0x7D,0xEF,0x7D,0xEF,0x7D,0xEF,0x7D,0xEF,0x7D,0xEF,0x7E,0xEF,0x7D,0xEF,0x7D,0xEF,0x7E,0xEF,0x9E,0xF7,0x7E,0xEF,0x9E,0xF7,
  0x7D,0xEF,0xDF,0xF7,0x58,0x8C,0x0E,0x21,0xFB,0xBD,0xBE,0xF7,0xBE,0xF7,0x98,0x8C,0x50,0x21,0xB2,0x29,0x92,0x29,0x92,0x29,
  0x92,0x29,0x92,0x29,0x92,0x29,0x92,0x29,0x92,0x29,0x92,0x29,0x92,0x29,0x92,0x29,0x93,0x29,0x72,0x29,0x90,0x31,0x5A,0xAD,
  0xDF,0xFF,0x7D,0xEF,0x7D,0xEF,0x9D,0xF7,0x7D,0xEF,0x7D,0xEF,0x7D,0xEF,0x7D,0xEF,0x7D,0xEF,0x7D,0xEF,0x7D,0xEF,0x7D,0xEF,
  0x7D,0xEF,0x7D,0xEF,0x7D,0xEF,0x7D,0xEF,0x7D,0xEF,0x7D,0xEF,0x7D,0xEF,0x7D,0xEF,0x7D,0xEF,0x7D,0xEF,0x7D,0xEF,0x7D,0xEF,
  0x7D,0xEF,0x7D,0xEF,0x7D,0xEF,0x7D,0xEF,0x7D,0xEF,0x7D,0xEF,0x7D,0xEF,0x7D,0xEF,0x7D,0xEF,0x7D,0xF7,0x9D,0xF7,0xFB,0xFE,
  0xE9,0xD9,0xC4,0xE8,0x45,0xE1,0x49,0xFA,0xE5,0xE8,0xC4,0xE8,0xC4,0xE8,0xE5,0xF0,0x29,0xA9,0xED,0x61,0x3E,0xE7,0x3C,0xC6,
  0xB0,0x31,0xDD,0xD6,0xBD,0xD6,0x4B,0x69,0x07,0xC9,0xE5,0xE8,0xC4,0xE8,0xE5,0xE8,0xE4,0xE8,0xC4,0xF0,0xE5,0xD0,0x35,0xF5,
  0xDE,0xFF,0x5D,0xF7,0x7E,0xF7,0x7D,0xEF,0x7D,0xEF,0x7D,0xEF,0x7D,0xEF,0x7D,0xEF,0x7D,0xEF,0x7D,0xEF,0x7D,0xEF,0x7D,0xEF,
  0x7D,0xEF,0x7D,0xEF,0x7D,0xEF,0x7D,0xEF,0x7D,0xEF,0x7D,0xEF,0x7D,0xEF,0x7D,0xEF,0x7D,0xEF,0x7D,0xEF,0x7D,0xEF,0x7D,0xEF,
  0x7D,0xEF,0x7D,0xEF,0x7D,0xEF,0x7D,0xEF,0x7D,0xEF,0x7D,0xEF,0x7D,0xEF,0x9D,0xEF,0x9D,0xF7,0x9D,0xF7,0x7D,0xEF,0xBE,0xF7,
  0xFE,0xDE,0xF3,0x5A,0x10,0x21,0x92,0x29,0x91,0x29,0x92,0x29,0x92,0x29,0x92,0x31,0x92,0x29,0x92,0x29,0x92,0x29,0x92,0x29,
  0x72,0x29,0x92,0x29,0x93,0x31,0x51,0x29,0xB3,0x52,0x3E,0xE7,0xBE,0xF7,0x3F,0xE7,0x72,0x4A,0x51,0x42,0x1F,0xE7,0x9E,0xF7,
  0x7D,0xEF,0x7D,0xEF,0x9E,0xF7,0x9E,0xF7,0x7E,0xEF,0x7E,0xEF,0x7E,0xEF,0x7E,0xEF,0x9D,0xEF,0x9D,0xEF,0x7D,0xEF,0x7D,0xEF,
  0x7D,0xEF,0x7D,0xEF,0x7D,0xEF,0x7D,0xEF,0x7D,0xEF,0x7D,0xEF,0x7D,0xEF,0x7D,0xEF,0x7D,0xEF,0x7D,0xEF,0x7D,0xEF,0x7D,0xEF,
  0x7D,0xEF,0x7D,0xEF,0x7D,0xEF,0x7D,0xEF,0x7D,0xEF,0x7D,0xEF,0x7D,0xEF,0x7D,0xEF,0x7D,0xEF,0x7D,0xEF,0x7D,0xEF,0x7D,0xEF,
  0x7D,0xEF,0x7D,0xEF,0x7D,0xEF,0x7D,0xEF,0x7D,0xEF,0x7D,0xEF,0x7D,0xEF,0x7D,0xEF,0x7D,0xEF,0x7D,0xEF,0x7D,0xEF,0x7D,0xEF,
  0x7D,0xEF,0x7D,0xEF,0x7D,0xEF,0x7D,0xEF,0x7D,0xEF,0x7D,0xEF,0x7D,0xEF,0x7D,0xEF,0x7D,0xEF,0x7D,0xEF,0x7D,0xEF,0x7D,0xEF,
  0x7D,0xEF,0x7D,0xEF,0x7D,0xEF,0x7D,0xEF,0x7D,0xEF,0x7D,0xEF,0x7D,0xEF,0x7D,0xEF,0x7D,0xEF,0x7D,0xEF,0x7D,0xEF,0x7D,0xEF,
  0x7D,0xEF,0x7D,0xEF,0x7D,0xEF,0x7D,0xEF,0x7D,0xEF,0x7D,0xEF,0x7D,0xEF,0x7D,0xEF,0x7D,0xEF,0x7D,0xEF,0x7D,0xEF,0x7D,0xEF,
  0x7D,0xEF,0x7D,0xEF,0x7D,0xEF,0x7D,0xEF,0x7E,0xEF,0x7E,0xEF,0x7E,0xEF,0x9E,0xF7,0x7D,0xEF,0x9E,0xF7,0x7D,0xEF,0x5D,0xEF,
  0xDE,0xFF,0xFC,0xBD,0x2D,0x21,0x78,0x8C,0x9F,0xF7,0xDF,0xFF,0xDB,0xBD,0xB0,0x31,0x92,0x29,0x92,0x29,0x92,0x29,0x92,0x29,
  0x92,0x29,0x92,0x29,0x92,0x29,0x92,0x29,0x92,0x29,0x92,0x29,0x92,0x29,0x92,0x29,0x92,0x31,0x90,0x29,0x5A,0xAD,0xDF,0xFF,
  0x7D,0xEF,0x7D,0xF7,0x7E,0xEF,0x7E,0xEF,0x7E,0xEF,0x7D,0xEF,0x7D,0xEF,0x7D,0xEF,0x7D,0xEF,0x7D,0xEF,0x7D,0xEF,0x7D,0xEF,
  0x7D,0xEF,0x7D,0xEF,0x7D,0xEF,0x7D,0xEF,0x7D,0xEF,0x7D,0xEF,0x7D,0xEF,0x7D,0xEF,0x7D,0xEF,0x7D,0xEF,0x7D,0xEF,0x7D,0xEF,
  0x7D,0xEF,0x7D,0xEF,0x7D,0xEF,0x7D,0xEF,0x7D,0xEF,0x7D,0xEF,0x7D,0xEF,0x7D,0xEF,0x7D,0xEF,0x7D,0xF7,0x9D,0xEF,0xBE,0xF7,
  0xD3,0xF4,0xC4,0xD0,0xE4,0xE8,0x46,0xF1,0xA4,0xE0,0xC5,0xF0,0xC4,0xE8,0x26,0xD9,0xEA,0x70,0xD8,0x9C,0xFF,0xF7,0xBC,0xD6,
  0x90,0x31,0x3C,0xCE,0xFF,0xFF,0x14,0x8C,0xC9,0x80,0x25,0xE9,0xE4,0xE8,0xC4,0xE0,0xC4,0xF0,0x83,0xE0,0x8B,0xE2,0xFC,0xFE,
  0x9D,0xEF,0x9D,0xEF,0x7D,0xEF,0x7D,0xEF,0x7D,0xEF,0x7D,0xEF,0x7D,0xEF,0x7D,0xEF,0x7D,0xEF,0x7D,0xEF,0x7D,0xEF,0x7D,0xEF,
  0x7D,0xEF,0x7D,0xEF,0x7D,0xEF,0x7D,0xEF,0x7D,0xEF,0x7D,0xEF,0x7D,0xEF,0x7D,0xEF,0x7D,0xEF,0x7D,0xEF,0x7D,0xEF,0x7D,0xEF,
  0x7D,0xEF,0x7D,0xEF,0x7D,0xEF,0x7D,0xEF,0x7D,0xEF,0x7D,0xEF,0x7D,0xEF,0x9D,0xEF,0x7D,0xEF,0x7E,0xEF,0x9E,0xEF,0x7D,0xEF,
  0xBE,0xF7,0xDE,0xD6,0x72,0x4A,0x30,0x21,0xB3,0x31,0x92,0x29,0x92,0x29,0x72,0x29,0x72,0x29,0x92,0x29,0x92,0x29,0x92,0x29,
  0x92,0x29,0x92,0x29,0x92,0x31,0x92,0x31,0x30,0x21,0xD6,0x7B,0x9E,0xF7,0xBD,0xF7,0x7D,0xCE,0x6F,0x29,0xD6,0x7B,0xBF,0xF7,
  0x5D,0xEF,0x9D,0xEF,0x7D,0xEF,0x7E,0xEF,0x7D,0xEF,0x9D,0xEF,0x9D,0xEF,0x7E,0xEF,0x7E,0xEF,0x7D,0xEF,0x7D,0xEF,0x7D,0xEF,
  0x7D,0xEF,0x7D,0xEF,0x7D,0xEF,0x7D,0xEF,0x7D,0xEF,0x7D,0xEF,0x7D,0xEF,0x7D,0xEF,0x7D,0xEF,0x7D,0xEF,0x7D,0xEF,0x7D,0xEF,
  0x7D,0xEF,0x7D,0xEF,0x7D,0xEF,0x7D,0xEF,0x7D,0xEF,0x7D,0xEF,0x7D,0xEF,0x7D,0xEF,0x7D,0xEF,0x7D,0xEF,0x7D,0xEF,0x7D,0xEF,
  0x7D,0xEF,0x7D,0xEF,0x7D,0xEF,0x7D,0xEF,0x7D,0xEF,0x7D,0xEF,0x7D,0xEF,0x7D,0xEF,0x7D,0xEF,0x7D,0xEF,0x7D,0xEF,0x7D,0xEF,
  0x7D,0xEF,0x7D,0xEF,0x7D,0xEF,0x7D,0xEF,0x7D,0xEF,0x7D,0xEF,0x7D,0xEF,0x7D,0xEF,0x7D,0xEF,0x7D,0xEF,0x7D,0xEF,0x7D,0xEF,
  0x7D,0xEF,0x7D,0xEF,0x7D,0xEF,0x7D,0xEF,0x7D,0xEF,0x7D,0xEF,0x7D,0xEF,0x7D,0xEF,0x7D,0xEF,0x7D,0xEF,0x7D,0xEF,0x7D,0xEF,
  0x7D,0xEF,0x7D,0xEF,0x7D,0xEF,0x7D,0xEF,0x7D,0xEF,0x7D,0xEF,0x7D,0xEF,0x7D,0xEF,0x7D,0xEF,0x7D,0xEF,0x7D,0xEF,0x7D,0xEF,
  0x7D,0xEF,0x7D,0xEF,0x9D,0xEF,0x7D,0xEF,0x7D,0xEF,0x7E,0xEF,0x7E,0xEF,0x7D,0xEF,0x7D,0xEF,0x9D,0xF7,0x5C,0xEF,0x9E,0xF7,
  0x3E,0xE7,0x53,0x4A,0xB1,0x52,0x5E,0xE7,0xDF,0xF7,0xFD,0xDE,0x73,0x52,0x10,0x21,0xD3,0x31,0x91,0x29,0x92,0x29,0x92,0x29,
  0x92,0x29,0x92,0x29,0x92,0x29,0x92,0x29,0x92,0x29,0x92,0x29,0x92,0x29,0x93,0x29,0x2F,0x21,0xF8,0x9C,0xDF,0xFF,0x5C,0xEF,
  0x7D,0xF7,0x7E,0xF7,0x7E,0xEF,0x9E,0xEF,0x9D,0xEF,0x7D,0xEF,0x7D,0xEF,0x7D,0xEF,0x7D,0xEF,0x7D,0xEF,0x7D,0xEF,0x7D,0xEF,
  0x7D,0xEF,0x7D,0xEF,0x7D,0xEF,0x7D,0xEF,0x7D,0xEF,0x7D,0xEF,0x7D,0xEF,0x7D,0xEF,0x7D,0xEF,0x7D,0xEF,0x7D,0xEF,0x7D,0xEF,
  0x7D,0xEF,0x7D,0xEF,0x7D,0xEF,0x7D,0xEF,0x7D,0xEF,0x7D,0xEF,0x7D,0xEF,0x7D,0xEF,0x7E,0xEF,0x7D,0xEF,0x7D,0xEF,0x7E,0xEF,
  0x5C,0xFF,0x2C,0xE3,0x83,0xE0,0xE5,0xF0,0xC4,0xE8,0xC4,0xF0,0x05,0xE9,0x0A,0xA1,0x90,0x7A,0x5F,0xE7,0xDF,0xF7,0x1E,0xE7,
  0x6F,0x29,0xDC,0xBD,0xFF,0xFF,0x7C,0xBE,0x6D,0x69,0xC6,0xD8,0xE4,0xE8,0xE5,0xF0,0x84,0xF0,0x25,0xD1,0x75,0xF5,0xBE,0xF7,
  0x5D,0xEF,0x9E,0xF7,0x7D,0xEF,0x7D,0xEF,0x7D,0xEF,0x7D,0xEF,0x7D,0xEF,0x7D,0xEF,0x7D,0xEF,0x7D,0xEF,0x7D,0xEF,0x7D,0xEF,
  0x7D,0xEF,0x7D,0xEF,0x7D,0xEF,0x7D,0xEF,0x7D,0xEF,0x7D,0xEF,0x7D,0xEF,0x7D,0xEF,0x7D,0xEF,0x7D,0xEF,0x7D,0xEF,0x7D,0xEF,
  0x7D,0xEF,0x7D,0xEF,0x7D,0xEF,0x7D,0xEF,0x7D,0xEF,0x7D,0xEF,0x7D,0xEF,0x9D,0xEF,0x7D,0xEF,0x7E,0xEF,0x7E,0xEF,0x9D,0xF7,
  0x7C,0xEF,0xBE,0xF7,0x7D,0xCE,0x52,0x4A,0x31,0x29,0x92,0x29,0x92,0x29,0x92,0x31,0x92,0x29,0xB2,0x31,0x92,0x29,0x92,0x29,
  0x92,0x29,0x92,0x29,0x91,0x29,0xB2,0x31,0x92,0x29,0x50,0x29,0x7A,0xAD,0xBE,0xF7,0xBF,0xF7,0xB9,0x94,0x4D,0x29,0xBB,0xB5,
  0xBF,0xF7,0x7C,0xEF,0x9D,0xF7,0x9E,0xF7,0x7E,0xF7,0x7D,0xEF,0x9D,0xEF,0x7D,0xEF,0x7E,0xEF,0x7E,0xEF,0x7D,0xEF,0x7D,0xEF,
  0x7D,0xEF,0x7D,0xEF,0x7D,0xEF,0x7D,0xEF,0x7D,0xEF,0x7D,0xEF,0x7D,0xEF,0x7D,0xEF,0x7D,0xEF,0x7D,0xEF,0x7D,0xEF,0x7D,0xEF,
  0x7D,0xEF,0x7D,0xEF,0x7D,0xEF,0x7D,0xEF,0x7D,0xEF,0x7D,0xEF,0x7D,0xEF,0x7D,0xEF,0x7D,0xEF,0x7D,0xEF,0x7D,0xEF,0x7D,0xEF,
  0x7D,0xEF,0x7D,0xEF,0x7D,0xEF,0x7D,0xEF,0x7D,0xEF,0x7D,0xEF,0x7D,0xEF,0x7D,0xEF,0x7D,0xEF,0x7D,0xEF,0x7D,0xEF,0x7D,0xEF,
  0x7D,0xEF,0x7D,0xEF,0x7D,0xEF,0x7D,0xEF,0x7D,0xEF,0x7D,0xEF,0x7D,0xEF,0x7D,0xEF,0x7D,0xEF,0x7D,0xEF,0x7D,0xEF,0x7D,0xEF,
  0x7D,0xEF,0x7D,0xEF,0x7D,0xEF,0x7D,0xEF,0x7D,0xEF,0x7D,0xEF,0x7D,0xEF,0x7D,0xEF,0x7D,0xEF,0x7D,0xEF,0x7D,0xEF,0x7D,0xEF,
  0x7D,0xEF,0x7D,0xEF,0x7D,0xEF,0x7D,0xEF,0x7D,0xEF,0x7D,0xEF,0x7D,0xEF,0x7D,0xEF,0x7D,0xEF,0x7D,0xEF,0x7D,0xEF,0x7D,0xEF,
  0x7D,0xEF,0x7D,0xEF,0x7D,0xEF,0x7D,0xEF,0x7D,0xEF,0x7D,0xEF,0x7D,0xEF,0x9D,0xF7,0x9D,0xEF,0x5D,0xEF,0x7D,0xEF,0xBF,0xF7,
  0x37,0x84,0x6E,0x29,0x5D,0xCE,0xDE,0xF7,0x7F,0xEF,0xD6,0x7B,0x31,0x21,0xB3,0x31,0x72,0x29,0x92,0x31,0x92,0x29,0x92,0x29,
  0x92,0x29,0x92,0x29,0x92,0x29,0x92,0x29,0x92,0x29,0x92,0x29,0x92,0x29,0x50,0x29,0x99,0x94,0x9F,0xF7,0x7D,0xF7,0x7D,0xF7,
  0x7D,0xF7,0x7E,0xEF,0x7E,0xEF,0x9D,0xEF,0x9D,0xEF,0x7D,0xEF,0x7D,0xEF,0x7D,0xEF,0x7D,0xEF,0x7D,0xEF,0x7D,0xEF,0x7D,0xEF,
  0x7D,0xEF,0x7D,0xEF,0x7D,0xEF,0x7D,0xEF,0x7D,0xEF,0x7D,0xEF,0x7D,0xEF,0x7D,0xEF,0x7D,0xEF,0x7D,0xEF,0x7D,0xEF,0x7D,0xEF,
  0x7D,0xEF,0x7D,0xEF,0x7D,0xEF,0x7D,0xEF,0x7D,0xEF,0x7D,0xEF,0x7D,0xEF,0x7D,0xEF,0x7D,0xEF,0x9E,0xEF,0x7D,0xE7,0x7E,0xF7,
  0x9D,0xEF,0xDA,0xFE,0xAC,0xE2,0x83,0xD8,0xC3,0xF0,0xE4,0xF0,0xE6,0xE0,0x2C,0x71,0xBB,0xBD,0xDE,0xF7,0x9D,0xEF,0x3E,0xEF,
  0xD0,0x31,0x59,0xA5,0xDF,0xFF,0x9F,0xEF,0xB1,0x7A,0xE9,0xA0,0x26,0xE9,0xA3,0xF0,0xC4,0xD0,0x31,0xEC,0x7D,0xFF,0x7D,0xEF,
  0x7E,0xF7,0x7E,0xF7,0x7E,0xEF,0x7D,0xEF,0x7D,0xEF,0x7D,0xEF,0x7D,0xEF,0x7D,0xEF,0x7D,0xEF,0x7D,0xEF,0x7D,0xEF,0x7D,0xEF,
  0x7D,0xEF,0x7D,0xEF,0x7D,0xEF,0x7D,0xEF,0x7D,0xEF,0x7D,0xEF,0x7D,0xEF,0x7D,0xEF,0x7D,0xEF,0x7D,0xEF,0x7D,0xEF,0x7D,0xEF,
  0x7D,0xEF,0x7D,0xEF,0x7D,0xEF,0x7D,0xEF,0x7D,0xEF,0x7D,0xEF,0x7D,0xEF,0x9D,0xEF,0x9D,0xEF,0x9D,0xEF,0x7D,0xEF,0x7D,0xEF,
  0x9D,0xF7,0x7C,0xEF,0xDF,0xFF,0x3C,0xC6,0xF0,0x39,0x71,0x29,0x92,0x29,0x92,0x29,0x92,0x29,0x92,0x29,0x92,0x29,0x92,0x29,
  0x92,0x29,0x92,0x29,0x72,0x29,0x93,0x29,0xB2,0x29,0x71,0x29,0x31,0x42,0xBD,0xD6,0xBE,0xF7,0x9F,0xF7,0xF3,0x5A,0xF1,0x39,
  0x3F,0xE7,0xBE,0xF7,0x7D,0xEF,0x7E,0xEF,0x7E,0xEF,0x7E,0xEF,0x9D,0xEF,0x7D,0xEF,0x7D,0xEF,0x7D,0xEF,0x7D,0xEF,0x7D,0xEF,
  0x7D,0xEF,0x7D,0xEF,0x7D,0xEF,0x7D,0xEF,0x7D,0xEF,0x7D,0xEF,0x7D,0xEF,0x7D,0xEF,0x7D,0xEF,0x7D,0xEF,0x7D,0xEF,0x7D,0xEF,
  0x7D,0xEF,0x7D,0xEF,0x7D,0xEF,0x7D,0xEF,0x7D,0xEF,0x7D,0xEF,0x7D,0xEF,0x7D,0xEF,0x7D,0xEF,0x7D,0xEF,0x7D,0xEF,0x7D,0xEF,
  0x7D,0xEF,0x7D,0xEF,0x7D,0xEF,0x7D,0xEF,0x7D,0xEF,0x7D,0xEF,0x7D,0xEF,0x7D,0xEF,0x7D,0xEF,0x7D,0xEF,0x7D,0xEF,0x7D,0xEF,
  0x7D,0xEF,0x7D,0xEF,0x7D,0xEF,0x7D,0xEF,0x7D,0xEF,0x7D,0xEF,0x7D,0xEF,0x7D,0xEF,0x7D,0xEF,0x7D,0xEF,0x7D,0xEF,0x7D,0xEF,
  0x7D,0xEF,0x7D,0xEF,0x7D,0xEF,0x7D,0xEF,0x7D,0xEF,0x7D,0xEF,0x7D,0xEF,0x7D,0xEF,0x7D,0xEF,0x7D,0xEF,0x7D,0xEF,0x7D,0xEF,
  0x7D,0xEF,0x7D,0xEF,0x7D,0xEF,0x7D,0xEF,0x7D,0xEF,0x7D,0xEF,0x7D,0xEF,0x7D,0xEF,0x7D,0xEF,0x7D,0xEF,0x7D,0xEF,0x7D,0xEF,
  0x7D,0xEF,0x7D,0xEF,0x7D,0xEF,0x7D,0xEF,0x7D,0xEF,0x9D,0xEF,0x9D,0xEF,0x9D,0xF7,0x7D,0xEF,0x5D,0xEF,0xBF,0xFF,0x1C,0xC6,
  0x4F,0x29,0x96,0x8C,0xBF,0xF7,0xBE,0xF7,0x58,0xAD,0x50,0x29,0x92,0x29,0x91,0x29,0x92,0x31,0x72,0x31,0x92,0x29,0x92,0x29,
  0x92,0x29,0x92,0x29,0x92,0x29,0x92,0x31,0x92,0x29,0x92,0x31,0x50,0x21,0xD6,0x7B,0x9F,0xEF,0x9D,0xF7,0x7D,0xF7,0x9E,0xF7,
  0x7E,0xEF,0x9E,0xEF,0x7E,0xEF,0x7D,0xF7,0x7D,0xF7,0x7D,0xEF,0x7D,0xEF,0x7D,0xEF,0x7D,0xEF,0x7D,0xEF,0x7D,0xEF,0x7D,0xEF,
  0x7D,0xEF,0x7D,0xEF,0x7D,0xEF,0x7D,0xEF,0x7D,0xEF,0x7D,0xEF,0x7D,0xEF,0x7D,0xEF,0x7D,0xEF,0x7D,0xEF,0x7D,0xF7,0x7D,0xF7,
  0x7D,0xEF,0x7D,0xF7,0x7D,0xF7,0x7D,0xF7,0x7D,0xF7,0x7E,0xF7,0x7E,0xF7,0x7E,0xEF,0x7E,0xEF,0x7D,0xEF,0x9E,0xEF,0x7E,0xF7,
  0x7D,0xEF,0xBE,0xF7,0xDB,0xFE,0xEC,0xE2,0xA3,0xE0,0xC5,0xE0,0xE7,0xB0,0x31,0x8B,0x9F,0xEF,0x7D,0xF7,0x9D,0xF7,0x5F,0xF7,
  0x71,0x4A,0x38,0xA5,0xBF,0xF7,0x9F,0xF7,0x96,0xA4,0xEA,0x70,0xE6,0xD8,0xE3,0xE0,0xF0,0xEB,0x7E,0xFF,0x9E,0xF7,0x7E,0xF7,
  0x7D,0xF7,0x7D,0xEF,0x9E,0xEF,0x7D,0xEF,0x9D,0xEF,0x9D,0xEF,0x9D,0xEF,0x9D,0xEF,0x9D,0xEF,0x9D,0xEF,0x7D,0xEF,0x7D,0xEF,
  0x7D,0xEF,0x7D,0xEF,0x9D,0xEF,0x7D,0xEF,0x7D,0xEF,0x7D,0xF7,0x7D,0xF7,0x7D,0xF7,0x7D,0xEF,0x7D,0xEF,0x7D,0xEF,0x7D,0xEF,
  0x7D,0xEF,0x7D,0xEF,0x7D,0xEF,0x7D,0xEF,0x7D,0xEF,0x7D,0xEF,0x7D,0xEF,0x9D,0xEF,0x9D,0xEF,0x9D,0xEF,0x7D,0xEF,0x7D,0xF7,
  0x7E,0xF7,0x9E,0xF7,0x5C,0xEF,0xFF,0xFF,0x9A,0xAD,0xB1,0x31,0x72,0x29,0x92,0x29,0x92,0x29,0x92,0x29,0x92,0x29,0x92,0x29,
  0x92,0x29,0x92,0x29,0x92,0x31,0x91,0x29,0x92,0x29,0x92,0x29,0x30,0x21,0x75,0x6B,0x7F,0xEF,0xBD,0xF7,0x7D,0xCE,0x6F,0x29,
  0xF5,0x83,0xBF,0xFF,0x7D,0xEF,0x7D,0xEF,0x9D,0xF7,0x9D,0xEF,0x9D,0xEF,0x7D,0xEF,0x7E,0xEF,0x7D,0xEF,0x7D,0xEF,0x7D,0xEF,
  0x7D,0xEF,0x7D,0xEF,0x7D,0xEF,0x7D,0xEF,0x7D,0xEF,0x7D,0xEF,0x7D,0xEF,0x7D,0xEF,0x7D,0xEF,0x7D,0xEF,0x7D,0xEF,0x7D,0xEF,
  0x7D,0xEF,0x7D,0xEF,0x7D,0xEF,0x7D,0xEF,0x7D,0xEF,0x7D,0xEF,0x7D,0xEF,0x7D,0xEF,0x7D,0xEF,0x7D,0xEF,0x7D,0xEF,0x7D,0xEF,
  0x7D,0xEF,0x7D,0xEF,0x7D,0xEF,0x7D,0xEF,0x7D,0xEF,0x7D,0xEF,0x7D,0xEF,0x7D,0xEF,0x7D,0xEF,0x7D,0xEF,0x7D,0xEF,0x7D,0xEF,
  0x7D,0xEF,0x7D,0xEF,0x7D,0xEF,0x7D,0xEF,0x7D,0xEF,0x7D,0xEF,0x7D,0xEF,0x7D,0xEF,0x7D,0xEF,0x7D,0xEF,0x7D,0xEF,0x7D,0xEF,
  0x7D,0xEF,0x7D,0xEF,0x7D,0xEF,0x7D,0xEF,0x7D,0xEF,0x7D,0xEF,0x7D,0xEF,0x7D,0xEF,0x7D,0xEF,0x7D,0xEF,0x7D,0xEF,0x7D,0xEF,
  0x7D,0xEF,0x7D,0xEF,0x7D,0xEF,0x7D,0xEF,0x7D,0xEF,0x7D,0xEF,0x7D,0xEF,0x7D,0xEF,0x7D,0xEF,0x7D,0xEF,0x7D,0xEF,0x7D,0xEF,
  0x7D,0xEF,0x7D,0xEF,0x7D,0xEF,0x7E,0xEF,0x7E,0xF7,0x9D,0xEF,0x9D,0xEF,0x7E,0xEF,0x7D,0xF7,0x7C,0xEF,0x9F,0xEF,0xF3,0x52,
  0x52,0x42,0x5F,0xE7,0xBD,0xF7,0xFE,0xDE,0x52,0x4A,0x51,0x29,0x92,0x31,0x72,0x29,0x92,0x29,0x92,0x29,0x72,0x31,0x92,0x31,
  0x92,0x29,0x92,0x29,0x92,0x29,0x92,0x29,0xB3,0x31,0x50,0x29,0xF3,0x5A,0x5F,0xEF,0x9E,0xF7,0x7D,0xEF,0x7D,0xEF,0x7D,0xEF,
  0x7D,0xEF,0x7D,0xEF,0x7D,0xEF,0x7D,0xEF,0x7D,0xEF,0x7D,0xEF,0x7D,0xEF,0x7D,0xEF,0x7D,0xEF,0x7D,0xEF,0x7D,0xEF,0x7D,0xEF,
  0x7D,0xEF,0x7D,0xEF,0x9D,0xEF,0x9D,0xEF,0x7D,0xEF,0x7D,0xF7,0x7D,0xF7,0x7D,0xF7,0x7D,0xEF,0x7D,0xEF,0x7D,0xEF,0x7D,0xEF,
  0x7D,0xF7,0x9D,0xF7,0x9D,0xEF,0x9D,0xEF,0x9D,0xEF,0x9D,0xEF,0x9D,0xEF,0x7E,0xF7,0x7E,0xF7,0x7D,0xF7,0x9D,0xF7,0x7E,0xF7,
  0x9E,0xEF,0x7D,0xF7,0x9D,0xEF,0x5D,0xFF,0xB4,0xF4,0x09,0xCA,0x2B,0x61,0xD9,0xC5,0xDE,0xF7,0x5D,0xEF,0x9D,0xF7,0x7F,0xEF,
  0x72,0x4A,0x76,0x8C,0xBF,0xFF,0x9E,0xF7,0xDA,0xC5,0xCB,0x58,0x2B,0xCA,0xB2,0xEC,0x5D,0xFF,0x9E,0xEF,0x7D,0xF7,0x7E,0xF7,
  0x7D,0xEF,0x9D,0xEF,0x9E,0xF7,0x7E,0xEF,0x7E,0xF7,0x7E,0xF7,0x7D,0xEF,0x7E,0xEF,0x9E,0xEF,0x7D,0xEF,0x7D,0xEF,0x9E,0xEF,
  0x7D,0xEF,0x9E,0xF7,0x7E,0xF7,0x7D,0xF7,0x7D,0xEF,0x9D,0xEF,0x9E,0xEF,0x9D,0xEF,0x9D,0xF7,0x9D,0xF7,0x7D,0xEF,0x7D,0xEF,
  0x7D,0xEF,0x7D,0xEF,0x7D,0xEF,0x7D,0xEF,0x7D,0xEF,0x7D,0xEF,0x7D,0xEF,0x7D,0xEF,0x7D,0xEF,0x7D,0xEF,0x7D,0xEF,0x7D,0xEF,
  0x7D,0xEF,0x7D,0xEF,0x7D,0xEF,0x7D,0xEF,0xDF,0xFF,0xF8,0x9C,0x4F,0x29,0x93,0x31,0x92,0x29,0x91,0x29,0x72,0x31,0x72,0x31,
  0x92,0x29,0x91,0x29,0x92,0x29,0x92,0x29,0x92,0x31,0x92,0x29,0x92,0x29,0x50,0x29,0x5A,0xAD,0xBE,0xF7,0xDF,0xFF,0x77,0x8C,
  0x4F,0x29,0x5D,0xC6,0xDE,0xF7,0x7D,0xEF,0x9D,0xF7,0x9D,0xEF,0x7E,0xEF,0x7E,0xF7,0x9E,0xEF,0x9D,0xEF,0x7D,0xEF,0x7D,0xEF,
  0x7D,0xEF,0x7D,0xEF,0x7D,0xEF,0x7D,0xEF,0x7D,0xEF,0x7D,0xEF,0x7D,0xEF,0x7D,0xEF,0x7D,0xEF,0x7D,0xEF,0x7D,0xEF,0x7D,0xEF,
  0x7D,0xEF,0x7D,0xEF,0x7D,0xEF,0x7D,0xEF,0x7D,0xEF,0x7D,0xEF,0x7D,0xEF,0x7D,0xEF,0x7D,0xEF,0x7D,0xEF,0x7D,0xEF,0x7D,0xEF,
  0x7D,0xEF,0x7D,0xEF,0x7D,0xEF,0x7D,0xEF,0x7D,0xEF,0x7D,0xEF,0x7D,0xEF,0x7D,0xEF,0x7D,0xEF,0x7D,0xEF,0x7D,0xEF,0x7D,0xEF,
  0x7D,0xEF,0x7D,0xEF,0x7D,0xEF,0x7D,0xEF,0x7D,0xEF,0x7D,0xEF,0x7D,0xEF,0x7D,0xEF,0x7D,0xEF,0x7D,0xEF,0x7D,0xEF,0x7D,0xEF,
  0x7D,0xEF,0x7D,0xEF,0x7D,0xEF,0x7D,0xEF,0x7D,0xEF,0x7D,0xEF,0x7D,0xEF,0x7D,0xEF,0x7D,0xEF,0x7D,0xEF,0x7D,0xEF,0x7D,0xEF,
  0x7D,0xEF,0x7D,0xEF,0x7D,0xEF,0x7D,0xEF,0x7D,0xEF,0x7D,0xEF,0x7D,0xEF,0x7D,0xEF,0x7D,0xEF,0x7D,0xEF,0x7D,0xEF,0x7D,0xEF,
  0x7D,0xEF,0x7D,0xEF,0x9D,0xEF,0x9D,0xEF,0x7E,0xEF,0x7D,0xEF,0x7E,0xEF,0x9E,0xF7,0x5C,0xEF,0xFF,0xFF,0x19,0xA5,0x4E,0x21,
  0x9A,0xB5,0xBE,0xF7,0xBF,0xF7,0xF6,0x7B,0x50,0x21,0x93,0x29,0x92,0x29,0x92,0x31,0x92,0x31,0x92,0x31,0x92,0x31,0x92,0x31,
  0x92,0x29,0x92,0x29,0xB2,0x29,0x72,0x29,0x91,0x29,0x30,0x42,0xBD,0xD6,0xBF,0xF7,0x7D,0xEF,0x7D,0xEF,0x7D,0xEF,0x7D,0xEF,
  0x7D,0xEF,0x7D,0xEF,0x7D,0xEF,0x7D,0xEF,0x7D,0xEF,0x7D,0xEF,0x7D,0xEF,0x7D,0xEF,0x7D,0xEF,0x7D,0xEF,0x7D,0xEF,0x7D,0xEF,
  0x7D,0xEF,0x7D,0xEF,0x7D,0xF7,0x7D,0xF7,0x7D,0xEF,0x9D,0xEF,0x7E,0xEF,0x7E,0xF7,0x7E,0xEF,0x7D,0xEF,0x9D,0xEF,0x7D,0xEF,
  0x9E,0xEF,0x9E,0xEF,0x7D,0xEF,0x7D,0xEF,0x7D,0xEF,0x5C,0xEF,0x5D,0xEF,0x7D,0xEF,0x7D,0xEF,0x7D,0xEF,0x7E,0xEF,0x9E,0xF7,
  0x7E,0xEF,0x5E,0xF7,0x7D,0xEF,0x9E,0xE7,0xFF,0xFF,0x55,0xAC,0x51,0x52,0x1F,0xE7,0xBE,0xF7,0x5D,0xEF,0x9D,0xF7,0x7F,0xEF,
  0x72,0x4A,0x76,0x8C,0xBF,0xFF,0xDF,0xFF,0x1B,0xBE,0x8F,0x31,0xBC,0xEE,0xFE,0xFF,0x9E,0xEF,0x5C,0xEF,0x7C,0xF7,0x7D,0xF7,
  0x7D,0xEF,0x9D,0xEF,0x9D,0xEF,0x9D,0xEF,0x9D,0xEF,0x7D,0xEF,0x7D,0xEF,0x9E,0xF7,0x7D,0xEF,0x7D,0xEF,0x7C,0xEF,0x7C,0xEF,
  0x7D,0xEF,0x7D,0xEF,0x7D,0xEF,0x9D,0xEF,0x9D,0xEF,0x9D,0xEF,0x7D,0xF7,0x9E,0xF7,0x9E,0xEF,0x9E,0xEF,0x7D,0xEF,0x7D,0xEF,
  0x7D,0xEF,0x7D,0xEF,0x7D,0xEF,0x7D,0xEF,0x7D,0xEF,0x7D,0xEF,0x7D,0xEF,0x7D,0xEF,0x7D,0xEF,0x7D,0xEF,0x7D,0xEF,0x7D,0xEF,
  0x7D,0xEF,0x7D,0xEF,0x7D,0xEF,0x7D,0xEF,0x7D,0xEF,0xDF,0xF7,0x16,0x84,0x2F,0x21,0xB3,0x31,0x92,0x29,0x92,0x29,0x92,0x31,
  0x92,0x31,0x92,0x29,0x92,0x29,0x92,0x31,0x91,0x29,0x91,0x29,0x93,0x29,0x51,0x21,0x31,0x42,0xDE,0xDE,0x9E,0xF7,0x3E,0xE7,
  0x51,0x42,0xD3,0x5A,0x7F,0xEF,0x9D,0xF7,0x9E,0xEF,0x7E,0xEF,0x7D,0xF7,0x7E,0xF7,0x7D,0xEF,0x9D,0xEF,0x7D,0xEF,0x7D,0xEF,
  0x7D,0xEF,0x7D,0xEF,0x7D,0xEF,0x7D,0xEF,0x7D,0xEF,0x7D,0xEF,0x7D,0xEF,0x7D,0xEF,0x7D,0xEF,0x7D,0xEF,0x7D,0xEF,0x7D,0xEF,
  0x7D,0xEF,0x7D,0xEF,0x7D,0xEF,0x7D,0xEF,0x7D,0xEF,0x7D,0xEF,0x7D,0xEF,0x7D,0xEF,0x7D,0xEF,0x7D,0xEF,0x7D,0xEF,0x7D,0xEF,
  0x7D,0xEF,0x7D,0xEF,0x7D,0xEF,0x7D,0xEF,0x7D,0xEF,0x7D,0xEF,0x7D,0xEF,0x7D,0xEF,0x7D,0xEF,0x7D,0xEF,0x7D,0xEF,0x7D,0xEF,
  0x7D,0xEF,0x7D,0xEF,0x7D,0xEF,0x7D,0xEF,0x7D,0xEF,0x7D,0xEF,0x7D,0xEF,0x7D,0xEF,0x7D,0xEF,0x7D,0xEF,0x7D,0xEF,0x7D,0xEF,
  0x7D,0xEF,0x7D,0xEF,0x7D,0xEF,0x7D,0xEF,0x7D,0xEF,0x7D,0xEF,0x7D,0xEF,0x7D,0xEF,0x7D,0xEF,0x7D,0xEF,0x7D,0xEF,0x7D,0xEF,
  0x7D,0xEF,0x7D,0xEF,0x7D,0xEF,0x7D,0xEF,0x7D,0xEF,0x7D,0xEF,0x7D,0xEF,0x7D,0xEF,0x7D,0xEF,0x7D,0xEF,0x7D,0xEF,0x7D,0xEF,
  0x7D,0xEF,0x7D,0xEF,0x9D,0xEF,0x9D,0xEF,0x7D,0xEF,0x7D,0xF7,0x7E,0xF7,0x7E,0xF7,0x9E,0xF7,0x1E,0xE7,0xEF,0x39,0x54,0x63,
  0xDF,0xF7,0xDE,0xF7,0x1B,0xBE,0x8F,0x29,0x92,0x29,0x92,0x29,0x92,0x29,0x92,0x29,0x72,0x31,0x72,0x31,0x92,0x29,0x92,0x29,
  0x92,0x29,0x92,0x29,0x72,0x29,0xB3,0x31,0x70,0x29,0xBB,0xB5,0xFF,0xFF,0x7D,0xEF,0x9E,0xF7,0x7D,0xEF,0x7D,0xEF,0x7D,0xEF,
  0x7D,0xEF,0x7D,0xEF,0x7D,0xEF,0x7D,0xEF,0x7D,0xEF,0x7D,0xEF,0x7D,0xEF,0x7D,0xEF,0x7D,0xEF,0x7D,0xEF,0x7D,0xEF,0x7D,0xEF,
  0x7D,0xEF,0x7D,0xEF,0x7E,0xF7,0x7E,0xF7,0x7E,0xEF,0x7D,0xEF,0x7D,0xEF,0x7D,0xF7,0x5D,0xF7,0x5D,0xF7,0x7D,0xF7,0x7D,0xEF,
  0x9E,0xF7,0x9E,0xEF,0xDE,0xF7,0xFF,0xF7,0xFF,0xEF,0xFF,0xEF,0xDF,0xEF,0xDF,0xEF,0xDF,0xF7,0xDF,0xF7,0xBE,0xEF,0x9D,0xEF,
  0x9E,0xEF,0x7E,0xEF,0x7D,0xF7,0x5C,0xEF,0xFF,0xFF,0xB3,0x73,0x72,0x63,0xFF,0xFF,0x7D,0xEF,0x7D,0xEF,0x9D,0xF7,0x7F,0xEF,
  0x52,0x4A,0x56,0x8C,0x9F,0xF7,0xBF,0xFF,0x3C,0xC6,0xB0,0x31,0x1E,0xEF,0x7D,0xEF,0x7E,0xEF,0xDF,0xF7,0xFF,0xEF,0xFF,0xF7,
  0xFF,0xF7,0xDF,0xF7,0xBF,0xEF,0xBE,0xEF,0xBE,0xEF,0x9D,0xEF,0xBE,0xF7,0xBE,0xF7,0xBE,0xF7,0xDF,0xF7,0xFF,0xEF,0xFF,0xEF,
  0xFF,0xF7,0xBE,0xF7,0x9E,0xEF,0x7E,0xEF,0x7E,0xEF,0x7E,0xEF,0x7E,0xEF,0x9E,0xEF,0x9E,0xEF,0x7E,0xF7,0x7D,0xEF,0x7D,0xEF,
  0x7D,0xEF,0x7D,0xEF,0x7D,0xEF,0x7D,0xEF,0x7D,0xEF,0x7D,0xEF,0x7D,0xEF,0x7D,0xEF,0x7D,0xEF,0x7D,0xEF,0x7D,0xEF,0x7D,0xEF,
  0x7D,0xEF,0x7D,0xEF,0x7D,0xEF,0x7D,0xEF,0x7D,0xEF,0x9E,0xF7,0x3F,0xE7,0xF4,0x5A,0x30,0x21,0xB3,0x31,0x92,0x29,0x91,0x29,
  0x91,0x31,0x72,0x31,0x72,0x31,0x72,0x31,0x91,0x29,0x91,0x29,0x92,0x29,0xB3,0x31,0x30,0x21,0x16,0x7C,0x9F,0xF7,0xDE,0xFF,
  0x9A,0xAD,0x0E,0x21,0x7A,0xAD,0xFF,0xFF,0x5D,0xEF,0x7F,0xF7,0x7D,0xF7,0x7E,0xEF,0x7E,0xEF,0x7D,0xEF,0x7D,0xEF,0x7D,0xEF,
  0x7D,0xEF,0x7D,0xEF,0x7D,0xEF,0x7D,0xEF,0x7D,0xEF,0x7D,0xEF,0x7D,0xEF,0x7D,0xEF,0x7D,0xEF,0x7D,0xEF,0x7D,0xEF,0x7D,0xEF,
  0x7D,0xEF,0x7D,0xEF,0x7D,0xEF,0x7D,0xEF,0x7D,0xEF,0x7D,0xEF,0x7D,0xEF,0x7D,0xEF,0x7D,0xEF,0x7D,0xEF,0x7D,0xEF,0x7D,0xEF,
  0x7D,0xEF,0x7D,0xEF,0x7D,0xEF,0x7D,0xEF,0x7D,0xEF,0x7D,0xEF,0x7D,0xEF,0x7D,0xEF,0x7D,0xEF,0x7D,0xEF,0x7D,0xEF,0x7D,0xEF,
  0x7D,0xEF,0x7D,0xEF,0x7D,0xEF,0x7D,0xEF,0x7D,0xEF,0x7D,0xEF,0x7D,0xEF,0x7D,0xEF,0x7D,0xEF,0x7D,0xEF,0x7D,0xEF,0x7D,0xEF,
  0x7D,0xEF,0x7D,0xEF,0x7D,0xEF,0x7D,0xEF,0x7D,0xEF,0x7D,0xEF,0x7D,0xEF,0x7D,0xEF,0x7D,0xEF,0x7D,0xEF,0x7D,0xEF,0x7D,0xEF,
  0x7D,0xEF,0x7D,0xEF,0x7D,0xEF,0x7D,0xEF,0x7D,0xEF,0x7D,0xEF,0x7D,0xEF,0x7D,0xEF,0x7D,0xEF,0x7D,0xEF,0x7D,0xEF,0x7D,0xEF,
  0x7D,0xEF,0x7D,0xEF,0x7D,0xF7,0x7E,0xF7,0x7E,0xEF,0x7D,0xF7,0x7E,0xF7,0x7D,0xEF,0xFF,0xFF,0x57,0x84,0x6E,0x29,0x9D,0xD6,
  0xBE,0xF7,0x7F,0xEF,0x13,0x5B,0x30,0x21,0xB2,0x31,0x91,0x29,0x92,0x29,0x92,0x29,0x92,0x29,0x92,0x29,0x91,0x29,0x92,0x29,
  0x91,0x29,0x92,0x29,0xB3,0x31,0x2F,0x21,0x77,0x8C,0xFF,0xFF,0x7D,0xEF,0x9D,0xF7,0x7D,0xEF,0x7D,0xEF,0x7D,0xEF,0x7D,0xEF,
  0x7D,0xEF,0x7D,0xEF,0x7D,0xEF,0x7D,0xEF,0x7D,0xEF,0x7D,0xEF,0x7D,0xEF,0x7D,0xEF,0x7D,0xEF,0x7D,0xEF,0x7D,0xEF,0x7E,0xF7,
  0x7D,0xEF,0x7D,0xEF,0x7E,0xEF,0x7E,0xEF,0x7D,0xEF,0x7D,0xEF,0x9E,0xEF,0xDE,0xEF,0xFE,0xEF,0xFF,0xEF,0xDF,0xF7,0xBE,0xFF,
  0x1C,0xF7,0x9A,0xEE,0x39,0xEE,0xD7,0xED,0x96,0xED,0x96,0xED,0x96,0xED,0xD7,0xED,0x17,0xEE,0x38,0xEE,0x9A,0xEE,0x1C,0xF7,
  0x9E,0xF7,0xFF,0xEF,0xDE,0xF7,0xDE,0xF7,0xFF,0xF7,0x74,0x63,0x14,0x84,0xFF,0xFF,0x7D,0xEF,0x9E,0xF7,0x9D,0xF7,0x7E,0xEF,
  0x72,0x52,0x56,0x8C,0xBF,0xF7,0xBE,0xFF,0x1B,0xBE,0xB0,0x31,0x9F,0xE7,0xDE,0xF7,0x3C,0xF7,0x59,0xEE,0xB6,0xED,0xD4,0xF4,
  0x30,0xE4,0x8F,0xEB,0x0E,0xF3,0x8C,0xEA,0xAC,0xEA,0xAC,0xEA,0xAC,0xEA,0xAC,0xE2,0x0D,0xE3,0x8E,0xEB,0x30,0xEC,0xB2,0xEC,
  0xB6,0xED,0xBA,0xF6,0x9D,0xF7,0xDF,0xEF,0xFF,0xEF,0xBF,0xF7,0x7E,0xF7,0x5D,0xF7,0x7D,0xEF,0x9D,0xEF,0x7D,0xEF,0x7D,0xEF,
  0x7D,0xEF,0x7D,0xEF,0x7D,0xEF,0x7D,0xEF,0x7D,0xEF,0x7D,0xEF,0x7D,0xEF,0x7D,0xEF,0x7D,0xEF,0x7D,0xEF,0x7D,0xEF,0x7D,0xEF,
  0x7D,0xEF,0x7D,0xEF,0x7D,0xEF,0x7D,0xEF,0x9E,0xF7,0x7E,0xEF,0xBF,0xF7,0x9D,0xCE,0xF0,0x39,0x71,0x29,0x92,0x31,0x91,0x29,
  0x92,0x29,0x92,0x31,0x92,0x29,0x92,0x29,0x92,0x29,0x92,0x29,0x91,0x29,0xB2,0x31,0x92,0x29,0x6F,0x29,0x1C,0xBE,0xBF,0xF7,
  0x9F,0xF7,0x54,0x6B,0x30,0x42,0x3F,0xE7,0x9E,0xF7,0x7E,0xF7,0x7D,0xF7,0x7D,0xEF,0x7E,0xF7,0x7E,0xF7,0x7D,0xEF,0x7D,0xEF,
  0x7D,0xEF,0x7D,0xEF,0x7D,0xEF,0x7D,0xEF,0x7D,0xEF,0x7D,0xEF,0x7D,0xEF,0x7D,0xEF,0x7D,0xEF,0x7D,0xEF,0x7D,0xEF,0x7D,0xEF,
  0x7D,0xEF,0x7D,0xEF,0x7D,0xEF,0x7D,0xEF,0x7D,0xEF,0x7D,0xEF,0x7D,0xEF,0x7D,0xEF,0x7D,0xEF,0x7D,0xEF,0x7D,0xEF,0x7D,0xEF,
  0x7D,0xEF,0x7D,0xEF,0x7D,0xEF,0x7D,0xEF,0x7D,0xEF,0x7D,0xEF,0x7D,0xEF,0x7D,0xEF,0x7D,0xEF,0x7D,0xEF,0x7D,0xEF,0x7D,0xEF,
  0x7D,0xEF,0x7D,0xEF,0x7D,0xEF,0x7D,0xEF,0x7D,0xEF,0x7D,0xEF,0x7D,0xEF,0x7D,0xEF,0x7D,0xEF,0x7D,0xEF,0x7D,0xEF,0x7D,0xEF,
  0x7D,0xEF,0x7D,0xEF,0x7D,0xEF,0x7D,0xEF,0x7D,0xEF,0x7D,0xEF,0x7D,0xEF,0x7D,0xEF,0x7D,0xEF,0x7D,0xEF,0x7D,0xEF,0x7D,0xEF,
  0x7D,0xEF,0x7D,0xEF,0x7D,0xEF,0x7D,0xEF,0x7D,0xEF,0x7D,0xEF,0x7D,0xEF,0x7D,0xEF,0x7D,0xEF,0x7D,0xEF,0x7D,0xEF,0x7D,0xEF,
  0x7D,0xEF,0x7D,0xEF,0x7E,0xF7,0x7E,0xEF,0x7E,0xEF,0x7D,0xEF,0x7E,0xEF,0xBE,0xF7,0xBE,0xD6,0x8F,0x31,0xF7,0x83,0xBF,0xF7,
  0xBE,0xF7,0x59,0xA5,0x70,0x29,0x93,0x29,0x72,0x29,0x92,0x31,0x92,0x29,0x92,0x29,0x92,0x29,0x92,0x29,0x92,0x29,0x92,0x29,
  0x91,0x29,0xB2,0x31,0x30,0x21,0x34,0x63,0x7F,0xEF,0x9D,0xEF,0x7D,0xF7,0x7D,0xF7,0x7E,0xEF,0x7D,0xEF,0x7D,0xEF,0x7D,0xEF,
  0x7D,0xEF,0x7D,0xEF,0x7D,0xEF,0x7D,0xEF,0x7E,0xF7,0x7E,0xF7,0x7E,0xF7,0x7D,0xF7,0x7D,0xF7,0x7D,0xEF,0x9D,0xEF,0x9D,0xEF,
  0x9D,0xEF,0x7D,0xEF,0x7D,0xF7,0x9E,0xF7,0xDF,0xEF,0xFF,0xF7,0x7E,0xF7,0x7A,0xF6,0x55,0xF5,0xF0,0xF3,0x8B,0xEA,0xA8,0xE1,
  0x66,0xE1,0x45,0xE9,0x66,0xE9,0x46,0xF1,0x26,0xE9,0x26,0xE9,0x26,0xE9,0x46,0xE9,0x87,0xF1,0x66,0xF1,0x46,0xE9,0x87,0xE1,
  0x87,0xE1,0x29,0xEA,0xED,0xF2,0x10,0xF4,0x57,0xED,0x91,0x62,0x96,0x8C,0xFF,0xFF,0x7D,0xEF,0x7E,0xEF,0x9D,0xF7,0x7E,0xEF,
  0x72,0x4A,0x76,0x8C,0xBF,0xF7,0xBE,0xF7,0xFA,0xC5,0x4C,0x49,0x90,0xE3,0x09,0xE2,0x47,0xE1,0x46,0xE9,0x26,0xF1,0x06,0xF1,
  0xA6,0xE1,0x28,0xEA,0xAB,0xF2,0xEC,0xEA,0x8E,0xF3,0xAF,0xFB,0x2D,0xEB,0xCC,0xEA,0xAC,0xF2,0x2A,0xF2,0x87,0xE9,0x46,0xE9,
  0x46,0xE9,0x45,0xE9,0x87,0xE1,0x0C,0xEB,0xD3,0xEC,0x79,0xEE,0x9D,0xEF,0xFF,0xEF,0xBF,0xF7,0x5D,0xF7,0x7D,0xEF,0x9E,0xF7,
  0x9E,0xEF,0x7D,0xEF,0x7D,0xF7,0x9E,0xEF,0x9E,0xEF,0x9E,0xEF,0x7D,0xEF,0x7D,0xEF,0x7D,0xEF,0x7D,0xEF,0x7D,0xEF,0x7D,0xEF,
  0x7D,0xEF,0x7D,0xEF,0x7D,0xEF,0x7D,0xEF,0x7E,0xEF,0x9E,0xEF,0x9D,0xEF,0xDF,0xF7,0x19,0xA5,0x4F,0x29,0x92,0x31,0x92,0x29,
  0x92,0x29,0x72,0x29,0x91,0x29,0x91,0x29,0x92,0x29,0x72,0x31,0x72,0x31,0x72,0x29,0x93,0x29,0x50,0x21,0x33,0x63,0x5E,0xEF,
  0xDF,0xF7,0x3C,0xC6,0x4E,0x29,0xB9,0x94,0xFF,0xFF,0x7D,0xF7,0x7E,0xEF,0x7D,0xEF,0x7D,0xEF,0x7E,0xF7,0x7D,0xEF,0x7D,0xEF,
  0x7D,0xEF,0x7D,0xEF,0x7D,0xEF,0x7D,0xEF,0x7D,0xEF,0x7D,0xEF,0x7D,0xEF,0x7D,0xEF,0x7D,0xEF,0x7D,0xEF,0x7D,0xEF,0x7D,0xEF,
  0x7D,0xEF,0x7D,0xEF,0x7D,0xEF,0x7D,0xEF,0x7D,0xEF,0x7D,0xEF,0x7D,0xEF,0x7D,0xEF,0x7D,0xEF,0x7D,0xEF,0x7D,0xEF,0x7D,0xEF,
  0x7D,0xEF,0x7D,0xEF,0x7D,0xEF,0x7D,0xEF,0x7D,0xEF,0x7D,0xEF,0x7D,0xEF,0x7D,0xEF,0x7D,0xEF,0x7D,0xEF,0x7D,0xEF,0x7D,0xEF,
  0x7D,0xEF,0x7D,0xEF,0x7D,0xEF,0x7D,0xEF,0x7D,0xEF,0x7D,0xEF,0x7D,0xEF,0x7D,0xEF,0x7D,0xEF,0x7D,0xEF,0x7D,0xEF,0x7D,0xEF,
  0x7D,0xEF,0x7D,0xEF,0x7D,0xEF,0x7D,0xEF,0x7D,0xEF,0x7D,0xEF,0x7D,0xEF,0x7D,0xEF,0x7D,0xEF,0x7D,0xEF,0x7D,0xEF,0x7D,0xEF,
  0x7D,0xEF,0x7D,0xEF,0x7D,0xEF,0x7D,0xEF,0x7D,0xEF,0x7D,0xEF,0x7D,0xEF,0x7D,0xEF,0x7D,0xEF,0x7D,0xEF,0x7D,0xEF,0x7D,0xEF,
  0x7D,0xEF,0x7D,0xEF,0x7E,0xEF,0x7E,0xEF,0x9D,0xEF,0x7D,0xF7,0x5E,0xF7,0xDF,0xFF,0xF6,0x7B,0xCF,0x39,0xFE,0xDE,0xBF,0xF7,
  0x3E,0xDF,0x71,0x4A,0x51,0x29,0x92,0x29,0x92,0x29,0x92,0x29,0x91,0x29,0x91,0x29,0x92,0x29,0x92,0x29,0x91,0x31,0x92,0x29,
  0x93,0x29,0x71,0x29,0xF0,0x39,0x7D,0xCE,0xDF,0xF7,0x7D,0xEF,0x9D,0xF7,0x7D,0xEF,0x7D,0xEF,0x7D,0xEF,0x7D,0xEF,0x7D,0xEF,
  0x7D,0xEF,0x7D,0xEF,0x7D,0xEF,0x7D,0xF7,0x9E,0xEF,0xBE,0xE7,0x7E,0xF7,0x7D,0xF7,0x9D,0xEF,0x7D,0xEF,0x7E,0xF7,0x7E,0xEF,
  0x7D,0xE7,0xBF,0xEF,0xDF,0xF7,0x3C,0xF7,0x96,0xF5,0x6D,0xEB,0xE8,0xE9,0x04,0xE9,0xE4,0xE0,0x09,0xEA,0xEC,0xEA,0xF0,0xF3,
  0xF3,0xEC,0x75,0xED,0xF7,0xF5,0x59,0xF6,0x79,0xEE,0x59,0xEE,0x59,0xEE,0x59,0xEE,0x59,0xEE,0xF7,0xF5,0x76,0xF5,0x35,0xF5,
  0x71,0xEC,0x8F,0xEB,0xAC,0xEA,0xC8,0xE9,0xA8,0xD9,0xA8,0x78,0xB4,0x8B,0xFF,0xFF,0x5D,0xEF,0x7E,0xF7,0x9E,0xF7,0x7F,0xEF,
  0x72,0x4A,0x39,0xA5,0xDF,0xFF,0xDF,0xF7,0xB7,0x9C,0x4C,0x61,0xAD,0xDA,0x6E,0xEB,0x92,0xE4,0x96,0xF5,0x58,0xF6,0x3C,0xEF,
  0xDE,0xEF,0xFF,0xEF,0xFF,0xEF,0xFF,0xEF,0xFF,0xEF,0xFF,0xEF,0xFF,0xEF,0xFF,0xEF,0xFF,0xF7,0xFF,0xF7,0xBF,0xF7,0x3D,0xEF,
  0x79,0xF6,0x75,0xF5,0x30,0xF4,0xAB,0xEA,0x46,0xE1,0xE5,0xE0,0x09,0xEA,0x11,0xEC,0xBA,0xF6,0xDE,0xF7,0xDE,0xF7,0x5D,0xEF,
  0x5D,0xEF,0x9D,0xEF,0x9D,0xEF,0x7D,0xEF,0x7E,0xEF,0x7E,0xEF,0x7D,0xF7,0x7D,0xEF,0x7D,0xEF,0x7D,0xEF,0x7D,0xEF,0x7D,0xEF,
  0x7D,0xEF,0x7D,0xEF,0x7D,0xEF,0x7D,0xEF,0x9D,0xEF,0x7D,0xEF,0x7E,0xF7,0x7E,0xF7,0xBF,0xF7,0x94,0x73,0x30,0x21,0xB3,0x31,
  0x92,0x29,0x72,0x29,0x72,0x29,0x92,0x29,0x92,0x29,0x91,0x29,0x91,0x29,0x92,0x29,0x72,0x29,0x92,0x31,0x8F,0x29,0x7A,0xAD,
  0xBF,0xF7,0xDF,0xF7,0xB5,0x73,0x11,0x42,0x1E,0xDF,0x9E,0xF7,0x7F,0xF7,0x7D,0xEF,0x7D,0xEF,0x9E,0xF7,0x7D,0xEF,0x7D,0xEF,
  0x7D,0xEF,0x7D,0xEF,0x7D,0xEF,0x7D,0xEF,0x7D,0xEF,0x7D,0xEF,0x7D,0xEF,0x7D,0xEF,0x7D,0xEF,0x7D,0xEF,0x7D,0xEF,0x7D,0xEF,
  0x7D,0xEF,0x7D,0xEF,0x7D,0xEF,0x7D,0xEF,0x7D,0xEF,0x7D,0xEF,0x7D,0xEF,0x7D,0xEF,0x7D,0xEF,0x7D,0xEF,0x7D,0xEF,0x7D,0xEF,
  0x7D,0xEF,0x7D,0xEF,0x7D,0xEF,0x7D,0xEF,0x7D,0xEF,0x7D,0xEF,0x7D,0xEF,0x7D,0xEF,0x7D,0xEF,0x7D,0xEF,0x7D,0xEF,0x7D,0xEF,
  0x7D,0xEF,0x7D,0xEF,0x7D,0xEF,0x7D,0xEF,0x7D,0xEF,0x7D,0xEF,0x7D,0xEF,0x7D,0xEF,0x7D,0xEF,0x7D,0xEF,0x7D,0xEF,0x7D,0xEF,
  0x7D,0xEF,0x7D,0xEF,0x7D,0xEF,0x7D,0xEF,0x7D,0xEF,0x7D,0xEF,0x7D,0xEF,0x7D,0xEF,0x7D,0xEF,0x7D,0xEF,0x7D,0xEF,0x7D,0xEF,
  0x7D,0xEF,0x7D,0xEF,0x7D,0xEF,0x7D,0xEF,0x7D,0xEF,0x7D,0xEF,0x7D,0xEF,0x7D,0xEF,0x7D,0xEF,0x7D,0xEF,0x7D,0xEF,0x7D,0xEF,
  0x7D,0xEF,0x7D,0xEF,0x7D,0xEF,0x7E,0xEF,0x7E,0xEF,0x9D,0xF7,0x9D,0xF7,0xBE,0xD6,0xAE,0x31,0x78,0x8C,0xDF,0xF7,0xBE,0xF7,
  0xB8,0x94,0x4F,0x29,0x92,0x31,0x72,0x29,0x92,0x29,0x92,0x29,0x92,0x29,0x92,0x29,0x92,0x29,0x92,0x29,0x71,0x29,0x71,0x29,
  0xB3,0x31,0x4F,0x21,0x39,0x9D,0xFF,0xF7,0x7C,0xEF,0x9E,0xF7,0x7E,0xEF,0x7D,0xEF,0x7D,0xEF,0x7D,0xEF,0x7D,0xEF,0x7D,0xEF,
  0x7D,0xEF,0x7D,0xEF,0x7D,0xEF,0x7D,0xEF,0x9E,0xF7,0x7D,0xEF,0x7D,0xEF,0x9D,0xEF,0x9E,0xEF,0x7E,0xF7,0x7E,0xEF,0xDE,0xEF,
  0xBE,0xFF,0x19,0xF6,0x8F,0xEB,0x87,0xE1,0xE5,0xD8,0xE9,0xE9,0xAF,0xEB,0xB6,0xED,0xFB,0xEE,0x9E,0xF7,0xBE,0xF7,0xDE,0xFF,
  0xFF,0xFF,0xDF,0xF7,0xBF,0xEF,0xDF,0xF7,0xBF,0xF7,0xBE,0xF7,0xBE,0xF7,0xBF,0xEF,0xDF,0xEF,0xDF,0xEF,0xFF,0xF7,0xFF,0xF7,
  0xFE,0xF7,0xBE,0xEF,0x9E,0xEF,0x9E,0xF7,0x9E,0xFF,0x35,0x8C,0x13,0x5B,0xBF,0xEF,0x7D,0xEF,0x7E,0xF7,0x7E,0xEF,0x5F,0xEF,
  0x72,0x4A,0x59,0xA5,0xBE,0xF7,0xDF,0xF7,0x12,0x5B,0xD6,0x7B,0x9F,0xFF,0xFF,0xF7,0xFF,0xEF,0xDF,0xF7,0xBE,0xF7,0x9E,0xEF,
  0x7D,0xEF,0x7D,0xEF,0x7D,0xEF,0x7D,0xEF,0x7D,0xEF,0x7D,0xEF,0x7D,0xEF,0x7D,0xEF,0x5D,0xEF,0x7D,0xEF,0x7D,0xF7,0x7E,0xF7,
  0xBF,0xF7,0xFF,0xF7,0xFF,0xEF,0xBE,0xEF,0x1B,0xEF,0x95,0xF5,0x2D,0xEB,0x26,0xE1,0x05,0xE9,0xCC,0xEA,0xF7,0xF5,0xBE,0xFF,
  0xBE,0xF7,0x5D,0xEF,0x7D,0xF7,0x9D,0xEF,0x9D,0xF7,0x7D,0xF7,0x7D,0xEF,0x9E,0xEF,0x7D,0xEF,0x7D,0xEF,0x7D,0xEF,0x7D,0xEF,
  0x7D,0xEF,0x7D,0xEF,0x7D,0xEF,0x7D,0xEF,0x7D,0xEF,0x7D,0xEF,0x7E,0xF7,0x5D,0xEF,0xBE,0xF7,0xDE,0xDE,0x31,0x42,0x51,0x21,
  0xB3,0x31,0x92,0x31,0x92,0x29,0x92,0x29,0x92,0x29,0x92,0x29,0x92,0x29,0x71,0x29,0x72,0x29,0x93,0x31,0x30,0x21,0xB3,0x52,
  0x3E,0xE7,0xDE,0xF7,0x9E,0xCE,0x4E,0x29,0xD8,0x94,0xDF,0xFF,0x7D,0xEF,0x9E,0xF7,0x7E,0xEF,0x7E,0xF7,0x7D,0xEF,0x7D,0xEF,
  0x7D,0xEF,0x7D,0xEF,0x7D,0xEF,0x7D,0xEF,0x7D,0xEF,0x7D,0xEF,0x7D,0xEF,0x7D,0xEF,0x7D,0xEF,0x7D,0xEF,0x7D,0xEF,0x7D,0xEF,
  0x7D,0xEF,0x7D,0xEF,0x7D,0xEF,0x7D,0xEF,0x7D,0xEF,0x7D,0xEF,0x7D,0xEF,0x7D,0xEF,0x7D,0xEF,0x7D,0xEF,0x7D,0xEF,0x7D,0xEF,
  0x7D,0xEF,0x7D,0xEF,0x7D,0xEF,0x7D,0xEF,0x7D,0xEF,0x7D,0xEF,0x7D,0xEF,0x7D,0xEF,0x7D,0xEF,0x7D,0xEF,0x7D,0xEF,0x7D,0xEF,
  0x7D,0xEF,0x7D,0xEF,0x7D,0xEF,0x7D,0xEF,0x7D,0xEF,0x7D,0xEF,0x7D,0xEF,0x7D,0xEF,0x7D,0xEF,0x7D,0xEF,0x7D,0xEF,0x7D,0xEF,
  0x7D,0xEF,0x7D,0xEF,0x7D,0xEF,0x7D,0xEF,0x7D,0xEF,0x7D,0xEF,0x7D,0xEF,0x7D,0xEF,0x7D,0xEF,0x7D,0xEF,0x7D,0xEF,0x7D,0xEF,
  0x7D,0xEF,0x7D,0xEF,0x7D,0xEF,0x7D,0xEF,0x7D,0xEF,0x7D,0xEF,0x7D,0xEF,0x7D,0xEF,0x7D,0xEF,0x7D,0xEF,0x7D,0xEF,0x7D,0xEF,
  0x7D,0xEF,0x7D,0xEF,0x7D,0xF7,0x7E,0xF7,0x7E,0xEF,0x5C,0xEF,0xFF,0xFF,0xF6,0x7B,0xCF,0x31,0xFE,0xDE,0xBE,0xF7,0xFD,0xDE,
  0x12,0x42,0x52,0x29,0x93,0x31,0x92,0x29,0x92,0x29,0x92,0x29,0x92,0x29,0x92,0x29,0x92,0x29,0x92,0x29,0x92,0x29,0xD2,0x31,
  0x10,0x21,0x15,0x63,0x7F,0xEF,0x9D,0xEF,0x5C,0xEF,0x9F,0xF7,0x7E,0xEF,0x7D,0xEF,0x7D,0xEF,0x7D,0xEF,0x7D,0xEF,0x7D,0xEF,
  0x7D,0xEF,0x7D,0xEF,0x7D,0xEF,0x7D,0xEF,0x9D,0xEF,0x9D,0xEF,0x9E,0xF7,0x5E,0xF7,0x5E,0xEF,0xDE,0xEF,0xDD,0xF7,0xD6,0xF5,
  0xCB,0xE2,0x05,0xD9,0xA7,0xD9,0x11,0xF4,0x39,0xFE,0x9E,0xF7,0xFF,0xEF,0xBF,0xEF,0xBF,0xF7,0x7E,0xF7,0x7E,0xEF,0x7D,0xEF,
  0x7D,0xEF,0x9D,0xEF,0x7D,0xEF,0x9D,0xEF,0x7C,0xEF,0x7C,0xEF,0x7C,0xEF,0x7D,0xEF,0x7D,0xEF,0x5D,0xF7,0x7D,0xF7,0x7D,0xEF,
  0x7E,0xEF,0x7E,0xEF,0x7E,0xF7,0x7E,0xF7,0xDF,0xFF,0x1B,0xBE,0xF0,0x31,0xBD,0xCE,0xFE,0xFF,0x5C,0xEF,0x9D,0xF7,0x5F,0xEF,
  0xCF,0x39,0xBA,0xB5,0xDF,0xFF,0xDE,0xD6,0xEE,0x39,0x99,0xAD,0xDF,0xF7,0x5C,0xEF,0x7E,0xF7,0x5E,0xF7,0x7D,0xEF,0x7D,0xEF,
  0x7D,0xF7,0x9D,0xEF,0x9D,0xEF,0x9D,0xEF,0x7D,0xEF,0x7D,0xF7,0x7D,0xF7,0x7D,0xEF,0x9D,0xEF,0x9E,0xEF,0x9E,0xEF,0x9D,0xEF,
  0x7D,0xEF,0x5D,0xF7,0x5C,0xF7,0x7D,0xF7,0x9E,0xF7,0xDF,0xEF,0xFF,0xEF,0x1B,0xF7,0x13,0xF5,0x29,0xDA,0x06,0xD9,0xEC,0xE2,
  0x18,0xFE,0xBD,0xF7,0xBE,0xF7,0x5D,0xEF,0x5D,0xEF,0xBE,0xEF,0x7E,0xEF,0x7E,0xEF,0x7D,0xEF,0x7D,0xEF,0x7D,0xEF,0x7D,0xEF,
  0x7D,0xEF,0x7D,0xEF,0x7D,0xEF,0x7D,0xEF,0x7D,0xEF,0x7D,0xEF,0x7D,0xEF,0x9D,0xF7,0x5D,0xEF,0xFF,0xFF,0x39,0xA5,0x4F,0x29,
  0x93,0x31,0x72,0x29,0xB2,0x31,0x91,0x29,0x92,0x29,0x92,0x29,0x92,0x29,0x92,0x29,0x92,0x29,0x93,0x31,0x93,0x31,0x30,0x21,
  0x5A,0xA5,0xDE,0xFF,0x9F,0xF7,0xB6,0x73,0x30,0x42,0x1E,0xE7,0xBD,0xF7,0x5D,0xEF,0x9E,0xF7,0x7D,0xEF,0x7D,0xEF,0x7D,0xEF,
  0x7D,0xEF,0x7D,0xEF,0x7D,0xEF,0x7D,0xEF,0x7D,0xEF,0x7D,0xEF,0x7D,0xEF,0x7D,0xEF,0x7D,0xEF,0x7D,0xEF,0x7D,0xEF,0x7D,0xEF,
  0x7D,0xEF,0x7D,0xEF,0x7D,0xEF,0x7D,0xEF,0x7D,0xEF,0x7D,0xEF,0x7D,0xEF,0x7D,0xEF,0x7D,0xEF,0x7D,0xEF,0x7D,0xEF,0x7D,0xEF,
  0x7D,0xEF,0x7D,0xEF,0x7D,0xEF,0x7D,0xEF,0x7D,0xEF,0x7D,0xEF,0x7D,0xEF,0x7D,0xEF,0x7D,0xEF,0x7D,0xEF,0x7D,0xEF,0x7D,0xEF,
  0x7D,0xEF,0x7D,0xEF,0x7D,0xEF,0x7D,0xEF,0x7D,0xEF,0x7D,0xEF,0x7D,0xEF,0x7D,0xEF,0x7D,0xEF,0x7D,0xEF,0x7D,0xEF,0x7D,0xEF,
  0x7D,0xEF,0x7D,0xEF,0x7D,0xEF,0x7D,0xEF,0x7D,0xEF,0x7D,0xEF,0x7D,0xEF,0x7D,0xEF,0x7D,0xEF,0x7D,0xEF,0x7D,0xEF,0x7D,0xEF,
  0x7D,0xEF,0x7D,0xEF,0x7D,0xEF,0x7D,0xEF,0x7D,0xEF,0x7D,0xEF,0x7D,0xEF,0x7D,0xEF,0x7D,0xEF,0x7D,0xEF,0x7D,0xEF,0x7D,0xEF,
  0x7D,0xEF,0x7D,0xEF,0x7E,0xF7,0x9D,0xF7,0x7D,0xEF,0x9E,0xF7,0xBD,0xD6,0x8F,0x31,0x77,0x8C,0xDF,0xFF,0xBF,0xF7,0x78,0x8C,
  0x30,0x29,0x92,0x31,0x71,0x29,0xB2,0x29,0x92,0x29,0x92,0x29,0x72,0x31,0x72,0x31,0x92,0x31,0x71,0x29,0x92,0x29,0x72,0x29,
  0xD1,0x39,0x3C,0xC6,0xBF,0xF7,0x5D,0xEF,0x7E,0xF7,0x7E,0xF7,0x7D,0xEF,0x9D,0xF7,0x7D,0xEF,0x7D,0xEF,0x7D,0xEF,0x7D,0xEF,
  0x7D,0xEF,0x7D,0xEF,0x7D,0xEF,0x7D,0xEF,0x7D,0xF7,0x7E,0xF7,0x7E,0xF7,0x9E,0xEF,0xDE,0xF7,0x58,0xFE,0xEC,0xE2,0xE6,0xD8,
  0x4A,0xE2,0x54,0xF5,0x7D,0xFF,0xDF,0xEF,0xDF,0xEF,0x9D,0xE7,0x7D,0xEF,0x7D,0xEF,0x7D,0xEF,0x7D,0xF7,0x5D,0xF7,0x5D,0xF7,
  0x7D,0xEF,0x7D,0xF7,0x7D,0xF7,0x7D,0xF7,0x5D,0xF7,0x7D,0xF7,0x7E,0xF7,0x7E,0xEF,0x7E,0xEF,0x7D,0xEF,0x7C,0xEF,0x7D,0xEF,
  0x7D,0xF7,0x7D,0xF7,0x7D,0xF7,0x7D,0xEF,0x7D,0xF7,0x7F,0xF7,0x13,0x63,0x74,0x6B,0xBF,0xF7,0x7D,0xEF,0xBE,0xF7,0xFE,0xDE,
  0x8E,0x31,0x3C,0xC6,0xFF,0xFF,0xF5,0x7B,0x91,0x52,0x9F,0xF7,0x7E,0xEF,0x9E,0xEF,0x9E,0xEF,0x9D,0xEF,0x7D,0xEF,0x7D,0xF7,
  0x7D,0xF7,0x7D,0xF7,0x9D,0xEF,0x9D,0xEF,0x7D,0xEF,0x7D,0xEF,0x7D,0xEF,0x7D,0xEF,0x9D,0xEF,0x9E,0xEF,0x9D,0xEF,0x7E,0xF7,
  0x9D,0xEF,0x7D,0xEF,0x9E,0xEF,0x9E,0xEF,0x7D,0xEF,0x5D,0xF7,0x7D,0xF7,0x9E,0xEF,0xDF,0xF7,0x5D,0xFF,0x54,0xF5,0xE9,0xE1,
  0xE5,0xD0,0xCF,0xEB,0x1B,0xFF,0xDE,0xF7,0x7D,0xEF,0x7D,0xEF,0x7E,0xF7,0x7E,0xF7,0x7D,0xEF,0x7D,0xEF,0x7D,0xEF,0x7D,0xEF,
  0x7D,0xEF,0x7D,0xEF,0x7D,0xEF,0x7D,0xEF,0x7E,0xEF,0x7D,0xEF,0x9D,0xF7,0x7D,0xEF,0x7E,0xEF,0x9E,0xEF,0x7F,0xEF,0x34,0x63,
  0x50,0x29,0xB2,0x31,0x92,0x29,0x92,0x31,0x91,0x31,0x92,0x31,0x92,0x29,0x92,0x29,0x92,0x31,0x72,0x29,0xB3,0x31,0x51,0x21,
  0x93,0x52,0x3E,0xE7,0xBD,0xF7,0x9E,0xD6,0x6E,0x29,0xB8,0x9C,0xDF,0xFF,0x7D,0xEF,0x7D,0xEF,0x7D,0xEF,0x7D,0xF7,0x7D,0xEF,
  0x7D,0xEF,0x7D,0xEF,0x7D,0xEF,0x7D,0xEF,0x7D,0xEF,0x7D,0xEF,0x7D,0xEF,0x7D,0xEF,0x7D,0xEF,0x7D,0xEF,0x7D,0xEF,0x7D,0xEF,
  0x7D,0xEF,0x7D,0xEF,0x7D,0xEF,0x7D,0xEF,0x7D,0xEF,0x7D,0xEF,0x7D,0xEF,0x7D,0xEF,0x7D,0xEF,0x7D,0xEF,0x7D,0xEF,0x7D,0xEF,
  0x7D,0xEF,0x7D,0xEF,0x7D,0xEF,0x7D,0xEF,0x7D,0xEF,0x7D,0xEF,0x7D,0xEF,0x7D,0xEF,0x7D,0xEF,0x7D,0xEF,0x7D,0xEF,0x7D,0xEF,
  0x7D,0xEF,0x7D,0xEF,0x7D,0xEF,0x7D,0xEF,0x7D,0xEF,0x7D,0xEF,0x7D,0xEF,0x7D,0xEF,0x7D,0xEF,0x7D,0xEF,0x7D,0xEF,0x7D,0xEF,
  0x7D,0xEF,0x7D,0xEF,0x7D,0xEF,0x7D,0xEF,0x7D,0xEF,0x7D,0xEF,0x7D,0xEF,0x7D,0xEF,0x7D,0xEF,0x7D,0xEF,0x7D,0xEF,0x7D,0xEF,
  0x7D,0xEF,0x7D,0xEF,0x7D,0xEF,0x7D,0xEF,0x7D,0xEF,0x7D,0xEF,0x7D,0xEF,0x7D,0xEF,0x7D,0xEF,0x7D,0xEF,0x7D,0xEF,0x7D,0xEF,
  0x7D,0xEF,0x7D,0xEF,0x7D,0xEF,0x7D,0xF7,0x7C,0xEF,0xFF,0xFF,0x57,0x8C,0xB0,0x31,0x9E,0xD6,0xDE,0xFF,0xDE,0xDE,0x12,0x42,
  0x71,0x29,0xB2,0x31,0x92,0x29,0x91,0x29,0x92,0x29,0x92,0x29,0x92,0x29,0x92,0x29,0x92,0x29,0x92,0x29,0xB2,0x31,0x0F,0x21,
  0x57,0x8C,0xBF,0xF7,0x7D,0xEF,0x7E,0xF7,0x7E,0xF7,0x7D,0xEF,0x9D,0xEF,0x9D,0xF7,0x7D,0xEF,0x7D,0xEF,0x7D,0xEF,0x7D,0xEF,
  0x7D,0xEF,0x7D,0xEF,0x7D,0xEF,0x7D,0xEF,0x9D,0xF7,0x7D,0xEF,0xBE,0xEF,0x7C,0xFF,0xF0,0xEB,0xE7,0xD8,0xC9,0xD9,0x75,0xF5,
  0xBE,0xF7,0xDF,0xEF,0x9E,0xEF,0x5D,0xF7,0x5D,0xF7,0x7E,0xF7,0x7E,0xEF,0x9E,0xEF,0x7E,0xEF,0x7E,0xF7,0x7D,0xEF,0x9E,0xEF,
  0x7D,0xEF,0x7D,0xEF,0x7D,0xEF,0x9E,0xF7,0x9E,0xF7,0x7E,0xF7,0x9D,0xF7,0x7D,0xF7,0x7D,0xF7,0x7D,0xF7,0x9E,0xEF,0x9D,0xF7,
  0x7D,0xF7,0x7D,0xF7,0x7D,0xEF,0x7E,0xEF,0x7D,0xEF,0xBE,0xF7,0x3C,0xC6,0x8F,0x31,0xFA,0x9C,0xDF,0xFF,0x9D,0xF7,0x5C,0xCE,
  0xF0,0x39,0xFD,0xD6,0x5D,0xCE,0x8E,0x31,0x7A,0xAD,0xDE,0xF7,0x7D,0xEF,0x9E,0xF7,0x7D,0xEF,0x9D,0xEF,0x9D,0xEF,0x9E,0xEF,
  0x9E,0xEF,0x7E,0xF7,0x7D,0xF7,0x9D,0xEF,0x7D,0xEF,0x7D,0xEF,0x9D,0xEF,0x9E,0xEF,0x9E,0xF7,0x7D,0xEF,0x7D,0xEF,0x7D,0xF7,
  0x7D,0xF7,0x7D,0xEF,0x9E,0xEF,0x7E,0xF7,0x7E,0xF7,0x9D,0xEF,0x9D,0xEF,0x7D,0xEF,0x7D,0xEF,0x9E,0xEF,0xDF,0xF7,0x7C,0xFF,
  0xD2,0xF4,0x47,0xD9,0x0A,0xDA,0xF6,0xF5,0xFE,0xF7,0x7E,0xEF,0x7D,0xEF,0x9E,0xEF,0x7D,0xEF,0x7D,0xEF,0x7D,0xEF,0x7D,0xEF,
  0x7D,0xEF,0x7D,0xEF,0x7D,0xEF,0x7D,0xEF,0x9E,0xF7,0x7D,0xEF,0x9D,0xEF,0x9D,0xF7,0x7E,0xF7,0x5D,0xEF,0xDE,0xFF,0x3C,0xC6,
  0x90,0x31,0x92,0x29,0x72,0x29,0x92,0x31,0x92,0x29,0x92,0x29,0x92,0x29,0x92,0x29,0xB2,0x31,0x91,0x29,0x92,0x29,0x92,0x29,
  0x50,0x29,0x39,0xA5,0xDE,0xFF,0x9F,0xF7,0x74,0x6B,0x51,0x4A,0x3E,0xE7,0xBD,0xF7,0x7C,0xEF,0x9D,0xEF,0x7D,0xEF,0x7D,0xEF,
  0x7D,0xEF,0x7D,0xEF,0x7D,0xEF,0x7D,0xEF,0x7D,0xEF,0x7D,0xEF,0x7D,0xEF,0x7D,0xEF,0x7D,0xEF,0x7D,0xEF,0x7D,0xEF,0x7D,0xEF,
  0x7D,0xEF,0x7D,0xEF,0x7D,0xEF,0x7D,0xEF,0x7D,0xEF,0x7D,0xEF,0x7D,0xEF,0x7D,0xEF,0x7D,0xEF,0x7D,0xEF,0x7D,0xEF,0x7D,0xEF,
  0x7D,0xEF,0x7D,0xEF,0x7D,0xEF,0x7D,0xEF,0x7D,0xEF,0x7D,0xEF,0x7D,0xEF,0x7D,0xEF,0x7D,0xEF,0x7D,0xEF,0x7D,0xEF,0x7D,0xEF,
  0x7D,0xEF,0x7D,0xEF,0x7D,0xEF,0x7D,0xEF,0x7D,0xEF,0x7D,0xEF,0x7D,0xEF,0x7D,0xEF,0x7D,0xEF,0x7D,0xEF,0x7D,0xEF,0x7D,0xEF,
  0x7D,0xEF,0x7D,0xEF,0x7D,0xEF,0x7D,0xEF,0x7D,0xEF,0x7D,0xEF,0x7D,0xEF,0x7D,0xEF,0x7D,0xEF,0x7D,0xEF,0x7D,0xEF,0x7D,0xEF,
  0x7D,0xEF,0x7D,0xEF,0x7D,0xEF,0x7D,0xEF,0x7D,0xEF,0x7D,0xEF,0x7D,0xEF,0x7D,0xEF,0x7D,0xEF,0x7D,0xEF,0x7D,0xEF,0x7D,0xEF,
  0x7D,0xEF,0x7D,0xEF,0x7D,0xEF,0x7D,0xEF,0x9E,0xF7,0x3E,0xDF,0x11,0x42,0xD5,0x73,0xBF,0xF7,0xBE,0xF7,0xF8,0x9C,0x50,0x21,
  0x92,0x31,0x92,0x29,0x92,0x29,0x92,0x29,0x92,0x29,0x92,0x29,0x92,0x29,0x92,0x29,0x92,0x29,0x92,0x29,0x51,0x21,0x32,0x42,
  0xFE,0xDE,0x7E,0xF7,0x7E,0xF7,0x7E,0xEF,0x7D,0xEF,0x9D,0xEF,0x7D,0xEF,0x7D,0xEF,0x7D,0xEF,0x7D,0xEF,0x7D,0xEF,0x7D,0xEF,
  0x7D,0xEF,0x7D,0xEF,0x7D,0xEF,0x7D,0xEF,0x7D,0xF7,0x9E,0xF7,0xBB,0xFE,0xCC,0xDA,0x46,0xD9,0x11,0xEC,0x3C,0xFF,0xFE,0xF7,
  0x7E,0xEF,0x7D,0xF7,0x7D,0xF7,0x7D,0xEF,0x9D,0xEF,0x7D,0xEF,0x7D,0xEF,0x7D,0xEF,0x7D,0xEF,0x7D,0xEF,0x7D,0xEF,0x7D,0xEF,
  0x7D,0xEF,0x7D,0xEF,0x7D,0xEF,0x7D,0xEF,0x7D,0xEF,0x7D,0xEF,0x7D,0xEF,0x7D,0xEF,0x7D,0xEF,0x7E,0xEF,0x7E,0xEF,0x7E,0xEF,
  0x7E,0xEF,0x7E,0xEF,0x7D,0xEF,0x7D,0xF7,0x7D,0xEF,0x7D,0xEF,0xBF,0xFF,0xFB,0xBD,0x0F,0x3A,0xD7,0x94,0xFF,0xFF,0xB9,0xB5,
  0x91,0x4A,0x3D,0xBE,0x91,0x4A,0xB8,0x9C,0xFF,0xFF,0x7D,0xEF,0x7D,0xEF,0x7D,0xEF,0x7E,0xF7,0x7D,0xEF,0x7D,0xEF,0x7D,0xEF,
  0x7D,0xEF,0x7D,0xEF,0x7D,0xEF,0x7D,0xEF,0x7D,0xEF,0x7D,0xEF,0x7D,0xEF,0x7D,0xEF,0x7D,0xEF,0x7D,0xEF,0x7D,0xEF,0x7D,0xEF,
  0x7D,0xEF,0x7D,0xEF,0x7D,0xEF,0x7D,0xEF,0x7D,0xEF,0x7D,0xEF,0x7D,0xEF,0x7D,0xEF,0x7D,0xEF,0x9D,0xEF,0x5D,0xEF,0x5E,0xF7,
  0xFF,0xF7,0x99,0xF6,0xCC,0xE2,0xE5,0xD0,0x72,0xF4,0x5D,0xFF,0xBD,0xEF,0x9D,0xEF,0x7D,0xF7,0x7D,0xEF,0x7D,0xEF,0x7D,0xEF,
  0x7D,0xEF,0x7D,0xEF,0x7D,0xEF,0x7D,0xEF,0x7D,0xEF,0x9D,0xEF,0x7E,0xEF,0x7D,0xEF,0x7E,0xF7,0x7D,0xEF,0x7C,0xEF,0xBF,0xF7,
  0xF7,0x7B,0x30,0x21,0x92,0x31,0x92,0x29,0x92,0x29,0x92,0x29,0x92,0x29,0x92,0x29,0x92,0x29,0x92,0x29,0x92,0x29,0xB2,0x31,
  0x50,0x21,0xD2,0x52,0x7F,0xEF,0xDF,0xFF,0xFA,0xBD,0x4E,0x21,0x5A,0xA5,0xBF,0xF7,0x7D,0xEF,0x7E,0xEF,0x7D,0xEF,0x7D,0xEF,
  0x7D,0xEF,0x7D,0xEF,0x7D,0xEF,0x7D,0xEF,0x7D,0xEF,0x7D,0xEF,0x7D,0xEF,0x7D,0xEF,0x7D,0xEF,0x7D,0xEF,0x7D,0xEF,0x7D,0xEF,
  0x7D,0xEF,0x7D,0xEF,0x7D,0xEF,0x7D,0xEF,0x7D,0xEF,0x7D,0xEF,0x7D,0xEF,0x7D,0xEF,0x7D,0xEF,0x7D,0xEF,0x7D,0xEF,0x7D,0xEF,
  0x7D,0xEF,0x7D,0xEF,0x7D,0xEF,0x7D,0xEF,0x7D,0xEF,0x7D,0xEF,0x7D,0xEF,0x7D,0xEF,0x7D,0xEF,0x7D,0xEF,0x7D,0xEF,0x7D,0xEF,
  0x7D,0xEF,0x7D,0xEF,0x7D,0xEF,0x7D,0xEF,0x7D,0xEF,0x7D,0xEF,0x7D,0xEF,0x7D,0xEF,0x7D,0xEF,0x7D,0xEF,0x7D,0xEF,0x7D,0xEF,
  0x7D,0xEF,0x7D,0xEF,0x7D,0xEF,0x7D,0xEF,0x7D,0xEF,0x7D,0xEF,0x7D,0xEF,0x7D,0xEF,0x7D,0xEF,0x7D,0xEF,0x7D,0xEF,0x7D,0xEF,
  0x7D,0xEF,0x7D,0xEF,0x7D,0xEF,0x7D,0xEF,0x7D,0xEF,0x7D,0xEF,0x7D,0xEF,0x7D,0xEF,0x7D,0xEF,0x7D,0xEF,0x7D,0xEF,0x7D,0xEF,
  0x7D,0xEF,0x7D,0xEF,0x7E,0xF7,0x7D,0xEF,0xDF,0xF7,0x3A,0xA5,0x4D,0x29,0x3C,0xC6,0xDE,0xF7,0x3E,0xE7,0x72,0x4A,0x51,0x29,
  0x92,0x31,0x92,0x29,0x92,0x29,0x92,0x29,0x92,0x29,0x92,0x29,0x92,0x29,0x92,0x29,0x92,0x29,0x93,0x31,0x30,0x21,0xD9,0x9C,
  0xDF,0xFF,0x7D,0xF7,0x7E,0xF7,0x7E,0xEF,0x7D,0xEF,0x7D,0xEF,0x7E,0xEF,0x7E,0xEF,0x7D,0xEF,0x7D,0xEF,0x7D,0xEF,0x7D,0xEF,
  0x7D,0xEF,0x7D,0xEF,0x7D,0xEF,0x7D,0xEF,0x9D,0xEF,0x9D,0xF7,0xF8,0xF5,0xC6,0xC8,0xD3,0xF4,0xFF,0xF7,0x7E,0xEF,0x5D,0xF7,
  0x9E,0xEF,0x7D,0xEF,0x7D,0xEF,0x9E,0xEF,0x7D,0xEF,0x7D,0xEF,0x7D,0xEF,0x7D,0xEF,0x7D,0xEF,0x7D,0xEF,0x7D,0xEF,0x7D,0xEF,
  0x7D,0xEF,0x7D,0xEF,0x7D,0xEF,0x7D,0xEF,0x7D,0xEF,0x7D,0xEF,0x7D,0xEF,0x7D,0xEF,0x7D,0xEF,0x7D,0xEF,0x7E,0xEF,0x7E,0xEF,
  0x7E,0xEF,0x7E,0xEF,0x7D,0xEF,0x7D,0xEF,0x7D,0xEF,0x7D,0xEF,0x3D,0xE7,0x78,0xA5,0x35,0x63,0x31,0x29,0xD7,0x73,0x37,0x84,
  0x33,0x42,0x34,0x42,0x12,0x3A,0x37,0x84,0xBA,0xB5,0x9E,0xF7,0x7D,0xEF,0x7D,0xEF,0x7D,0xEF,0x7D,0xEF,0x7D,0xEF,0x7D,0xEF,
  0x7D,0xEF,0x7D,0xEF,0x7D,0xEF,0x7D,0xEF,0x7D,0xEF,0x7D,0xEF,0x7D,0xEF,0x7D,0xEF,0x7D,0xEF,0x7D,0xEF,0x7D,0xEF,0x7D,0xEF,
  0x7D,0xEF,0x7D,0xEF,0x7D,0xEF,0x7D,0xEF,0x7D,0xEF,0x7D,0xEF,0x7D,0xEF,0x7D,0xEF,0x7D,0xEF,0x9D,0xEF,0x9D,0xEF,0x7E,0xEF,
  0x5E,0xF7,0xDF,0xF7,0xBE,0xFF,0x72,0xF4,0xE5,0xC0,0xB3,0xEC,0xBD,0xFF,0x7D,0xEF,0x7D,0xEF,0x7D,0xEF,0x7D,0xEF,0x7D,0xEF,
  0x7D,0xEF,0x7D,0xEF,0x7D,0xEF,0x7D,0xEF,0x7D,0xEF,0x9D,0xEF,0x7E,0xEF,0x7D,0xEF,0x7D,0xEF,0x7E,0xF7,0x5D,0xEF,0xBE,0xF7,
  0xDE,0xD6,0xF2,0x39,0x72,0x29,0x92,0x29,0x92,0x29,0x92,0x29,0x92,0x29,0x92,0x29,0x92,0x29,0x92,0x29,0x92,0x29,0x92,0x31,
  0x92,0x29,0x4F,0x29,0xBB,0xB5,0xBE,0xF7,0x9F,0xEF,0xF3,0x5A,0xD2,0x52,0x9F,0xEF,0x7E,0xEF,0x7E,0xEF,0x7D,0xEF,0x7D,0xEF,
  0x7D,0xEF,0x7D,0xEF,0x7D,0xEF,0x7D,0xEF,0x7D,0xEF,0x7D,0xEF,0x7D,0xEF,0x7D,0xEF,0x7D,0xEF,0x7D,0xEF,0x7D,0xEF,0x7D,0xEF,
  0x7D,0xEF,0x7D,0xEF,0x7D,0xEF,0x7D,0xEF,0x7D,0xEF,0x7D,0xEF,0x7D,0xEF,0x7D,0xEF,0x7D,0xEF,0x7D,0xEF,0x7D,0xEF,0x7D,0xEF,
  0x7D,0xEF,0x7D,0xEF,0x7D,0xEF,0x7D,0xEF,0x7D,0xEF,0x7D,0xEF,0x7D,0xEF,0x7D,0xEF,0x7D,0xEF,0x7D,0xEF,0x7D,0xEF,0x7D,0xEF,
  0x7D,0xEF,0x7D,0xEF,0x7D,0xEF,0x7D,0xEF,0x7D,0xEF,0x7D,0xEF,0x7D,0xEF,0x7D,0xEF,0x7D,0xEF,0x7D,0xEF,0x7D,0xEF,0x7D,0xEF,
  0x7D,0xEF,0x7D,0xEF,0x7D,0xEF,0x7D,0xEF,0x7D,0xEF,0x7D,0xEF,0x7D,0xEF,0x7D,0xEF,0x7D,0xEF,0x7D,0xEF,0x7D,0xEF,0x7D,0xEF,
  0x7D,0xEF,0x7D,0xEF,0x7D,0xEF,0x7D,0xEF,0x7D,0xEF,0x7D,0xEF,0x7D,0xEF,0x7D,0xEF,0x7D,0xEF,0x7D,0xEF,0x7D,0xEF,0x7D,0xEF,
  0x7D,0xEF,0x7D,0xEF,0x7D,0xEF,0x7D,0xEF,0x9F,0xEF,0xB3,0x52,0xF3,0x62,0x9F,0xEF,0xFF,0xF7,0x7A,0xAD,0x50,0x29,0x92,0x31,
  0x72,0x29,0x92,0x29,0x92,0x29,0x92,0x29,0x92,0x29,0x92,0x29,0x92,0x29,0x92,0x29,0x92,0x29,0x51,0x29,0x72,0x4A,0x3E,0xE7,
  0x9D,0xF7,0x7D,0xF7,0x7E,0xF7,0x7E,0xEF,0x9D,0xEF,0x7D,0xEF,0x7E,0xF7,0x7D,0xEF,0x7D,0xEF,0x7D,0xEF,0x7D,0xEF,0x7D,0xEF,
  0x7D,0xEF,0x7D,0xEF,0x7D,0xEF,0x9D,0xEF,0x7E,0xEF,0x5E,0xEF,0xBE,0xFF,0xCB,0xD2,0xAE,0xD3,0x9E,0xFF,0x5E,0xF7,0x7E,0xF7,
  0x7D,0xEF,0x7D,0xEF,0x9E,0xF7,0x7D,0xEF,0x7D,0xEF,0x7D,0xEF,0x7D,0xEF,0x7D,0xEF,0x7D,0xEF,0x7D,0xEF,0x7D,0xEF,0x7D,0xEF,
  0x7D,0xEF,0x7D,0xEF,0x7D,0xEF,0x7D,0xEF,0x7D,0xEF,0x7D,0xEF,0x7D,0xEF,0x7D,0xEF,0x7D,0xEF,0x7D,0xEF,0x7D,0xEF,0x7D,0xEF,
  0x7E,0xEF,0x7D,0xEF,0x9E,0xF7,0x7D,0xEF,0x9E,0xEF,0x9E,0xF7,0x1D,0xE7,0x11,0x42,0x52,0x29,0x91,0x29,0x52,0x21,0x93,0x29,
  0x51,0x21,0x51,0x29,0xD3,0x31,0xCF,0x10,0x55,0x6B,0xDF,0xFF,0x7D,0xEF,0x7D,0xEF,0x7D,0xEF,0x7D,0xEF,0x7D,0xEF,0x7D,0xEF,
  0x7D,0xEF,0x7D,0xEF,0x7D,0xEF,0x7D,0xEF,0x7D,0xEF,0x7D,0xEF,0x7D,0xEF,0x7D,0xEF,0x7D,0xEF,0x7D,0xEF,0x7D,0xEF,0x7D,0xEF,
  0x7D,0xEF,0x7D,0xEF,0x7D,0xEF,0x7D,0xEF,0x7D,0xEF,0x7D,0xEF,0x7D,0xEF,0x7D,0xEF,0x7D,0xEF,0x5D,0xF7,0x7E,0xFF,0x9E,0xF7,
  0x9D,0xF7,0x5D,0xF7,0xBE,0xEF,0xBA,0xFE,0xC8,0xC1,0x32,0xE4,0x9E,0xFF,0x7D,0xEF,0x7D,0xEF,0x7D,0xEF,0x7D,0xEF,0x7D,0xEF,
  0x7D,0xEF,0x7D,0xEF,0x7D,0xEF,0x7D,0xEF,0x7D,0xEF,0x7D,0xEF,0x7E,0xEF,0x9E,0xEF,0x9D,0xEF,0x9E,0xF7,0x7E,0xEF,0x7D,0xEF,
  0xDF,0xF7,0x98,0x94,0x0F,0x21,0xB2,0x31,0x92,0x29,0x92,0x29,0x92,0x29,0x92,0x29,0x92,0x29,0x92,0x29,0x92,0x29,0x72,0x29,
  0xB3,0x31,0x51,0x21,0x55,0x6B,0x7F,0xEF,0xFF,0xFF,0x39,0xA5,0x4D,0x21,0x5C,0xC6,0x9F,0xF7,0x9E,0xEF,0x7D,0xEF,0x7D,0xEF,
  0x7D,0xEF,0x7D,0xEF,0x7D,0xEF,0x7D,0xEF,0x7D,0xEF,0x7D,0xEF,0x7D,0xEF,0x7D,0xEF,0x7D,0xEF,0x7D,0xEF,0x7D,0xEF,0x7D,0xEF,
  0x7D,0xEF,0x7D,0xEF,0x7D,0xEF,0x7D,0xEF,0x7D,0xEF,0x7D,0xEF,0x7D,0xEF,0x7D,0xEF,0x7D,0xEF,0x7D,0xEF,0x7D,0xEF,0x7D,0xEF,
  0x7D,0xEF,0x7D,0xEF,0x7D,0xEF,0x7D,0xEF,0x7D,0xEF,0x7D,0xEF,0x7D,0xEF,0x7D,0xEF,0x7D,0xEF,0x7D,0xEF,0x7D,0xEF,0x7D,0xEF,
  0x7D,0xEF,0x7D,0xEF,0x7D,0xEF,0x7D,0xEF,0x7D,0xEF,0x7D,0xEF,0x7D,0xEF,0x7D,0xEF,0x7D,0xEF,0x7D,0xEF,0x7D,0xEF,0x7D,0xEF,
  0x7D,0xEF,0x7D,0xEF,0x7D,0xEF,0x7D,0xEF,0x7D,0xEF,0x7D,0xEF,0x7D,0xEF,0x7D,0xEF,0x7D,0xEF,0x7D,0xEF,0x7D,0xEF,0x7D,0xEF,
  0x7D,0xEF,0x7D,0xEF,0x7D,0xEF,0x7D,0xEF,0x7D,0xEF,0x7D,0xEF,0x7D,0xEF,0x7D,0xEF,0x7D,0xEF,0x7D,0xEF,0x7D,0xEF,0x7D,0xEF,
  0x7D,0xEF,0x7D,0xEF,0x7D,0xEF,0xBF,0xF7,0x1C,0xBE,0x6E,0x29,0x7A,0xAD,0xDF,0xF7,0x7F,0xEF,0x33,0x63,0x51,0x29,0x92,0x29,
  0x92,0x29,0x92,0x29,0x92,0x29,0x92,0x29,0x92,0x29,0x92,0x29,0x92,0x29,0x92,0x29,0x92,0x31,0x2F,0x21,0x19,0xA5,0xFF,0xFF,
  0x7D,0xEF,0x7E,0xF7,0x7D,0xEF,0x9D,0xEF,0x7E,0xEF,0x7E,0xEF,0x7D,0xF7,0x7D,0xEF,0x7D,0xEF,0x7D,0xEF,0x7D,0xEF,0x7D,0xEF,
  0x7D,0xEF,0x7D,0xEF,0x7E,0xEF,0x7D,0xEF,0x9E,0xEF,0xDE,0xF7,0x18,0xFE,0x28,0xE2,0x66,0xC9,0x39,0xFE,0xBE,0xEF,0x9E,0xE7,
  0x5E,0xF7,0x7D,0xF7,0x7D,0xEF,0x7D,0xEF,0x7D,0xEF,0x7D,0xEF,0x7D,0xEF,0x7D,0xEF,0x7D,0xEF,0x7D,0xEF,0x7D,0xEF,0x7D,0xEF,
  0x7D,0xEF,0x7D,0xEF,0x7D,0xEF,0x7D,0xEF,0x7D,0xEF,0x7D,0xEF,0x7D,0xEF,0x7D,0xEF,0x7D,0xEF,0x7D,0xEF,0x7D,0xEF,0x7D,0xEF,
  0x7D,0xEF,0x7D,0xEF,0x9D,0xF7,0x7D,0xEF,0x5D,0xEF,0x9E,0xF7,0x5E,0xEF,0x72,0x4A,0x31,0x21,0xD1,0x31,0xB1,0x29,0x93,0x29,
  0xB1,0x29,0xB2,0x31,0x72,0x29,0x71,0x29,0xD6,0x73,0xDF,0xFF,0x5D,0xEF,0x7D,0xEF,0x7E,0xEF,0x7D,0xF7,0x7D,0xEF,0x7D,0xEF,
  0x7D,0xEF,0x7D,0xEF,0x7D,0xEF,0x7D,0xEF,0x7D,0xEF,0x7D,0xEF,0x7D,0xEF,0x7D,0xEF,0x7D,0xEF,0x7D,0xEF,0x7D,0xEF,0x7D,0xEF,
  0x7D,0xEF,0x7D,0xEF,0x7D,0xEF,0x7D,0xEF,0x7D,0xEF,0x7D,0xEF,0x7D,0xEF,0x7D,0xEF,0x7D,0xEF,0x9D,0xEF,0x9D,0xEF,0x7E,0xEF,
  0x7D,0xF7,0x9D,0xEF,0xDE,0xFF,0x31,0xEC,0x87,0xC9,0xFA,0xFE,0xBE,0xF7,0x5D,0xEF,0x7D,0xF7,0x7D,0xEF,0x7D,0xEF,0x7D,0xEF,
  0x7D,0xEF,0x7D,0xEF,0x7D,0xEF,0x7D,0xEF,0x7E,0xEF,0x7E,0xEF,0x7D,0xEF,0x7E,0xEF,0x7E,0xEF,0x7D,0xEF,0x7E,0xEF,0x7D,0xEF,
  0x9D,0xF7,0xFE,0xDE,0x52,0x4A,0x71,0x29,0x92,0x29,0x92,0x29,0x92,0x29,0x92,0x29,0x92,0x29,0x92,0x29,0x92,0x29,0x92,0x29,
  0x91,0x29,0x92,0x29,0xB0,0x31,0x5D,0xCE,0xDF,0xFF,0x3E,0xDF,0x32,0x42,0xD4,0x73,0xDF,0xF7,0x7D,0xEF,0x7D,0xEF,0x7D,0xEF,
  0x7D,0xEF,0x7D,0xEF,0x7D,0xEF,0x7D,0xEF,0x7D,0xEF,0x7D,0xEF,0x7D,0xEF,0x7D,0xEF,0x7D,0xEF,0x7D,0xEF,0x7D,0xEF,0x7D,0xEF,
  0x7D,0xEF,0x7D,0xEF,0x7D,0xEF,0x7D,0xEF,0x7D,0xEF,0x7D,0xEF,0x7D,0xEF,0x7D,0xEF,0x7D,0xEF,0x7D,0xEF,0x7D,0xEF,0x7D,0xEF,
  0x7D,0xEF,0x7D,0xEF,0x7D,0xEF,0x7D,0xEF,0x7D,0xEF,0x7D,0xEF,0x7D,0xEF,0x7D,0xEF,0x7D,0xEF,0x7D,0xEF,0x7D,0xEF,0x7D,0xEF,
  0x7D,0xEF,0x7D,0xEF,0x7D,0xEF,0x7D,0xEF,0x7D,0xEF,0x7D,0xEF,0x7D,0xEF,0x7D,0xEF,0x7D,0xEF,0x7D,0xEF,0x7D,0xEF,0x7D,0xEF,
  0x7D,0xEF,0x7D,0xEF,0x7D,0xEF,0x7D,0xEF,0x7D,0xEF,0x7D,0xEF,0x7D,0xEF,0x7D,0xEF,0x7D,0xEF,0x7D,0xEF,0x7D,0xEF,0x7D,0xEF,
  0x7D,0xEF,0x7D,0xEF,0x7D,0xEF,0x7D,0xEF,0x7D,0xEF,0x7D,0xEF,0x7D,0xEF,0x7D,0xEF,0x7D,0xEF,0x7D,0xEF,0x7D,0xEF,0x7D,0xEF,
  0x7D,0xEF,0x7D,0xEF,0x7D,0xEF,0xDF,0xF7,0x16,0x7C,0xF0,0x39,0xFE,0xDE,0xDF,0xF7,0x3D,0xC6,0x90,0x31,0x91,0x29,0x92,0x29,
  0x92,0x29,0x92,0x29,0x92,0x29,0x92,0x29,0x92,0x29,0x92,0x29,0xB2,0x29,0x93,0x29,0x51,0x21,0x92,0x4A,0x1E,0xE7,0x9E,0xEF,
  0x7E,0xEF,0x7E,0xF7,0x7D,0xEF,0x7D,0xEF,0x7E,0xEF,0x7D,0xEF,0x7D,0xEF,0x9D,0xEF,0x9D,0xEF,0x7D,0xF7,0x7D,0xF7,0x7E,0xEF,
  0x7D,0xEF,0x9D,0xF7,0x7D,0xEF,0x9E,0xF7,0xBA,0xF6,0xAE,0xEB,0xC5,0xE0,0x6A,0xEA,0x87,0xD9,0x31,0xF4,0xBE,0xFF,0x7D,0xF7,
  0x9E,0xEF,0x7E,0xF7,0x7D,0xF7,0x7D,0xEF,0x7D,0xEF,0x7D,0xEF,0x7D,0xEF,0x7D,0xEF,0x7D,0xEF,0x7D,0xEF,0x7D,0xEF,0x7E,0xEF,
  0x7E,0xEF,0x7E,0xEF,0x9D,0xEF,0x9D,0xEF,0x7D,0xEF,0x7E,0xF7,0x9E,0xF7,0x7D,0xEF,0x9E,0xF7,0x7D,0xEF,0xBE,0xF7,0x9D,0xF7,
  0xBE,0xF7,0x7D,0xEF,0x5E,0xEF,0x9E,0xF7,0xFE,0xFF,0xBE,0xF7,0xFC,0xBD,0x12,0x42,0x72,0x29,0x72,0x29,0x91,0x29,0x91,0x29,
  0x91,0x29,0x71,0x29,0xB3,0x31,0x51,0x21,0xB6,0x73,0x9F,0xF7,0xDE,0xFF,0x9D,0xF7,0x7D,0xEF,0x5D,0xEF,0xBF,0xF7,0x7E,0xEF,
  0x9E,0xF7,0x9E,0xF7,0x7D,0xEF,0x9E,0xF7,0x7D,0xEF,0x7D,0xEF,0x9E,0xF7,0x7D,0xEF,0x7D,0xEF,0x7D,0xEF,0x7D,0xEF,0x7D,0xEF,
  0x7D,0xEF,0x7D,0xEF,0x7D,0xEF,0x7D,0xEF,0x7D,0xEF,0x7D,0xEF,0x7D,0xEF,0x7D,0xEF,0x7D,0xEF,0x9D,0xF7,0x9C,0xEF,0x9D,0xEF,
  0x5D,0xEF,0x7E,0xF7,0xFC,0xFE,0x4A,0xD2,0xA3,0xD0,0x6D,0xE3,0xFB,0xFE,0xDE,0xF7,0x7E,0xEF,0x9E,0xEF,0x7E,0xF7,0x7D,0xEF,
  0x9D,0xEF,0x9E,0xEF,0x7E,0xF7,0x7E,0xF7,0x7E,0xF7,0x7D,0xEF,0x7D,0xEF,0x7E,0xEF,0x7E,0xEF,0x7D,0xEF,0x9E,0xF7,0x7E,0xEF,
  0x7D,0xEF,0xDF,0xFF,0xB8,0x94,0x30,0x21,0xB2,0x31,0x92,0x29,0x91,0x29,0x92,0x29,0x92,0x29,0x92,0x29,0x92,0x29,0x92,0x29,
  0x92,0x29,0xB2,0x31,0x2F,0x21,0x57,0x8C,0xBF,0xF7,0xBF,0xF7,0x17,0x84,0xF0,0x39,0x3E,0xE7,0x9D,0xF7,0x7D,0xEF,0x7D,0xEF,
  0x7D,0xEF,0x7D,0xEF,0x7D,0xEF,0x7D,0xEF,0x7D,0xEF,0x7D,0xEF,0x7D,0xEF,0x7D,0xEF,0x7D,0xEF,0x7D,0xEF,0x7D,0xEF,0x7D,0xEF,
  0x7D,0xEF,0x7D,0xEF,0x7D,0xEF,0x7D,0xEF,0x7D,0xEF,0x7D,0xEF,0x7D,0xEF,0x7D,0xEF,0x7D,0xEF,0x7D,0xEF,0x7D,0xEF,0x7D,0xEF,
  0x7D,0xEF,0x7D,0xEF,0x7D,0xEF,0x7D,0xEF,0x7D,0xEF,0x7D,0xEF,0x7D,0xEF,0x7D,0xEF,0x7D,0xEF,0x7D,0xEF,0x7D,0xEF,0x7D,0xEF,
  0x7D,0xEF,0x7D,0xEF,0x7D,0xEF,0x7D,0xEF,0x7D,0xEF,0x7D,0xEF,0x7D,0xEF,0x7D,0xEF,0x7D,0xEF,0x7D,0xEF,0x7D,0xEF,0x7D,0xEF,
  0x7D,0xEF,0x7D,0xEF,0x7D,0xEF,0x7D,0xEF,0x7D,0xEF,0x7D,0xEF,0x7D,0xEF,0x7D,0xEF,0x7D,0xEF,0x7D,0xEF,0x7D,0xEF,0x7D,0xEF,
  0x7D,0xEF,0x7D,0xEF,0x7D,0xEF,0x7D,0xEF,0x7D,0xEF,0x7D,0xEF,0x7D,0xEF,0x7D,0xEF,0x7D,0xEF,0x7D,0xEF,0x7D,0xEF,0x7D,0xEF,
  0x7D,0xEF,0x7D,0xEF,0x9E,0xF7,0x3F,0xE7,0x30,0x42,0xF7,0x83,0xDF,0xFF,0xDE,0xF7,0x57,0x84,0x30,0x29,0xB2,0x31,0x92,0x29,
  0x92,0x29,0x92,0x29,0x92,0x29,0x92,0x29,0x92,0x29,0x91,0x29,0x92,0x29,0xB3,0x31,0x30,0x21,0xD9,0x9C,0xFF,0xFF,0x5E,0xEF,
  0x7E,0xEF,0x7E,0xEF,0x7E,0xEF,0x7D,0xEF,0x7D,0xEF,0x7D,0xEF,0x7D,0xEF,0x7D,0xF7,0x9D,0xEF,0x9D,0xEF,0x7D,0xEF,0x9E,0xEF,
  0x9E,0xEF,0x7D,0xF7,0x7D,0xF7,0x7E,0xFF,0xD5,0xEC,0x84,0xC8,0x71,0xEC,0x9D,0xFF,0xAF,0xEB,0x08,0xC2,0x3B,0xF7,0x7D,0xF7,
  0x7D,0xEF,0x7E,0xEF,0x9E,0xF7,0x7D,0xEF,0x7D,0xEF,0x7D,0xEF,0x7D,0xEF,0x7D,0xEF,0x7D,0xEF,0x7D,0xEF,0x7D,0xEF,0x7D,0xEF,
  0x7D,0xEF,0x7E,0xEF,0x7D,0xEF,0x7D,0xEF,0x7E,0xF7,0x9E,0xF7,0x5D,0xEF,0x9D,0xEF,0x5D,0xEF,0xBF,0xF7,0x3C,0xC6,0x12,0x63,
  0x7A,0xB5,0xFF,0xFF,0xBD,0xF7,0x9E,0xEF,0xDB,0xB5,0x54,0x6B,0xD1,0x39,0x71,0x29,0x92,0x29,0x92,0x29,0x92,0x29,0x92,0x29,
  0x92,0x29,0x91,0x29,0x91,0x31,0x71,0x29,0xB1,0x31,0xB2,0x5A,0x1A,0xA5,0x5F,0xE7,0xFE,0xF7,0xDF,0xF7,0x1F,0xDF,0x12,0x63,
  0xB7,0x9C,0xDF,0xFF,0x7D,0xEF,0x9E,0xF7,0x7D,0xEF,0x7D,0xEF,0x9E,0xF7,0x7D,0xEF,0x7D,0xEF,0x7D,0xEF,0x7D,0xEF,0x7D,0xEF,
  0x7D,0xEF,0x7D,0xEF,0x7D,0xEF,0x7D,0xEF,0x7D,0xEF,0x7D,0xEF,0x7D,0xEF,0x7D,0xEF,0x9E,0xF7,0x7D,0xEF,0x9E,0xF7,0x9D,0xEF,
  0x7D,0xE7,0xBE,0xF7,0x35,0xF5,0x66,0xC9,0x8E,0xFB,0xA8,0xE1,0x09,0xDA,0xB6,0xF5,0x9E,0xFF,0x5D,0xEF,0x7D,0xEF,0xBE,0xF7,
  0x9E,0xEF,0x7E,0xF7,0x7D,0xF7,0x7D,0xF7,0x9E,0xEF,0x7D,0xEF,0x7D,0xEF,0x7D,0xEF,0x7D,0xEF,0x7D,0xEF,0x7D,0xEF,0x7D,0xEF,
  0x7D,0xEF,0x9E,0xF7,0xBE,0xD6,0x31,0x42,0x72,0x29,0x92,0x29,0x91,0x29,0x92,0x29,0x92,0x29,0x92,0x29,0x92,0x29,0x91,0x29,
  0x92,0x31,0xB2,0x31,0x70,0x21,0x51,0x42,0x1E,0xE7,0xDF,0xFF,0x3C,0xC6,0x6F,0x29,0x7A,0xAD,0xDF,0xFF,0x7D,0xEF,0x7D,0xEF,
  0x7D,0xEF,0x7D,0xEF,0x7D,0xEF,0x7D,0xEF,0x7D,0xEF,0x7D,0xEF,0x7D,0xEF,0x7D,0xEF,0x7D,0xEF,0x7D,0xEF,0x7D,0xEF,0x7D,0xEF,
  0x7D,0xEF,0x7D,0xEF,0x7D,0xEF,0x7D,0xEF,0x7D,0xEF,0x7D,0xEF,0x7D,0xEF,0x7D,0xEF,0x7D,0xEF,0x7D,0xEF,0x7D,0xEF,0x7D,0xEF,
  0x7D,0xEF,0x7D,0xEF,0x7D,0xEF,0x7D,0xEF,0x7D,0xEF,0x7D,0xEF,0x7D,0xEF,0x7D,0xEF,0x7D,0xEF,0x7D,0xEF,0x7D,0xEF,0x7D,0xEF,
  0x7D,0xEF,0x7D,0xEF,0x7D,0xEF,0x7D,0xEF,0x7D,0xEF,0x7D,0xEF,0x7D,0xEF,0x7D,0xEF,0x7D,0xEF,0x7D,0xEF,0x7D,0xEF,0x7D,0xEF,
  0x7D,0xEF,0x7D,0xEF,0x7D,0xEF,0x7D,0xEF,0x7D,0xEF,0x7D,0xEF,0x7D,0xEF,0x7D,0xEF,0x7D,0xEF,0x7D,0xEF,0x7D,0xEF,0x7D,0xEF,
  0x7D,0xEF,0x7D,0xEF,0x7D,0xEF,0x7D,0xEF,0x7D,0xEF,0x7D,0xEF,0x7D,0xEF,0x7D,0xEF,0x7D,0xEF,0x7D,0xEF,0x7D,0xEF,0x7D,0xEF,
  0x7D,0xEF,0x7D,0xEF,0xDF,0xFF,0xBA,0xB5,0x4D,0x29,0xFC,0xBD,0xFF,0xFF,0x3E,0xE7,0x72,0x4A,0x51,0x29,0x72,0x29,0xB2,0x31,
  0x92,0x29,0x92,0x29,0x92,0x29,0x92,0x29,0x92,0x29,0x92,0x29,0x92,0x29,0x71,0x29,0x31,0x42,0xDE,0xDE,0x9E,0xF7,0x5D,0xEF,
  0x9E,0xF7,0x7D,0xEF,0x9E,0xF7,0x7D,0xEF,0x7D,0xEF,0x7D,0xEF,0x7D,0xEF,0x7E,0xF7,0x7E,0xF7,0x9E,0xEF,0x9D,0xEF,0x7D,0xF7,
  0x5E,0xF7,0x9E,0xF7,0x9E,0xE7,0xFF,0xEF,0x58,0xFE,0x25,0xD1,0xD4,0xE4,0xBF,0xFF,0x17,0xFE,0xA6,0xB1,0x35,0xF5,0x9E,0xFF,
  0x7E,0xEF,0x7E,0xEF,0x7D,0xEF,0x7D,0xEF,0x7D,0xEF,0x7D,0xEF,0x7D,0xEF,0x7D,0xEF,0x7D,0xEF,0x7D,0xEF,0x7D,0xEF,0x7D,0xEF,
  0x9D,0xEF,0x7E,0xEF,0x7E,0xEF,0x7E,0xEF,0x7E,0xEF,0x7D,0xEF,0x9D,0xF7,0x7D,0xEF,0xBF,0xFF,0xDB,0xBD,0x32,0x42,0xF0,0x20,
  0xB1,0x39,0xFC,0xBD,0xDD,0xD6,0x95,0x6B,0x51,0x29,0x31,0x21,0x72,0x29,0x92,0x29,0x92,0x29,0x92,0x29,0x92,0x29,0x92,0x29,
  0x92,0x29,0x91,0x29,0x92,0x29,0xB2,0x31,0x92,0x29,0x51,0x29,0x10,0x21,0x93,0x52,0xBB,0xB5,0xDE,0xD6,0x14,0x63,0xF0,0x20,
  0x51,0x29,0xF9,0x9C,0xBF,0xF7,0x7E,0xEF,0x9E,0xF7,0x9E,0xF7,0x9E,0xF7,0x7D,0xEF,0x7D,0xEF,0x7D,0xEF,0x7D,0xEF,0x7D,0xEF,
  0x7D,0xEF,0x7D,0xEF,0x7D,0xEF,0x7D,0xEF,0x7D,0xEF,0x7D,0xEF,0x7D,0xEF,0x7D,0xEF,0x7D,0xEF,0x7D,0xF7,0x7D,0xF7,0x9D,0xEF,
  0x7E,0xF7,0x9D,0xFF,0xEC,0xDA,0x6B,0xD2,0xDE,0xFF,0x9A,0xFE,0x05,0xC9,0xF0,0xE3,0x5E,0xFF,0x5E,0xF7,0x9E,0xEF,0x7D,0xEF,
  0x7E,0xEF,0x7E,0xF7,0x7D,0xF7,0x9D,0xEF,0x7E,0xEF,0x7D,0xEF,0x7D,0xEF,0x7D,0xEF,0x7D,0xEF,0x7D,0xEF,0x7D,0xEF,0x7D,0xEF,
  0x7D,0xEF,0x7D,0xEF,0xDF,0xF7,0x36,0x84,0x50,0x29,0x94,0x31,0x92,0x29,0x91,0x29,0x92,0x29,0x92,0x29,0x92,0x29,0x92,0x29,
  0x92,0x29,0x91,0x29,0xB2,0x31,0x50,0x21,0x9B,0xAD,0xDE,0xFF,0x7F,0xEF,0x51,0x4A,0x53,0x6B,0xBF,0xF7,0x7D,0xEF,0x7D,0xEF,
  0x7D,0xEF,0x7D,0xEF,0x7D,0xEF,0x7D,0xEF,0x7D,0xEF,0x7D,0xEF,0x7D,0xEF,0x7D,0xEF,0x7D,0xEF,0x7D,0xEF,0x7D,0xEF,0x7D,0xEF,
  0x7D,0xEF,0x7D,0xEF,0x7D,0xEF,0x7D,0xEF,0x7D,0xEF,0x7D,0xEF,0x7D,0xEF,0x7D,0xEF,0x7D,0xEF,0x7D,0xEF,0x7D,0xEF,0x7D,0xEF,
  0x7D,0xEF,0x7D,0xEF,0x7D,0xEF,0x7D,0xEF,0x7D,0xEF,0x7D,0xEF,0x7D,0xEF,0x7D,0xEF,0x7D,0xEF,0x7D,0xEF,0x7D,0xEF,0x7D,0xEF,
  0x7D,0xEF,0x7D,0xEF,0x7D,0xEF,0x7D,0xEF,0x7D,0xEF,0x7D,0xEF,0x7D,0xEF,0x7D,0xEF,0x7D,0xEF,0x7D,0xEF,0x7D,0xEF,0x7D,0xEF,
  0x7D,0xEF,0x7D,0xEF,0x7D,0xEF,0x7D,0xEF,0x7D,0xEF,0x7D,0xEF,0x7D,0xEF,0x7D,0xEF,0x7D,0xEF,0x7D,0xEF,0x7D,0xEF,0x7D,0xEF,
  0x7D,0xEF,0x7D,0xEF,0x7D,0xEF,0x7D,0xEF,0x7D,0xEF,0x7D,0xEF,0x7D,0xEF,0x7D,0xEF,0x7D,0xEF,0x7D,0xEF,0x7D,0xEF,0x7D,0xEF,
  0x7D,0xEF,0x7D,0xEF,0xDF,0xF7,0xF5,0x7B,0x51,0x4A,0x7F,0xEF,0xBF,0xF7,0xDC,0xB5,0x70,0x29,0x92,0x29,0x92,0x29,0x92,0x29,
  0x92,0x29,0x92,0x29,0x91,0x29,0x92,0x29,0x92,0x29,0x92,0x29,0x92,0x29,0x30,0x29,0x56,0x84,0xFF,0xFF,0x7E,0xEF,0x9E,0xF7,
  0x7D,0xEF,0x7D,0xEF,0x9E,0xF7,0x7D,0xEF,0x7D,0xEF,0x7D,0xEF,0x7D,0xEF,0x7D,0xF7,0x7E,0xEF,0x7E,0xEF,0x7D,0xF7,0x7D,0xEF,
  0x9E,0xEF,0x7E,0xEF,0x5D,0xF7,0x56,0xF5,0x2A,0xEA,0x83,0xD8,0xA9,0xD9,0xBB,0xFE,0x7D,0xFF,0xCC,0xD2,0xAC,0xE2,0x9E,0xFF,
  0x7D,0xEF,0x7D,0xEF,0x7D,0xEF,0x7D,0xEF,0x7D,0xEF,0x7D,0xEF,0x7D,0xEF,0x7D,0xEF,0x7D,0xEF,0x7D,0xEF,0x7D,0xEF,0x7D,0xEF,
  0x7D,0xEF,0x7E,0xEF,0x7E,0xEF,0x7D,0xEF,0x9D,0xF7,0x7D,0xEF,0x7D,0xEF,0x9F,0xF7,0xBD,0xDE,0x10,0x42,0x31,0x21,0xD3,0x31,
  0x50,0x29,0xF2,0x39,0x13,0x42,0x30,0x21,0x92,0x29,0xB2,0x31,0xB2,0x29,0x92,0x29,0x92,0x29,0x92,0x29,0x92,0x29,0x92,0x29,
  0x72,0x29,0xB2,0x31,0x71,0x29,0x71,0x29,0x91,0x29,0xB1,0x29,0xB3,0x31,0x11,0x21,0xB2,0x31,0x53,0x4A,0x30,0x21,0xB4,0x31,
  0x93,0x31,0x0F,0x21,0x7A,0xAD,0xDE,0xFF,0x5D,0xEF,0x7D,0xEF,0x7D,0xEF,0x7D,0xEF,0x7D,0xEF,0x7D,0xEF,0x7D,0xEF,0x7D,0xEF,
  0x7D,0xEF,0x7D,0xEF,0x7D,0xEF,0x7D,0xEF,0x7D,0xEF,0x7D,0xEF,0x7D,0xEF,0x7D,0xEF,0x7D,0xEF,0x9E,0xEF,0x7D,0xEF,0x7D,0xEF,
  0x9F,0xF7,0x59,0xF6,0x66,0xB9,0xB4,0xFC,0xDF,0xFF,0xD6,0xF5,0xE4,0xC8,0xB3,0xEC,0xFF,0xFF,0x7E,0xEF,0x9E,0xEF,0x7D,0xF7,
  0x7D,0xF7,0x9D,0xEF,0x9D,0xEF,0x9E,0xEF,0x7E,0xF7,0x7E,0xEF,0x7D,0xEF,0x7D,0xEF,0x7D,0xEF,0x7D,0xEF,0x7D,0xEF,0x7D,0xEF,
  0x7D,0xEF,0x7D,0xEF,0xBE,0xF7,0x5C,0xC6,0xB0,0x31,0x72,0x29,0xB2,0x31,0x92,0x29,0x92,0x29,0x92,0x29,0x92,0x29,0x92,0x29,
  0x92,0x29,0x91,0x29,0x92,0x29,0x51,0x21,0x75,0x6B,0xBF,0xF7,0xDF,0xFF,0x77,0x8C,0xAE,0x31,0xFF,0xDE,0x9E,0xF7,0x7D,0xEF,
  0x7D,0xEF,0x7D,0xEF,0x7D,0xEF,0x7D,0xEF,0x7D,0xEF,0x7D,0xEF,0x7D,0xEF,0x7D,0xEF,0x7D,0xEF,0x7D,0xEF,0x7D,0xEF,0x7D,0xEF,
  0x7D,0xEF,0x7D,0xEF,0x7D,0xEF,0x7D,0xEF,0x7D,0xEF,0x7D,0xEF,0x7D,0xEF,0x7D,0xEF,0x7D,0xEF,0x7D,0xEF,0x7D,0xEF,0x7D,0xEF,
  0x7D,0xEF,0x7D,0xEF,0x7D,0xEF,0x7D,0xEF,0x7D,0xEF,0x7D,0xEF,0x7D,0xEF,0x7D,0xEF,0x7D,0xEF,0x7D,0xEF,0x7D,0xEF,0x7D,0xEF,
  0x7D,0xEF,0x7D,0xEF,0x7D,0xEF,0x7D,0xEF,0x7D,0xEF,0x7D,0xEF,0x7D,0xEF,0x7D,0xEF,0x7D,0xEF,0x7D,0xEF,0x7D,0xEF,0x7D,0xEF,
  0x7D,0xEF,0x7D,0xEF,0x7D,0xEF,0x7D,0xEF,0x7D,0xEF,0x7D,0xEF,0x7D,0xEF,0x7D,0xEF,0x7D,0xEF,0x7D,0xEF,0x7D,0xEF,0x7D,0xEF,
  0x7D,0xEF,0x7D,0xEF,0x7D,0xEF,0x7D,0xEF,0x7D,0xEF,0x7D,0xEF,0x7D,0xEF,0x7D,0xEF,0x7D,0xEF,0x7D,0xEF,0x7D,0xEF,0x7D,0xEF,
  0x7D,0xEF,0x9E,0xF7,0x3F,0xE7,0x0F,0x3A,0x58,0x84,0xDF,0xF7,0xDF,0xFF,0xF7,0x7B,0x30,0x21,0xB2,0x29,0x92,0x29,0x92,0x29,
  0x92,0x31,0x91,0x31,0x91,0x29,0x92,0x29,0x92,0x29,0x92,0x29,0x72,0x29,0xB1,0x39,0x7D,0xCE,0xBD,0xF7,0x7D,0xEF,0x7D,0xEF,
  0x7D,0xEF,0x7D,0xEF,0x7D,0xEF,0x7D,0xEF,0x7D,0xEF,0x7D,0xEF,0x7D,0xEF,0x9D,0xEF,0x9D,0xEF,0x9D,0xEF,0x7D,0xEF,0x7D,0xEF,
  0x9E,0xEF,0x7E,0xEF,0x3C,0xFF,0x4A,0xDA,0x66,0xD9,0x54,0xFD,0x25,0xD1,0xD3,0xEC,0xFF,0xFF,0x35,0xF5,0x65,0xC1,0x18,0xF6,
  0x9E,0xF7,0x7D,0xEF,0x7D,0xEF,0x7D,0xEF,0x7D,0xEF,0x7D,0xEF,0x7D,0xEF,0x7D,0xEF,0x7D,0xEF,0x7D,0xEF,0x7D,0xEF,0x7D,0xEF,
  0x7D,0xEF,0x7E,0xEF,0x7E,0xEF,0x7E,0xEF,0x7E,0xEF,0x7E,0xF7,0x7D,0xEF,0x7D,0xEF,0x7E,0xEF,0x16,0x7C,0x50,0x21,0x92,0x29,
  0x93,0x31,0x72,0x31,0x71,0x29,0x92,0x31,0x92,0x31,0x92,0x29,0x71,0x29,0x71,0x29,0x92,0x29,0x92,0x29,0x92,0x29,0x92,0x29,
  0x92,0x29,0x92,0x29,0x92,0x29,0x72,0x29,0x72,0x29,0x72,0x29,0xB2,0x31,0xB2,0x31,0x71,0x29,0x91,0x29,0xB3,0x29,0x72,0x21,
  0x91,0x29,0x11,0x3A,0x1B,0xC6,0xBE,0xF7,0x7D,0xEF,0x9E,0xF7,0x7D,0xEF,0x7D,0xEF,0x7D,0xEF,0x7D,0xEF,0x7D,0xEF,0x7D,0xEF,
  0x7D,0xEF,0x7D,0xEF,0x7D,0xEF,0x7D,0xEF,0x7D,0xEF,0x7D,0xEF,0x7D,0xEF,0x7D,0xEF,0x7D,0xEF,0x7D,0xF7,0x7D,0xF7,0x9D,0xEF,
  0xBE,0xFF,0xD0,0xEB,0xE8,0xC1,0xFB,0xFE,0x5E,0xFF,0xCC,0xDA,0x04,0xD9,0x87,0xE1,0xF0,0xEB,0x1C,0xFF,0x7D,0xEF,0x9D,0xEF,
  0x7E,0xF7,0x7D,0xF7,0x9D,0xEF,0x9D,0xEF,0x7D,0xEF,0x7D,0xEF,0x7D,0xEF,0x7D,0xEF,0x7D,0xEF,0x7D,0xEF,0x7D,0xEF,0x7D,0xEF,
  0x7D,0xEF,0x7D,0xEF,0x9C,0xEF,0x9F,0xEF,0x34,0x63,0x50,0x29,0x91,0x29,0x92,0x29,0x92,0x29,0x91,0x29,0x92,0x31,0x72,0x29,
  0x92,0x31,0x72,0x31,0x92,0x29,0x71,0x29,0x11,0x42,0xFD,0xDE,0xBE,0xFF,0x5C,0xCE,0x6E,0x29,0x3A,0xA5,0xDF,0xFF,0x7D,0xEF,
  0x7D,0xEF,0x7D,0xEF,0x7D,0xEF,0x7D,0xEF,0x7D,0xEF,0x7D,0xEF,0x7D,0xEF,0x7D,0xEF,0x7D,0xEF,0x7D,0xEF,0x7D,0xEF,0x7D,0xEF,
  0x7D,0xEF,0x7D,0xEF,0x7D,0xEF,0x7D,0xEF,0x7D,0xEF,0x7D,0xEF,0x7D,0xEF,0x7D,0xEF,0x7D,0xEF,0x7D,0xEF,0x7D,0xEF,0x7D,0xEF,
  0x7D,0xEF,0x7D,0xEF,0x7D,0xEF,0x7D,0xEF,0x7D,0xEF,0x7D,0xEF,0x7D,0xEF,0x7D,0xEF,0x7D,0xEF,0x7D,0xEF,0x7D,0xEF,0x7D,0xEF,
  0x7D,0xEF,0x7D,0xEF,0x7D,0xEF,0x7D,0xEF,0x7D,0xEF,0x7D,0xEF,0x7D,0xEF,0x7D,0xEF,0x7D,0xEF,0x7D,0xEF,0x7D,0xEF,0x7D,0xEF,
  0x7D,0xEF,0x7D,0xEF,0x7D,0xEF,0x7D,0xEF,0x7D,0xEF,0x7D,0xEF,0x7D,0xEF,0x7D,0xEF,0x7D,0xEF,0x7D,0xEF,0x7D,0xEF,0x7D,0xEF,
  0x7D,0xEF,0x7D,0xEF,0x7D,0xEF,0x7D,0xEF,0x7D,0xEF,0x7E,0xEF,0x7E,0xEF,0x9D,0xEF,0x9E,0xEF,0x7E,0xEF,0x7E,0xF7,0x7D,0xF7,
  0x5D,0xEF,0xDE,0xFF,0xDB,0xB5,0x6D,0x29,0xFC,0xBD,0xBF,0xF7,0x1E,0xE7,0x72,0x4A,0x51,0x29,0x93,0x31,0x72,0x29,0x92,0x29,
  0x92,0x29,0x92,0x29,0x92,0x29,0x92,0x29,0xB2,0x29,0x92,0x31,0x51,0x29,0x14,0x63,0x9F,0xF7,0x7D,0xEF,0x7D,0xEF,0x7D,0xEF,
  0x9D,0xF7,0x7D,0xEF,0x7D,0xEF,0x7D,0xEF,0x7D,0xEF,0x7D,0xEF,0x7D,0xEF,0x7D,0xF7,0x9D,0xEF,0x9E,0xEF,0x7E,0xF7,0x7D,0xF7,
  0x7D,0xF7,0x7D,0xEF,0xDE,0xFF,0x92,0xEC,0xC7,0xC1,0xBA,0xF6,0x4E,0xE3,0x28,0xCA,0x1C,0xFF,0xFC,0xFE,0x08,0xBA,0xF0,0xE3,
  0xBE,0xFF,0x7D,0xEF,0x7D,0xF7,0x7D,0xEF,0x7D,0xEF,0x7D,0xEF,0x7D,0xEF,0x7D,0xEF,0x7D,0xEF,0x7D,0xEF,0x7D,0xEF,0x7D,0xEF,
  0x7D,0xEF,0x7D,0xEF,0x7E,0xEF,0x7E,0xEF,0x7D,0xEF,0x7D,0xEF,0x9D,0xEF,0x5D,0xEF,0x9E,0xF7,0x7F,0xEF,0xB5,0x73,0x71,0x29,
  0x92,0x29,0x72,0x29,0x92,0x31,0x91,0x29,0x72,0x21,0x71,0x21,0xF4,0x5A,0x73,0x4A,0x71,0x29,0x92,0x29,0xB2,0x29,0x92,0x31,
  0x91,0x29,0x92,0x29,0x72,0x29,0x72,0x29,0x75,0x52,0xB2,0x39,0x31,0x21,0x92,0x29,0xB2,0x31,0xB2,0x31,0x71,0x29,0x92,0x31,
  0x32,0x42,0x3B,0xC6,0xDF,0xF7,0x7D,0xEF,0x9E,0xF7,0x9E,0xF7,0x9E,0xF7,0x7D,0xEF,0x7D,0xEF,0x7D,0xEF,0x7D,0xEF,0x7D,0xEF,
  0x7D,0xEF,0x7D,0xEF,0x7D,0xEF,0x7D,0xEF,0x7D,0xEF,0x7D,0xEF,0x7D,0xEF,0x7D,0xEF,0x7D,0xEF,0x9E,0xEF,0x7D,0xEF,0x9D,0xF7,
  0xFA,0xFE,0xC8,0xD9,0xF0,0xE3,0xFF,0xFF,0xD6,0xF5,0x45,0xC1,0x97,0xFD,0x8E,0xF3,0x05,0xC1,0x19,0xFE,0xBD,0xF7,0x9D,0xEF,
  0x7D,0xF7,0x9E,0xEF,0x7D,0xEF,0x7D,0xF7,0x9E,0xEF,0x7D,0xEF,0x7D,0xEF,0x7D,0xEF,0x7D,0xEF,0x7D,0xEF,0x7D,0xEF,0x7D,0xEF,
  0x7D,0xEF,0x7E,0xF7,0x5D,0xEF,0xDF,0xFF,0x79,0xAD,0x30,0x21,0x92,0x29,0x72,0x29,0x92,0x31,0x91,0x29,0x92,0x29,0x92,0x29,
  0x91,0x29,0x92,0x29,0x92,0x29,0x92,0x29,0x6F,0x29,0x7A,0xAD,0xBF,0xFF,0x7E,0xEF,0x92,0x52,0x54,0x6B,0xDF,0xF7,0x7D,0xEF,
  0x9D,0xF7,0x7D,0xEF,0x7D,0xF7,0x7D,0xEF,0x7E,0xEF,0x7E,0xEF,0x7D,0xEF,0x7D,0xEF,0x7D,0xEF,0x7D,0xEF,0x7D,0xEF,0x7D,0xEF,
  0x7D,0xEF,0x7D,0xEF,0x7D,0xEF,0x7D,0xEF,0x7D,0xEF,0x7D,0xEF,0x7D,0xEF,0x7D,0xEF,0x7D,0xEF,0x7D,0xEF,0x7D,0xEF,0x7D,0xEF,
  0x7D,0xEF,0x7D,0xEF,0x7D,0xEF,0x7D,0xEF,0x7D,0xEF,0x7D,0xEF,0x7D,0xEF,0x7D,0xEF,0x7D,0xEF,0x7D,0xEF,0x7D,0xEF,0x7D,0xEF,
  0x7D,0xEF,0x7D,0xEF,0x7D,0xEF,0x7D,0xEF,0x7D,0xEF,0x7D,0xEF,0x7D,0xEF,0x7D,0xEF,0x7D,0xEF,0x7D,0xEF,0x7D,0xEF,0x7D,0xEF,
  0x7D,0xEF,0x7D,0xEF,0x7D,0xEF,0x7D,0xEF,0x7D,0xEF,0x7D,0xEF,0x7D,0xEF,0x7D,0xEF,0x7D,0xEF,0x7D,0xEF,0x7D,0xEF,0x7D,0xEF,
  0x7D,0xEF,0x7D,0xEF,0x7D,0xEF,0x7D,0xEF,0x7D,0xEF,0x7D,0xEF,0x9E,0xEF,0x9D,0xEF,0x7D,0xEF,0x7E,0xEF,0x9E,0xF7,0x9D,0xF7,
  0x5D,0xEF,0xFF,0xFF,0xF6,0x7B,0x31,0x42,0x1E,0xE7,0xDF,0xFF,0xBA,0xB5,0x6F,0x29,0x92,0x31,0x92,0x29,0x92,0x29,0x92,0x29,
  0x92,0x29,0x92,0x29,0x92,0x29,0x92,0x29,0x92,0x29,0x93,0x31,0x30,0x29,0x3A,0xAD,0xBF,0xFF,0x7D,0xEF,0x7D,0xEF,0x7D,0xEF,
  0x7D,0xEF,0x7D,0xEF,0x7D,0xEF,0x7D,0xEF,0x7D,0xEF,0x7D,0xEF,0x7D,0xEF,0x7E,0xEF,0x9E,0xEF,0x7E,0xF7,0x7E,0xF7,0x9D,0xEF,
  0x9D,0xF7,0x7D,0xEF,0x9E,0xEF,0xDB,0xFE,0xC8,0xC1,0xAF,0xE3,0x39,0xFE,0x45,0xC1,0xD3,0xF4,0xFF,0xFF,0x11,0xDC,0x88,0xD1,
  0xFB,0xFE,0xBE,0xF7,0x7D,0xF7,0x7D,0xEF,0x7D,0xEF,0x7D,0xEF,0x7D,0xEF,0x7D,0xEF,0x7D,0xEF,0x7D,0xEF,0x7D,0xEF,0x7D,0xEF,
  0x7D,0xEF,0x7D,0xEF,0x7D,0xEF,0x7D,0xEF,0x7D,0xEF,0x7D,0xEF,0x7D,0xEF,0x9E,0xF7,0x7D,0xEF,0xFF,0xFF,0xFC,0xBD,0x50,0x29,
  0x92,0x29,0xB2,0x29,0x91,0x29,0x91,0x29,0x11,0x3A,0xFA,0x9C,0x9F,0xF7,0xB6,0x73,0x51,0x21,0x91,0x29,0x92,0x29,0x92,0x31,
  0x71,0x29,0x92,0x29,0xB2,0x31,0x4E,0x21,0x1C,0xBE,0x5D,0xCE,0xB4,0x52,0x30,0x21,0xB2,0x31,0x91,0x29,0xB2,0x31,0x50,0x29,
  0xF7,0x7B,0xFF,0xFF,0x7D,0xEF,0x7D,0xEF,0x7D,0xEF,0x7D,0xEF,0x7D,0xEF,0x7D,0xEF,0x7D,0xEF,0x7D,0xEF,0x7D,0xEF,0x7D,0xEF,
  0x7D,0xEF,0x7D,0xEF,0x7D,0xEF,0x7D,0xEF,0x7D,0xEF,0x7D,0xEF,0x7D,0xEF,0x7D,0xEF,0x7D,0xEF,0x7E,0xEF,0x9E,0xEF,0x9E,0xFF,
  0x55,0xE5,0x46,0xB1,0xF7,0xFD,0xBE,0xFF,0x2D,0xCB,0x69,0xD2,0x7D,0xFF,0x0C,0xDB,0xCC,0xD2,0x3D,0xFF,0x9E,0xF7,0x7D,0xEF,
  0x7D,0xF7,0x9D,0xEF,0x9D,0xEF,0x7D,0xF7,0x7E,0xEF,0x7D,0xEF,0x7D,0xEF,0x7D,0xEF,0x7D,0xEF,0x7D,0xEF,0x7D,0xEF,0x7D,0xEF,
  0x7D,0xEF,0x7D,0xEF,0x7E,0xF7,0xBE,0xF7,0xFD,0xDE,0x32,0x42,0x71,0x29,0x93,0x31,0x92,0x29,0x92,0x29,0x92,0x29,0x92,0x29,
  0x92,0x29,0x92,0x29,0x92,0x29,0xB2,0x29,0x30,0x21,0xB6,0x7B,0x9F,0xF7,0xDF,0xFF,0x37,0x84,0x10,0x42,0x1E,0xDF,0xBE,0xF7,
  0x7D,0xEF,0x7D,0xEF,0x9D,0xF7,0x7D,0xEF,0x7E,0xEF,0x7E,0xEF,0x7D,0xEF,0x7D,0xEF,0x7D,0xEF,0x7D,0xEF,0x7D,0xEF,0x7D,0xEF,
  0x7D,0xEF,0x7D,0xEF,0x7D,0xEF,0x7D,0xEF,0x7D,0xEF,0x7D,0xEF,0x7D,0xEF,0x7D,0xEF,0x7D,0xEF,0x7D,0xEF,0x7D,0xEF,0x7D,0xEF,
  0x7D,0xEF,0x7D,0xEF,0x7D,0xEF,0x7D,0xEF,0x7D,0xEF,0x7D,0xEF,0x7D,0xEF,0x7D,0xEF,0x7D,0xEF,0x7D,0xEF,0x7D,0xEF,0x7D,0xEF,
  0x7D,0xEF,0x7D,0xEF,0x7D,0xEF,0x7D,0xEF,0x7D,0xEF,0x7D,0xEF,0x7D,0xEF,0x7D,0xEF,0x7D,0xEF,0x7D,0xEF,0x7D,0xEF,0x7D,0xEF,
  0x7D,0xEF,0x7D,0xEF,0x7D,0xEF,0x7D,0xEF,0x7D,0xEF,0x7D,0xEF,0x7D,0xEF,0x7D,0xEF,0x7D,0xEF,0x7D,0xEF,0x7D,0xEF,0x7D,0xEF,
  0x7D,0xEF,0x7D,0xEF,0x7D,0xEF,0x7D,0xEF,0x7D,0xEF,0x7D,0xEF,0x7D,0xEF,0x9D,0xEF,0x9D,0xEF,0x7D,0xEF,0x7D,0xEF,0x7D,0xEF,
  0x7E,0xF7,0x7F,0xEF,0x31,0x4A,0x96,0x73,0xBF,0xF7,0xDF,0xF7,0x57,0x8C,0x0F,0x21,0x93,0x31,0x92,0x29,0x92,0x29,0x92,0x29,
  0x92,0x29,0x92,0x29,0x91,0x29,0x91,0x29,0x92,0x29,0x52,0x29,0x12,0x42,0xFE,0xDE,0x9D,0xF7,0x9D,0xF7,0x7D,0xEF,0x7D,0xEF,
  0x7D,0xEF,0x7D,0xEF,0x7D,0xEF,0x7D,0xEF,0x7D,0xEF,0x7D,0xEF,0x7E,0xEF,0x9E,0xEF,0x9E,0xEF,0x7D,0xF7,0x7D,0xF7,0x9D,0xEF,
  0x9D,0xEF,0x7D,0xEF,0x7E,0xEF,0xDF,0xFF,0x92,0xEC,0x05,0xC9,0x99,0xF6,0x2D,0xE3,0x29,0xCA,0xBE,0xFF,0x79,0xFE,0x26,0xC9,
  0x13,0xE5,0xDE,0xFF,0x7D,0xEF,0x7D,0xEF,0x7D,0xEF,0x7D,0xEF,0x7D,0xEF,0x7D,0xEF,0x7D,0xEF,0x7D,0xEF,0x7D,0xEF,0x7D,0xEF,
  0x7D,0xEF,0x7E,0xEF,0x7D,0xEF,0x7D,0xEF,0x7E,0xEF,0x7E,0xEF,0x9E,0xF7,0x7D,0xEF,0x9D,0xF7,0x5E,0xE7,0x13,0x63,0x71,0x29,
  0x92,0x29,0xB2,0x31,0x30,0x21,0x52,0x4A,0x5C,0xC6,0xFF,0xFF,0xBE,0xFF,0xB5,0x73,0x30,0x21,0xB2,0x31,0x92,0x29,0x72,0x29,
  0x92,0x31,0x92,0x29,0xB2,0x31,0x4E,0x21,0x7B,0xC6,0xFF,0xFF,0x3E,0xE7,0xB5,0x73,0x30,0x21,0x93,0x29,0xB3,0x31,0x50,0x21,
  0xF1,0x39,0x1A,0xBE,0xDE,0xF7,0x7D,0xEF,0x7D,0xEF,0x7D,0xEF,0x7D,0xEF,0x7D,0xEF,0x7D,0xEF,0x7D,0xEF,0x7D,0xEF,0x7D,0xEF,
  0x7D,0xEF,0x7D,0xEF,0x7D,0xEF,0x7D,0xEF,0x7D,0xEF,0x7D,0xEF,0x7D,0xEF,0x7D,0xEF,0x7D,0xEF,0x7D,0xF7,0xBE,0xEF,0x7D,0xFF,
  0xAD,0xDA,0x0D,0xCB,0xBD,0xFF,0x18,0xFE,0x47,0xB9,0x54,0xE5,0xF7,0xF5,0x66,0xB9,0x96,0xFD,0xBE,0xF7,0x5E,0xE7,0x9E,0xF7,
  0x7D,0xEF,0x7D,0xF7,0x9D,0xEF,0x9D,0xEF,0x7D,0xF7,0x7D,0xEF,0x7D,0xEF,0x7D,0xEF,0x7D,0xEF,0x7D,0xEF,0x7D,0xEF,0x7D,0xEF,
  0x7D,0xEF,0x7D,0xEF,0x9E,0xF7,0x5D,0xEF,0xDF,0xF7,0xF6,0x7B,0x2F,0x21,0xB3,0x31,0x91,0x29,0x92,0x29,0x92,0x29,0x92,0x31,
  0x92,0x29,0x92,0x29,0x91,0x29,0x92,0x29,0x51,0x29,0x31,0x42,0x1E,0xE7,0xDF,0xFF,0x1D,0xC6,0x4D,0x29,0xFB,0xBD,0xDF,0xF7,
  0x7D,0xEF,0x7D,0xEF,0x7D,0xEF,0x7D,0xEF,0x7E,0xEF,0x7D,0xEF,0x7D,0xF7,0x7D,0xEF,0x7D,0xEF,0x7D,0xEF,0x7D,0xEF,0x7D,0xEF,
  0x7D,0xEF,0x7D,0xEF,0x7D,0xEF,0x7D,0xEF,0x7D,0xEF,0x7D,0xEF,0x7D,0xEF,0x7D,0xEF,0x7D,0xEF,0x7D,0xEF,0x7D,0xEF,0x7D,0xEF,
  0x7D,0xEF,0x7D,0xEF,0x7D,0xEF,0x7D,0xEF,0x7D,0xEF,0x7D,0xEF,0x7D,0xEF,0x7D,0xEF,0x7D,0xEF,0x7D,0xEF,0x7D,0xEF,0x7D,0xEF,
  0x7D,0xEF,0x7D,0xEF,0x7D,0xEF,0x7D,0xEF,0x7D,0xEF,0x7D,0xEF,0x7D,0xEF,0x7D,0xEF,0x7D,0xEF,0x7D,0xEF,0x7D,0xEF,0x7D,0xEF,
  0x7D,0xEF,0x7D,0xEF,0x7D,0xEF,0x7D,0xEF,0x7D,0xEF,0x7D,0xEF,0x7D,0xEF,0x7D,0xEF,0x7D,0xEF,0x7D,0xEF,0x7D,0xEF,0x7D,0xEF,
  0x7D,0xEF,0x7D,0xEF,0x7D,0xEF,0x7D,0xEF,0x7D,0xEF,0x7D,0xF7,0x7D,0xEF,0x7E,0xEF,0x7D,0xEF,0x9E,0xF7,0x7E,0xEF,0x7D,0xEF,
  0xBF,0xFF,0x7D,0xD6,0x6E,0x31,0x3A,0xA5,0xFF,0xFF,0x5F,0xEF,0xD3,0x5A,0x51,0x29,0x92,0x29,0x91,0x29,0x92,0x29,0x92,0x29,
  0x92,0x29,0x92,0x29,0x92,0x29,0x92,0x29,0xB2,0x31,0x30,0x21,0x95,0x6B,0xBF,0xF7,0x9D,0xEF,0x7D,0xEF,0x7D,0xEF,0x7D,0xEF,
  0x7D,0xEF,0x7D,0xEF,0x7D,0xEF,0x7D,0xEF,0x7D,0xEF,0x7D,0xEF,0x7E,0xEF,0x7E,0xEF,0x7D,0xEF,0x9D,0xEF,0x7D,0xEF,0x9D,0xEF,
  0x9D,0xEF,0x9D,0xEF,0x9E,0xEF,0x9E,0xEF,0x1C,0xFF,0x09,0xCA,0xAF,0xD3,0x18,0xFE,0x66,0xB9,0xF4,0xF4,0xBE,0xFF,0x6C,0xCB,
  0xAB,0xCA,0x3D,0xFF,0x9E,0xEF,0x7D,0xEF,0x7D,0xEF,0x7D,0xEF,0x7D,0xEF,0x7D,0xEF,0x7D,0xEF,0x7D,0xEF,0x7D,0xEF,0x7D,0xEF,
  0x7D,0xEF,0x7E,0xEF,0x7E,0xEF,0x7D,0xEF,0x9E,0xF7,0x7E,0xEF,0x9D,0xF7,0x5C,0xEF,0xDF,0xFF,0xF9,0xA4,0x31,0x21,0x92,0x29,
  0x92,0x29,0x71,0x21,0x11,0x3A,0x3D,0xC6,0xDF,0xFF,0x5C,0xEF,0xBF,0xFF,0x58,0x8C,0x51,0x29,0x92,0x29,0x92,0x29,0x92,0x29,
  0x92,0x31,0x92,0x29,0x92,0x29,0x4E,0x21,0x3C,0xC6,0x9E,0xF7,0xBD,0xF7,0x7F,0xEF,0x76,0x6B,0x11,0x21,0x93,0x29,0xD3,0x31,
  0x10,0x21,0x75,0x6B,0x9F,0xF7,0x7D,0xEF,0x7D,0xEF,0x7D,0xEF,0x7D,0xEF,0x7D,0xEF,0x7D,0xEF,0x7D,0xEF,0x7D,0xEF,0x7D,0xEF,
  0x7D,0xEF,0x7D,0xEF,0x7D,0xEF,0x7D,0xEF,0x7D,0xEF,0x7D,0xEF,0x7D,0xEF,0x7D,0xEF,0x7D,0xEF,0x7D,0xF7,0x9D,0xF7,0x38,0xF6,
  0x06,0xC9,0x35,0xF5,0xFF,0xFF,0x8E,0xE3,0xC8,0xC9,0x3D,0xFF,0xCC,0xDA,0xCC,0xCA,0x7D,0xFF,0x9E,0xEF,0x7E,0xEF,0x7D,0xEF,
  0x7D,0xEF,0x7E,0xF7,0x9D,0xEF,0x9D,0xEF,0x7D,0xF7,0x7D,0xEF,0x7D,0xEF,0x7D,0xEF,0x7D,0xEF,0x7D,0xEF,0x7D,0xEF,0x7D,0xEF,
  0x7D,0xEF,0x7D,0xEF,0x7D,0xEF,0x5D,0xEF,0xDF,0xFF,0xDA,0xB5,0x90,0x31,0x92,0x29,0x92,0x29,0x92,0x29,0x92,0x29,0x72,0x31,
  0x92,0x29,0x92,0x31,0x91,0x31,0x92,0x29,0x92,0x31,0x70,0x29,0xFB,0xBD,0xBF,0xF7,0x5F,0xE7,0x0F,0x42,0x57,0x8C,0xBE,0xF7,
  0x7D,0xEF,0x7E,0xEF,0x7D,0xEF,0x9D,0xEF,0x7E,0xEF,0x7D,0xF7,0x7E,0xF7,0x7E,0xF7,0x7D,0xEF,0x7D,0xEF,0x7D,0xEF,0x7D,0xEF,
  0x7D,0xEF,0x7D,0xEF,0x7D,0xEF,0x7D,0xEF,0x7D,0xEF,0x7D,0xEF,0x7D,0xEF,0x7D,0xEF,0x7D,0xEF,0x7D,0xEF,0x7D,0xEF,0x7D,0xEF,
  0x7D,0xEF,0x7D,0xEF,0x7D,0xEF,0x7D,0xEF,0x7D,0xEF,0x7D,0xEF,0x7D,0xEF,0x7D,0xEF,0x7D,0xEF,0x7D,0xEF,0x7D,0xEF,0x7D,0xEF,
  0x7D,0xEF,0x7D,0xEF,0x7D,0xEF,0x7D,0xEF,0x7D,0xEF,0x7D,0xEF,0x7D,0xEF,0x7D,0xEF,0x7D,0xEF,0x7D,0xEF,0x7D,0xEF,0x7D,0xEF,
  0x7D,0xEF,0x7D,0xEF,0x7D,0xEF,0x7D,0xEF,0x7D,0xEF,0x7D,0xEF,0x7D,0xEF,0x7D,0xEF,0x7D,0xEF,0x7D,0xEF,0x7D,0xEF,0x7D,0xEF,
  0x7D,0xEF,0x7D,0xEF,0x7D,0xEF,0x7D,0xEF,0x7D,0xF7,0x7E,0xF7,0x7D,0xF7,0x7E,0xEF,0x7D,0xEF,0x7E,0xEF,0x7E,0xF7,0x5D,0xEF,
  0xDF,0xFF,0x1A,0xA5,0x6D,0x31,0xDD,0xD6,0xDE,0xF7,0x9D,0xD6,0xB0,0x39,0x92,0x29,0x92,0x29,0x92,0x29,0x92,0x29,0x92,0x29,
  0x92,0x29,0x92,0x29,0x92,0x29,0x92,0x29,0x92,0x29,0x6F,0x29,0x7A,0xA5,0xDE,0xF7,0x7D,0xEF,0x7E,0xF7,0x7D,0xEF,0x7D,0xEF,
  0x7D,0xEF,0x7D,0xEF,0x7D,0xEF,0x7D,0xEF,0x7D,0xEF,0x7D,0xEF,0x7D,0xEF,0x7E,0xF7,0x7D,0xEF,0x7D,0xEF,0x9E,0xF7,0x7E,0xF7,
  0x7D,0xEF,0x9D,0xEF,0x7D,0xEF,0x9E,0xF7,0xBE,0xF7,0x55,0xED,0x46,0xC9,0x18,0xFE,0x0C,0xDB,0x8B,0xDA,0x9E,0xFF,0xB5,0xE5,
  0x26,0xD1,0xD8,0xFD,0x9E,0xF7,0x7D,0xEF,0x7D,0xEF,0x7D,0xEF,0x7D,0xEF,0x7D,0xEF,0x7D,0xEF,0x7D,0xEF,0x7D,0xEF,0x7D,0xEF,
  0x9D,0xEF,0x7E,0xEF,0x7E,0xEF,0x7D,0xEF,0x9E,0xF7,0x7E,0xEF,0x7C,0xEF,0xBD,0xF7,0x3F,0xEF,0x72,0x52,0x51,0x21,0xB2,0x31,
  0x72,0x29,0xB0,0x29,0xBB,0xAD,0xDF,0xFF,0x5C,0xEF,0x7D,0xEF,0xDF,0xF7,0xB8,0x8C,0x70,0x29,0x93,0x29,0x72,0x29,0x92,0x31,
  0x91,0x31,0x92,0x29,0x92,0x29,0xD0,0x31,0x9C,0xCE,0xDE,0xF7,0x5D,0xEF,0xBF,0xFF,0xBD,0xD6,0x51,0x4A,0x71,0x29,0x92,0x29,
  0x92,0x29,0x91,0x29,0xFC,0xBD,0xDE,0xFF,0x7D,0xEF,0x7D,0xEF,0x7D,0xEF,0x7D,0xEF,0x7D,0xEF,0x7E,0xEF,0x7D,0xEF,0x7D,0xEF,
  0x7D,0xEF,0x7D,0xEF,0x7D,0xEF,0x7D,0xEF,0x7D,0xEF,0x9D,0xEF,0x7D,0xEF,0x7D,0xEF,0x7D,0xF7,0x7D,0xEF,0xBE,0xFF,0xD0,0xD3,
  0x08,0xC2,0xFC,0xFE,0x9B,0xFE,0x86,0xB9,0x51,0xF4,0x19,0xF6,0x25,0xC9,0xB6,0xF5,0xBF,0xFF,0x7E,0xEF,0xBE,0xEF,0x9D,0xEF,
  0x9E,0xF7,0x7E,0xEF,0x7E,0xF7,0x7D,0xEF,0x9D,0xEF,0x7D,0xEF,0x7D,0xEF,0x7D,0xEF,0x7D,0xEF,0x7D,0xEF,0x7D,0xEF,0x7D,0xEF,
  0x7D,0xEF,0x7D,0xEF,0x7D,0xEF,0x9E,0xF7,0x9E,0xEF,0x3E,0xDF,0x52,0x4A,0x51,0x29,0xB2,0x29,0x92,0x29,0x92,0x29,0x92,0x31,
  0x92,0x29,0x92,0x29,0x92,0x31,0x92,0x29,0x92,0x31,0x2F,0x21,0x56,0x8C,0xDF,0xF7,0x9E,0xEF,0x74,0x6B,0x92,0x52,0xBE,0xF7,
  0x9D,0xEF,0x7E,0xF7,0x7D,0xEF,0x7D,0xEF,0x7E,0xF7,0x7D,0xF7,0x7E,0xF7,0x7E,0xF7,0x7D,0xEF,0x7D,0xEF,0x7D,0xEF,0x7D,0xEF,
  0x7D,0xEF,0x7D,0xEF,0x7D,0xEF,0x7D,0xEF,0x7D,0xEF,0x7D,0xEF,0x7D,0xEF,0x7D,0xEF,0x7D,0xEF,0x7D,0xEF,0x7D,0xEF,0x7D,0xEF,
  0x7D,0xEF,0x7D,0xEF,0x7D,0xEF,0x7D,0xEF,0x7D,0xEF,0x7D,0xEF,0x7D,0xEF,0x7D,0xEF,0x7D,0xEF,0x7D,0xEF,0x7D,0xEF,0x7D,0xEF,
  0x7D,0xEF,0x7D,0xEF,0x7D,0xEF,0x7D,0xEF,0x7D,0xEF,0x7D,0xEF,0x7D,0xEF,0x7D,0xEF,0x7D,0xEF,0x7D,0xEF,0x7D,0xEF,0x7D,0xEF,
  0x7D,0xEF,0x7D,0xEF,0x7D,0xEF,0x7D,0xEF,0x7D,0xEF,0x7D,0xEF,0x7D,0xEF,0x7D,0xEF,0x7D,0xEF,0x7D,0xEF,0x7D,0xEF,0x7D,0xEF,
  0x7D,0xEF,0x7D,0xEF,0x7D,0xEF,0x7D,0xEF,0x7E,0xEF,0x7E,0xF7,0x9D,0xEF,0x9D,0xEF,0x7D,0xEF,0x7E,0xF7,0x7E,0xF7,0x7D,0xEF,
  0xFF,0xF7,0x95,0x73,0x91,0x52,0x5F,0xEF,0xDF,0xFF,0x38,0xA5,0x70,0x29,0x92,0x31,0x91,0x29,0x91,0x29,0x92,0x29,0x92,0x29,
  0x72,0x31,0x92,0x29,0x92,0x29,0x92,0x29,0x72,0x29,0xF0,0x41,0xFE,0xDE,0x9D,0xF7,0x7D,0xEF,0x9E,0xF7,0x7D,0xEF,0x7D,0xEF,
  0x7D,0xEF,0x7D,0xEF,0x7D,0xEF,0x7D,0xEF,0x7D,0xEF,0x7D,0xEF,0x7D,0xEF,0x7D,0xEF,0x9E,0xF7,0x7E,0xEF,0x7E,0xEF,0x7E,0xEF,
  0x5E,0xF7,0x5D,0xF7,0x7D,0xF7,0x7D,0xF7,0x9E,0xEF,0x3C,0xFF,0x48,0xD2,0x4E,0xD3,0x55,0xFD,0x45,0xB9,0x97,0xF5,0x7D,0xFF,
  0xE8,0xD9,0xAF,0xDB,0x9E,0xFF,0x7D,0xF7,0x9E,0xF7,0x7D,0xEF,0x7D,0xEF,0x7E,0xF7,0x7E,0xEF,0x9D,0xEF,0x9D,0xEF,0x7E,0xF7,
  0x7E,0xF7,0x7D,0xEF,0x5E,0xEF,0x7E,0xEF,0x9D,0xEF,0x9D,0xEF,0x7D,0xEF,0xDE,0xF7,0x7A,0xAD,0x70,0x29,0x92,0x29,0x93,0x31,
  0x30,0x29,0xB5,0x7B,0x9F,0xF7,0x7D,0xEF,0x9E,0xF7,0x7D,0xEF,0xBF,0xF7,0x78,0x94,0x50,0x29,0x92,0x31,0x72,0x29,0x72,0x29,
  0x92,0x29,0x92,0x29,0x72,0x29,0xF1,0x39,0xBD,0xD6,0xBE,0xF7,0x9D,0xF7,0x5E,0xEF,0xBF,0xF7,0x39,0xAD,0x30,0x29,0x92,0x31,
  0xB2,0x31,0x31,0x21,0xD6,0x7B,0xBE,0xF7,0x7D,0xEF,0x7E,0xEF,0x7D,0xEF,0x9D,0xF7,0x7D,0xEF,0x7E,0xEF,0x9E,0xEF,0x9D,0xEF,
  0x7D,0xEF,0x7D,0xEF,0x7D,0xF7,0x7D,0xEF,0x9E,0xEF,0x7D,0xEF,0x7D,0xEF,0x7E,0xF7,0x7D,0xF7,0x9E,0xEF,0xDB,0xFE,0xA7,0xC9,
  0xF0,0xD3,0xFF,0xFF,0x10,0xEC,0xA7,0xC1,0x9B,0xFE,0xEC,0xD2,0xCB,0xCA,0x5D,0xFF,0x9D,0xEF,0x7D,0xEF,0x7D,0xF7,0x7D,0xEF,
  0x7E,0xEF,0x7E,0xEF,0x9E,0xEF,0x7D,0xEF,0x7D,0xF7,0x7D,0xF7,0x7D,0xEF,0x7D,0xEF,0x7D,0xEF,0x7D,0xEF,0x7D,0xEF,0x7D,0xEF,
  0x7D,0xEF,0x7D,0xEF,0x9E,0xEF,0x9D,0xEF,0x7D,0xEF,0xBF,0xF7,0xD6,0x7B,0x30,0x21,0x93,0x29,0xB1,0x29,0x91,0x29,0x92,0x29,
  0x92,0x29,0x92,0x29,0x92,0x29,0x92,0x29,0x92,0x31,0x4F,0x21,0x34,0x63,0x7E,0xEF,0xFE,0xFF,0xD8,0x9C,0xF1,0x39,0xFE,0xDE,
  0xBD,0xF7,0x5E,0xEF,0x7D,0xF7,0x7D,0xF7,0x7E,0xF7,0x7D,0xEF,0x9E,0xEF,0x7E,0xEF,0x7D,0xEF,0x7D,0xEF,0x7D,0xEF,0x7D,0xEF,
  0x7D,0xEF,0x7D,0xEF,0x7D,0xEF,0x7D,0xEF,0x7D,0xEF,0x7D,0xEF,0x7D,0xEF,0x7D,0xEF,0x7D,0xEF,0x7D,0xEF,0x7D,0xEF,0x7D,0xEF,
  0x7D,0xEF,0x7D,0xEF,0x7D,0xEF,0x7D,0xEF,0x7D,0xEF,0x7D,0xEF,0x7D,0xEF,0x7D,0xEF,0x7D,0xEF,0x7D,0xEF,0x7D,0xEF,0x7D,0xEF,
  0x7D,0xEF,0x7D,0xEF,0x7D,0xEF,0x7D,0xEF,0x7D,0xEF,0x7D,0xEF,0x7D,0xEF,0x7D,0xEF,0x7D,0xEF,0x7D,0xEF,0x7D,0xEF,0x7D,0xEF,
  0x7D,0xEF,0x7D,0xEF,0x7D,0xEF,0x7D,0xEF,0x7D,0xEF,0x7D,0xEF,0x7D,0xEF,0x7D,0xEF,0x7D,0xEF,0x7D,0xEF,0x7D,0xEF,0x7D,0xEF,
  0x7D,0xEF,0x7D,0xEF,0x7D,0xEF,0x7D,0xEF,0x7D,0xEF,0x7D,0xF7,0x7D,0xEF,0x9E,0xEF,0x7E,0xEF,0x7D,0xF7,0x7D,0xEF,0x7D,0xEF,
  0x9F,0xEF,0x72,0x4A,0xB5,0x73,0xBF,0xF7,0xDF,0xF7,0x16,0x7C,0x30,0x21,0x92,0x31,0x92,0x29,0x92,0x29,0x92,0x29,0x92,0x29,
  0x92,0x31,0x92,0x29,0x91,0x29,0x92,0x31,0x31,0x29,0x75,0x6B,0x7F,0xEF,0x9E,0xF7,0x7E,0xF7,0x7D,0xEF,0x7D,0xEF,0x7D,0xEF,
  0x7D,0xEF,0x7D,0xEF,0x7D,0xEF,0x7D,0xEF,0x7D,0xEF,0x7D,0xEF,0x7D,0xEF,0x7E,0xF7,0x7D,0xEF,0x9D,0xEF,0x7C,0xEF,0x7D,0xF7,
  0x7D,0xEF,0xDE,0xEF,0xDE,0xEF,0x9E,0xF7,0x3D,0xEF,0xBE,0xFF,0x34,0xED,0x45,0xB1,0xB7,0xFD,0xCB,0xCA,0x8B,0xD2,0xBF,0xFF,
  0x71,0xDC,0xE7,0xB9,0xBA,0xFE,0xBF,0xEF,0x5D,0xEF,0x7D,0xEF,0x7D,0xEF,0x7E,0xF7,0x7E,0xF7,0x7D,0xF7,0x7D,0xEF,0x7E,0xEF,
  0x7E,0xEF,0x7D,0xEF,0x9E,0xF7,0x7E,0xF7,0x7D,0xEF,0x7D,0xEF,0x5D,0xEF,0xBF,0xF7,0xD5,0x73,0x2F,0x21,0xB3,0x31,0x72,0x29,
  0xD1,0x39,0x3C,0xC6,0xDF,0xFF,0x7D,0xEF,0x7D,0xEF,0x7D,0xEF,0xBF,0xFF,0x78,0x8C,0x30,0x21,0xB2,0x31,0x92,0x29,0x72,0x29,
  0x92,0x29,0x92,0x29,0x72,0x29,0xF1,0x39,0xBD,0xD6,0x9E,0xF7,0x7D,0xEF,0x9E,0xF7,0x9E,0xF7,0x1F,0xE7,0x93,0x52,0x51,0x29,
  0xB2,0x31,0x71,0x29,0x31,0x42,0xDE,0xDE,0xBF,0xF7,0x7E,0xEF,0x7E,0xEF,0x7D,0xEF,0x7D,0xF7,0x7D,0xF7,0x9D,0xEF,0x7D,0xEF,
  0x9D,0xEF,0x7D,0xEF,0x7D,0xF7,0x7D,0xF7,0x7D,0xF7,0x7D,0xEF,0xBE,0xF7,0x9E,0xEF,0x7D,0xEF,0xBE,0xF7,0x14,0xED,0x26,0xD1,
  0x7A,0xFE,0xFC,0xFE,0xE8,0xC9,0x30,0xEC,0x18,0xF6,0x26,0xC9,0xB7,0xF5,0x9E,0xFF,0x7E,0xEF,0x9D,0xEF,0xBE,0xF7,0x9D,0xEF,
  0x5C,0xEF,0x5D,0xF7,0x7E,0xF7,0x9E,0xEF,0x9D,0xEF,0x7D,0xEF,0x7D,0xEF,0x7D,0xEF,0x7D,0xEF,0x7D,0xEF,0x7D,0xEF,0x7D,0xEF,
  0x7D,0xEF,0x7D,0xEF,0x9E,0xEF,0x9E,0xEF,0x9D,0xEF,0xDF,0xFF,0x5A,0xAD,0x4F,0x29,0x72,0x29,0x91,0x29,0x91,0x29,0x92,0x29,
  0x92,0x29,0x92,0x29,0x92,0x29,0x92,0x29,0x92,0x31,0x91,0x29,0x31,0x42,0xDD,0xD6,0xFE,0xFF,0x1C,0xC6,0x8F,0x31,0xDB,0xB5,
  0xFF,0xFF,0x5D,0xEF,0x7D,0xF7,0x7D,0xF7,0x7E,0xEF,0x7D,0xEF,0x7E,0xEF,0x7E,0xEF,0x7D,0xEF,0x7D,0xEF,0x7D,0xEF,0x7D,0xEF,
  0x7D,0xEF,0x7D,0xEF,0x7D,0xEF,0x7D,0xEF,0x7D,0xEF,0x7D,0xEF,0x7D,0xEF,0x7D,0xEF,0x7D,0xEF,0x7D,0xEF,0x7D,0xEF,0x7D,0xEF,
  0x7D,0xEF,0x7D,0xEF,0x7D,0xEF,0x7D,0xEF,0x7D,0xEF,0x7D,0xEF,0x7D,0xEF,0x7D,0xEF,0x7D,0xEF,0x7D,0xEF,0x7D,0xEF,0x7D,0xEF,
  0x7D,0xEF,0x7D,0xEF,0x7D,0xEF,0x7D,0xEF,0x7D,0xEF,0x7D,0xEF,0x7D,0xEF,0x7D,0xEF,0x7D,0xEF,0x7D,0xEF,0x7D,0xEF,0x7D,0xEF,
  0x7D,0xEF,0x7D,0xEF,0x7D,0xEF,0x7D,0xEF,0x7D,0xEF,0x7D,0xEF,0x7D,0xEF,0x7D,0xEF,0x7D,0xEF,0x7D,0xEF,0x7D,0xEF,0x7D,0xEF,
  0x7D,0xEF,0x7D,0xEF,0x7D,0xEF,0x7D,0xEF,0x7D,0xEF,0x7D,0xF7,0x7D,0xEF,0x9E,0xEF,0x7E,0xEF,0x7E,0xEF,0x7D,0xEF,0xBE,0xF7,
  0xBE,0xD6,0x90,0x31,0x39,0xA5,0xFE,0xFF,0x5E,0xE7,0xB2,0x52,0x30,0x21,0x92,0x31,0x92,0x29,0x92,0x29,0x92,0x29,0x91,0x29,
  0x92,0x29,0x92,0x29,0x92,0x29,0x92,0x31,0x2F,0x21,0xD8,0x94,0xDF,0xFF,0x7D,0xEF,0x7E,0xF7,0x7E,0xF7,0x7D,0xEF,0x7D,0xEF,
  0x7D,0xEF,0x7D,0xEF,0x7D,0xEF,0x7D,0xEF,0x7D,0xEF,0x7D,0xEF,0x7D,0xEF,0x5D,0xEF,0x7D,0xF7,0x3D,0xF7,0x7E,0xEF,0xDF,0xF7,
  0xDE,0xF7,0x3C,0xF7,0x5A,0xEE,0xDB,0xEE,0xBE,0xF7,0x9D,0xF7,0x5D,0xFF,0x29,0xD2,0x4E,0xDB,0x76,0xFD,0x25,0xC1,0xF8,0xF5,
  0xDB,0xF6,0x45,0xC9,0x72,0xF4,0xFF,0xFF,0x7D,0xEF,0x7D,0xEF,0x7D,0xEF,0x9E,0xEF,0x7E,0xF7,0x7E,0xF7,0x7D,0xEF,0x7D,0xEF,
  0x9D,0xF7,0x9D,0xF7,0x7D,0xF7,0x7D,0xF7,0xBD,0xF7,0xBD,0xF7,0xDE,0xFF,0x9F,0xEF,0x92,0x4A,0x51,0x21,0x92,0x29,0x51,0x21,
  0x13,0x5B,0x9F,0xF7,0x7D,0xEF,0x7D,0xEF,0x9D,0xEF,0x7D,0xEF,0xBF,0xFF,0xD9,0x9C,0x50,0x29,0x92,0x31,0x92,0x29,0x92,0x29,
  0x92,0x29,0x92,0x29,0x72,0x29,0x52,0x4A,0xFE,0xDE,0xBE,0xF7,0x7D,0xEF,0x7D,0xEF,0x7D,0xEF,0xFF,0xFF,0xB7,0x94,0x0F,0x21,
  0xB3,0x31,0x92,0x29,0x70,0x31,0x5C,0xCE,0xFF,0xFF,0xBE,0xF7,0xBE,0xF7,0x7D,0xEF,0x7D,0xEF,0x7D,0xF7,0x7D,0xF7,0x7D,0xF7,
  0x9D,0xEF,0x9D,0xEF,0x7D,0xEF,0x7D,0xF7,0x7D,0xF7,0x9E,0xF7,0x9E,0xEF,0x7D,0xEF,0x7D,0xEF,0x7D,0xFF,0xCB,0xC2,0xCC,0xDA,
  0xDF,0xFF,0xB4,0xEC,0x86,0xB9,0x59,0xFE,0x4D,0xCB,0xAB,0xE2,0x5D,0xFF,0xDE,0xEF,0xBE,0xFF,0xBA,0xEE,0x79,0xE6,0x7D,0xF7,
  0xFF,0xF7,0xBF,0xF7,0x5D,0xEF,0x5E,0xF7,0x7E,0xF7,0x7D,0xEF,0x7D,0xEF,0x7D,0xEF,0x7D,0xEF,0x7D,0xEF,0x7D,0xEF,0x7D,0xEF,
  0x7D,0xEF,0x7D,0xEF,0x9E,0xEF,0x9E,0xF7,0x9D,0xEF,0xBD,0xF7,0x9D,0xD6,0xF0,0x39,0x72,0x29,0xB2,0x31,0x71,0x29,0x92,0x29,
  0x92,0x29,0x92,0x29,0x92,0x29,0x92,0x29,0x72,0x29,0x91,0x31,0x4F,0x29,0x1C,0xBE,0xBF,0xF7,0x1F,0xE7,0xCF,0x39,0x97,0x94,
  0xFF,0xFF,0x5D,0xEF,0x9E,0xF7,0x7D,0xEF,0x7E,0xEF,0x7D,0xEF,0x7E,0xEF,0x7E,0xEF,0x7D,0xEF,0x7D,0xEF,0x7D,0xEF,0x7D,0xEF,
  0x7D,0xEF,0x7D,0xEF,0x7D,0xEF,0x7D,0xEF,0x7D,0xEF,0x7D,0xEF,0x7D,0xEF,0x7D,0xEF,0x7D,0xEF,0x7D,0xEF,0x7D,0xEF,0x7D,0xEF,
  0x7D,0xEF,0x7D,0xEF,0x7D,0xEF,0x7D,0xEF,0x7D,0xEF,0x7D,0xEF,0x7D,0xEF,0x7D,0xEF,0x7D,0xEF,0x7D,0xEF,0x7D,0xEF,0x7D,0xEF,
  0x7D,0xEF,0x7D,0xEF,0x7D,0xEF,0x7D,0xEF,0x7D,0xEF,0x7D,0xEF,0x7D,0xEF,0x7D,0xEF,0x7D,0xEF,0x7D,0xEF,0x7D,0xEF,0x7D,0xEF,
  0x7D,0xEF,0x7D,0xEF,0x7D,0xEF,0x7D,0xEF,0x7D,0xEF,0x7D,0xEF,0x7D,0xEF,0x7D,0xEF,0x7D,0xEF,0x7D,0xEF,0x7D,0xEF,0x7D,0xEF,
  0x7D,0xEF,0x7D,0xEF,0x7D,0xEF,0x7D,0xEF,0x7D,0xEF,0x7D,0xF7,0x7E,0xEF,0x9D,0xEF,0x7E,0xEF,0x7E,0xEF,0x5D,0xEF,0xDF,0xFF,
  0x9A,0xB5,0x8E,0x31,0x5C,0xCE,0xDE,0xFF,0x9D,0xD6,0xD1,0x31,0x92,0x29,0x92,0x29,0x92,0x31,0x92,0x29,0x91,0x29,0x92,0x29,
  0x92,0x29,0x92,0x29,0x92,0x29,0x71,0x29,0x90,0x31,0xFB,0xBD,0xDE,0xF7,0x7D,0xEF,0x7D,0xEF,0x9D,0xF7,0x7D,0xEF,0x7D,0xEF,
  0x7D,0xEF,0x7D,0xEF,0x7D,0xEF,0x7D,0xEF,0x9D,0xF7,0x7D,0xF7,0x7D,0xEF,0x9E,0xF7,0xBE,0xEF,0xDF,0xEF,0x9E,0xF7,0xF7,0xED,
  0xCF,0xEB,0xA8,0xE9,0x06,0xE9,0xC8,0xD1,0x75,0xFD,0x7E,0xF7,0x9E,0xF7,0x15,0xF5,0x86,0xB1,0x76,0xFD,0xCC,0xCA,0x0D,0xDB,
  0x9E,0xFF,0x0D,0xE3,0x8A,0xD2,0xFB,0xFE,0x9E,0xF7,0x9E,0xEF,0x7D,0xEF,0x9E,0xEF,0x7E,0xF7,0x7E,0xEF,0x9D,0xEF,0x7D,0xF7,
  0x7E,0xEF,0x7E,0xF7,0x7D,0xEF,0xBE,0xF7,0xFC,0xDE,0x5B,0xCE,0x9D,0xD6,0xBB,0xB5,0x11,0x3A,0x91,0x29,0xB2,0x31,0x30,0x21,
  0x77,0x8C,0xFF,0xFF,0x5C,0xEF,0x7E,0xF7,0x7E,0xEF,0x7D,0xEF,0xBF,0xFF,0x5B,0xAD,0x50,0x29,0x92,0x31,0x71,0x29,0x93,0x31,
  0x92,0x29,0x92,0x29,0x51,0x21,0xB3,0x52,0x3E,0xE7,0x9E,0xF7,0x7D,0xEF,0x7D,0xEF,0x7D,0xEF,0xBE,0xF7,0x3B,0xC6,0x70,0x29,
  0x92,0x29,0x92,0x31,0x90,0x29,0x77,0x8C,0xBC,0xCE,0x9C,0xCE,0x9B,0xD6,0x9E,0xEF,0x7E,0xEF,0x7E,0xEF,0x7D,0xEF,0x7D,0xEF,
  0x9D,0xEF,0x9D,0xEF,0x7D,0xEF,0x7D,0xEF,0x9D,0xEF,0x9E,0xEF,0x9E,0xEF,0x7D,0xF7,0xDF,0xFF,0xB7,0xFD,0x86,0xB9,0x76,0xED,
  0x7D,0xFF,0x09,0xCA,0xAF,0xDB,0xD7,0xFD,0x66,0xB9,0xB6,0xF5,0x9D,0xFF,0x7C,0xFF,0x51,0xEC,0x47,0xE1,0xE5,0xE0,0x6A,0xE2,
  0x92,0xEC,0xB9,0xF6,0xBD,0xF7,0xDF,0xF7,0x9E,0xEF,0x7D,0xEF,0x7D,0xEF,0x7D,0xEF,0x7D,0xF7,0x7D,0xEF,0x7D,0xEF,0x7E,0xEF,
  0x7E,0xEF,0x7D,0xEF,0x7D,0xEF,0x7E,0xEF,0x7D,0xF7,0x9D,0xF7,0x9F,0xEF,0xD2,0x5A,0x30,0x21,0x93,0x31,0x72,0x29,0x92,0x31,
  0x92,0x29,0x92,0x29,0x92,0x29,0x92,0x29,0x92,0x29,0x92,0x31,0x50,0x29,0xF8,0x9C,0xBF,0xFF,0x9F,0xF7,0xF2,0x5A,0x74,0x6B,
  0xBF,0xF7,0x7D,0xEF,0x7E,0xEF,0x7E,0xEF,0x7E,0xEF,0x7D,0xEF,0x7E,0xF7,0x7E,0xEF,0x7D,0xEF,0x7D,0xEF,0x7D,0xEF,0x7D,0xEF,
  0x7D,0xEF,0x7D,0xEF,0x7D,0xEF,0x7D,0xEF,0x7D,0xEF,0x7D,0xEF,0x7D,0xEF,0x7D,0xEF,0x7D,0xEF,0x7D,0xEF,0x7D,0xEF,0x7D,0xEF,
  0x7D,0xEF,0x7D,0xEF,0x7D,0xEF,0x7D,0xEF,0x7D,0xEF,0x7D,0xEF,0x7D,0xEF,0x7D,0xEF,0x7D,0xEF,0x7D,0xEF,0x7D,0xEF,0x7D,0xEF,
  0x7D,0xEF,0x7D,0xEF,0x7D,0xEF,0x7D,0xEF,0x7D,0xEF,0x7D,0xEF,0x7D,0xEF,0x7D,0xEF,0x7D,0xEF,0x7D,0xEF,0x7D,0xEF,0x7D,0xEF,
  0x7D,0xEF,0x7D,0xEF,0x7D,0xEF,0x7D,0xEF,0x7D,0xEF,0x7D,0xEF,0x7D,0xEF,0x7D,0xEF,0x7D,0xEF,0x7D,0xEF,0x7D,0xEF,0x7D,0xEF,
  0x7D,0xEF,0x7D,0xEF,0x7D,0xEF,0x7D,0xEF,0x7D,0xEF,0x7D,0xF7,0x7E,0xEF,0x9D,0xEF,0x9D,0xEF,0x7E,0xEF,0x7D,0xEF,0xFF,0xFF,
  0x97,0x94,0xEF,0x39,0x1F,0xE7,0xDE,0xFF,0xFB,0xBD,0x70,0x29,0xB3,0x29,0x91,0x29,0x92,0x31,0x92,0x29,0x91,0x29,0x92,0x29,
  0x92,0x29,0x92,0x29,0x92,0x29,0x51,0x29,0x52,0x4A,0x1F,0xE7,0x9D,0xEF,0x7D,0xEF,0x7D,0xEF,0x9D,0xEF,0x7E,0xEF,0x7D,0xEF,
  0x9D,0xF7,0x7D,0xEF,0x9E,0xF7,0x7E,0xF7,0x5D,0xEF,0x9E,0xEF,0xDE,0xEF,0xDE,0xF7,0xDA,0xF6,0xD3,0xEC,0x6A,0xE2,0x05,0xE9,
  0x83,0xE0,0xA3,0xE8,0xC4,0xE8,0x62,0xD8,0x0D,0xE3,0x9F,0xF7,0x7D,0xF7,0x5D,0xFF,0x6A,0xD2,0x0D,0xE3,0x35,0xFD,0x24,0xC9,
  0x59,0xFE,0xD8,0xF5,0x86,0xB1,0x95,0xFD,0xBE,0xF7,0x7E,0xEF,0x9E,0xF7,0x7D,0xEF,0x7E,0xF7,0x9E,0xEF,0x9D,0xEF,0x7E,0xF7,
  0x7E,0xEF,0x7E,0xF7,0x7D,0xEF,0x9F,0xF7,0xD8,0x94,0x90,0x31,0xF3,0x41,0xD2,0x39,0x71,0x29,0x92,0x29,0x92,0x29,0x71,0x29,
  0x7A,0xAD,0xDF,0xF7,0x7D,0xEF,0x7E,0xEF,0x7E,0xEF,0x7D,0xEF,0xDF,0xFF,0x7A,0xAD,0x4F,0x29,0x92,0x31,0x92,0x29,0x93,0x31,
  0x92,0x29,0x92,0x29,0x51,0x21,0xB3,0x52,0x3E,0xE7,0x9E,0xF7,0x7D,0xEF,0x9E,0xF7,0x7E,0xEF,0xBE,0xF7,0xFE,0xDE,0x33,0x42,
  0x51,0x29,0xB2,0x31,0x72,0x29,0xB2,0x31,0xF2,0x39,0xB1,0x31,0xF3,0x5A,0x3E,0xE7,0x9E,0xF7,0x7D,0xEF,0x9D,0xEF,0x9D,0xEF,
  0x7D,0xF7,0x7E,0xF7,0x9D,0xEF,0x9D,0xEF,0x9D,0xEF,0x7D,0xEF,0x7D,0xEF,0x5D,0xF7,0x9E,0xFF,0xAF,0xE3,0xE8,0xD1,0x7E,0xFF,
  0x54,0xE5,0x45,0xC1,0xF8,0xFD,0x2D,0xD3,0x6B,0xE2,0x9D,0xFF,0x7D,0xF7,0xBB,0xFE,0x09,0xD2,0x63,0xE8,0xE3,0xF0,0xA2,0xE8,
  0x63,0xE8,0x46,0xE9,0x4D,0xE3,0x96,0xF5,0x1C,0xF7,0xDF,0xF7,0xDF,0xF7,0x7E,0xEF,0x7D,0xEF,0x7D,0xEF,0x9D,0xF7,0x7D,0xF7,
  0x7D,0xEF,0x7D,0xEF,0x9D,0xF7,0x9D,0xF7,0x7D,0xEF,0x5D,0xEF,0xBF,0xF7,0x16,0x84,0x50,0x21,0x93,0x31,0x92,0x29,0x92,0x31,
  0x92,0x29,0x92,0x29,0x92,0x29,0x92,0x29,0x92,0x31,0x92,0x31,0x31,0x29,0x94,0x73,0xBF,0xF7,0xBF,0xF7,0x15,0x84,0x51,0x4A,
  0x7F,0xEF,0x9D,0xF7,0x5D,0xEF,0x9E,0xEF,0x7D,0xEF,0x7D,0xF7,0x7D,0xF7,0x7D,0xF7,0x7D,0xEF,0x7D,0xEF,0x7D,0xEF,0x7D,0xEF,
  0x7D,0xEF,0x7D,0xEF,0x7D,0xEF,0x7D,0xEF,0x7D,0xEF,0x7D,0xEF,0x7D,0xEF,0x7D,0xEF,0x7D,0xEF,0x7D,0xEF,0x7D,0xEF,0x7D,0xEF,
  0x7D,0xEF,0x7D,0xEF,0x7D,0xEF,0x7D,0xEF,0x7D,0xEF,0x7D,0xEF,0x7D,0xEF,0x7D,0xEF,0x7D,0xEF,0x7D,0xEF,0x7D,0xEF,0x7D,0xEF,
  0x7D,0xEF,0x7D,0xEF,0x7D,0xEF,0x7D,0xEF,0x7D,0xEF,0x7D,0xEF,0x7D,0xEF,0x7D,0xEF,0x7D,0xEF,0x7D,0xEF,0x7D,0xEF,0x7D,0xEF,
  0x7D,0xEF,0x7D,0xEF,0x7D,0xEF,0x7D,0xEF,0x7D,0xEF,0x7D,0xEF,0x7D,0xEF,0x7D,0xEF,0x7D,0xEF,0x7D,0xEF,0x7D,0xEF,0x7D,0xEF,
  0x7D,0xEF,0x7D,0xEF,0x7D,0xEF,0x7D,0xEF,0x7D,0xF7,0x7D,0xF7,0x7E,0xF7,0x9D,0xEF,0x9D,0xEF,0x7E,0xEF,0x9D,0xF7,0xBF,0xF7,
  0x76,0x6B,0xB1,0x52,0x9F,0xF7,0xBF,0xF7,0xF8,0x9C,0x50,0x29,0x92,0x29,0x91,0x29,0x92,0x29,0x92,0x29,0x91,0x29,0x92,0x29,
  0x72,0x29,0x92,0x29,0x92,0x29,0x51,0x21,0x34,0x63,0xBF,0xF7,0x7D,0xEF,0x5E,0xEF,0x7E,0xF7,0x7D,0xEF,0x7E,0xEF,0x9E,0xF7,
  0x7D,0xF7,0x7D,0xF7,0x7D,0xEF,0xDE,0xEF,0xFF,0xF7,0x5D,0xF7,0xB7,0xF5,0x8E,0xEB,0x87,0xE1,0x83,0xE0,0xA3,0xF0,0xA3,0xE8,
  0xE4,0xE8,0xE4,0xF0,0xE5,0xF0,0xA4,0xD8,0xAF,0xEB,0x7D,0xF7,0x9D,0xEF,0xDF,0xF7,0x76,0xFD,0x87,0xB9,0x14,0xFD,0x69,0xD2,
  0xCF,0xD3,0x3D,0xFF,0x4A,0xD2,0x2C,0xDB,0xBE,0xFF,0x5D,0xEF,0x9E,0xFF,0x9D,0xEF,0x7E,0xEF,0x7D,0xF7,0x7D,0xEF,0x7E,0xEF,
  0x9E,0xEF,0x7D,0xEF,0x5C,0xEF,0xBF,0xFF,0x57,0x8C,0x50,0x21,0x92,0x29,0x91,0x29,0xB2,0x31,0x72,0x29,0x73,0x31,0x70,0x31,
  0xFB,0xBD,0xDF,0xF7,0x7E,0xEF,0x7D,0xF7,0x7D,0xF7,0x7E,0xEF,0xDF,0xF7,0x7A,0xAD,0x4F,0x21,0x92,0x31,0x92,0x31,0x92,0x29,
  0xB2,0x29,0x92,0x31,0x51,0x29,0xF3,0x5A,0x5E,0xEF,0x7E,0xF7,0x7E,0xEF,0x7E,0xEF,0x7E,0xEF,0x9E,0xF7,0x3E,0xE7,0xB4,0x52,
  0x50,0x21,0xB2,0x31,0x72,0x29,0x92,0x31,0x92,0x29,0x51,0x21,0x92,0x4A,0x3E,0xE7,0x9E,0xF7,0x7D,0xF7,0x7E,0xF7,0x7E,0xEF,
  0x7D,0xF7,0x7E,0xF7,0x9D,0xEF,0x9D,0xEF,0x7D,0xF7,0x9D,0xEF,0x7E,0xEF,0x9F,0xF7,0xBB,0xFE,0xE7,0xB9,0x72,0xEC,0xBE,0xFF,
  0x4A,0xDA,0x2E,0xCB,0xB7,0xFD,0x66,0xB9,0x97,0xFD,0xBD,0xF7,0x9D,0xF7,0x1B,0xFF,0x6A,0xDA,0x84,0xE8,0x05,0xF1,0xE5,0xE8,
  0xE5,0xF0,0xC4,0xE8,0x83,0xE8,0xA4,0xE0,0x29,0xEA,0x52,0xEC,0x59,0xF6,0xBE,0xF7,0xDF,0xF7,0xBE,0xEF,0x7D,0xEF,0x7D,0xEF,
  0x9D,0xF7,0x9D,0xEF,0x7D,0xF7,0x7D,0xEF,0x9D,0xEF,0x7D,0xEF,0xDF,0xFF,0x7B,0xB5,0x50,0x21,0x93,0x29,0x91,0x29,0x92,0x31,
  0x72,0x29,0x92,0x29,0x92,0x29,0x92,0x29,0x92,0x31,0x92,0x29,0x51,0x21,0x92,0x4A,0x7F,0xEF,0xBE,0xF7,0x5A,0xAD,0x70,0x29,
  0xFE,0xDE,0x9D,0xF7,0x7E,0xEF,0x7E,0xEF,0x7D,0xEF,0x7E,0xF7,0x9D,0xEF,0x7D,0xEF,0x7D,0xEF,0x7D,0xEF,0x7D,0xEF,0x7D,0xEF,
  0x7D,0xEF,0x7D,0xEF,0x7D,0xEF,0x7D,0xEF,0x7D,0xEF,0x7D,0xEF,0x7D,0xEF,0x7D,0xEF,0x7D,0xEF,0x7D,0xEF,0x7D,0xEF,0x7D,0xEF,
  0x7D,0xEF,0x7D,0xEF,0x7D,0xEF,0x7D,0xEF,0x7D,0xEF,0x7D,0xEF,0x7D,0xEF,0x7D,0xEF,0x7D,0xEF,0x7D,0xEF,0x7D,0xEF,0x7D,0xEF,
  0x7D,0xEF,0x7D,0xEF,0x7D,0xEF,0x7D,0xEF,0x7D,0xEF,0x7D,0xEF,0x7D,0xEF,0x7D,0xEF,0x7D,0xEF,0x7D,0xEF,0x7D,0xEF,0x7D,0xEF,
  0x7D,0xEF,0x7D,0xEF,0x7D,0xEF,0x7D,0xEF,0x7D,0xEF,0x7D,0xEF,0x7D,0xEF,0x7D,0xEF,0x7D,0xEF,0x7D,0xEF,0x7D,0xEF,0x7D,0xEF,
  0x7D,0xEF,0x7D,0xEF,0x7D,0xEF,0x7D,0xEF,0x7D,0xEF,0x7D,0xF7,0x7E,0xF7,0x9D,0xEF,0x7E,0xEF,0x7E,0xEF,0x7D,0xEF,0x9F,0xEF,
  0x72,0x52,0xD5,0x73,0xDF,0xF7,0x9F,0xF7,0xD5,0x73,0x50,0x29,0xB3,0x31,0x71,0x29,0x92,0x29,0x92,0x29,0x91,0x29,0x92,0x29,
  0x72,0x31,0xB2,0x31,0xB3,0x29,0x50,0x21,0x57,0x8C,0xBF,0xF7,0x5D,0xEF,0x7E,0xF7,0x7E,0xF7,0x7D,0xF7,0x9D,0xEF,0x7D,0xEF,
  0x9E,0xEF,0xFF,0xEF,0xBE,0xFF,0x79,0xFE,0x51,0xEC,0x6A,0xEA,0xE5,0xE8,0x63,0xF0,0xC3,0xE8,0xE5,0xE8,0xE5,0xE8,0xE4,0xE8,
  0xC3,0xE8,0x82,0xF0,0xE5,0xE0,0x4F,0xEB,0xBB,0xFE,0x7D,0xF7,0x7C,0xE7,0x9D,0xEF,0x5D,0xFF,0x8A,0xCA,0xEC,0xEA,0xD3,0xF4,
  0x46,0xC1,0xBA,0xFE,0x93,0xF4,0x87,0xC1,0x9A,0xFE,0x9E,0xF7,0x5D,0xEF,0x9E,0xF7,0x7E,0xF7,0x7E,0xF7,0x9D,0xEF,0x9D,0xEF,
  0x7D,0xEF,0x7D,0xEF,0x9D,0xF7,0xBF,0xF7,0x95,0x6B,0x51,0x21,0x52,0x21,0x71,0x29,0x92,0x31,0x92,0x29,0x92,0x31,0x90,0x31,
  0x1B,0xBE,0xDF,0xF7,0x7D,0xEF,0x7D,0xF7,0x7D,0xF7,0x7E,0xEF,0xBF,0xF7,0x1C,0xC6,0x6F,0x29,0xB2,0x31,0x72,0x29,0x92,0x29,
  0x92,0x29,0x92,0x31,0x51,0x21,0x54,0x63,0x9F,0xF7,0x7E,0xF7,0x7E,0xEF,0x7D,0xEF,0x7D,0xEF,0x9D,0xF7,0x1E,0xE7,0x93,0x52,
  0x71,0x29,0x92,0x31,0x92,0x31,0x91,0x29,0x92,0x29,0x31,0x21,0x92,0x52,0x3E,0xE7,0x9E,0xF7,0x7D,0xEF,0x7E,0xF7,0x7E,0xEF,
  0x7D,0xEF,0x7E,0xEF,0x7E,0xEF,0x7D,0xEF,0x7D,0xF7,0x9E,0xF7,0x9D,0xEF,0xFE,0xF7,0x92,0xF4,0x67,0xC1,0xBA,0xFE,0x17,0xF6,
  0x07,0xC9,0xB7,0xFD,0xCD,0xE2,0xAB,0xDA,0x9D,0xF7,0x3D,0xF7,0x9D,0xEF,0x9D,0xF7,0x96,0xFD,0x29,0xE2,0xA3,0xE0,0x83,0xE8,
  0xA3,0xE8,0x04,0xE1,0x05,0xE9,0xE4,0xF0,0x83,0xE8,0x62,0xE8,0x25,0xE1,0xCC,0xE2,0x15,0xF5,0xFC,0xFE,0xDF,0xF7,0xBF,0xEF,
  0x9E,0xEF,0x7D,0xEF,0x7D,0xEF,0x9E,0xF7,0x7E,0xEF,0x7E,0xF7,0xBF,0xF7,0x7C,0xCE,0xB1,0x31,0x72,0x31,0x92,0x31,0x91,0x29,
  0x92,0x29,0x92,0x29,0x92,0x29,0x92,0x29,0x92,0x31,0x92,0x29,0x51,0x29,0x52,0x42,0xDE,0xDE,0xFF,0xFF,0x1C,0xC6,0x6F,0x29,
  0x1B,0xBE,0xBE,0xF7,0x7E,0xEF,0x7D,0xEF,0x7D,0xEF,0x7E,0xF7,0x9D,0xEF,0x7D,0xEF,0x7D,0xEF,0x7D,0xEF,0x7D,0xEF,0x7D,0xEF,
  0x7D,0xEF,0x7D,0xEF,0x7D,0xEF,0x7D,0xEF,0x7D,0xEF,0x7D,0xEF,0x7D,0xEF,0x7D,0xEF,0x7D,0xEF,0x7D,0xEF,0x7D,0xEF,0x7D,0xEF,
  0x7D,0xEF,0x7D,0xEF,0x7D,0xEF,0x7D,0xEF,0x7D,0xEF,0x7D,0xEF,0x7D,0xEF,0x7D,0xEF,0x7D,0xEF,0x7D,0xEF,0x7D,0xEF,0x7D,0xEF,
  0x7D,0xEF,0x7D,0xEF,0x7D,0xEF,0x7D,0xEF,0x7D,0xEF,0x7D,0xEF,0x7D,0xEF,0x7D,0xEF,0x7D,0xEF,0x7D,0xEF,0x7D,0xEF,0x7D,0xEF,
  0x7D,0xEF,0x7D,0xEF,0x7D,0xEF,0x7D,0xEF,0x7D,0xEF,0x7D,0xEF,0x7D,0xEF,0x7D,0xEF,0x7D,0xEF,0x7D,0xEF,0x7D,0xEF,0x7D,0xEF,
  0x7D,0xEF,0x7D,0xEF,0x7D,0xEF,0x7D,0xEF,0x7D,0xEF,0x7D,0xEF,0x7D,0xF7,0x7D,0xEF,0x7E,0xEF,0x7E,0xEF,0x9E,0xF7,0x3F,0xE7,
  0xAF,0x31,0xD8,0x9C,0xDF,0xFF,0x9F,0xF7,0xD3,0x5A,0x30,0x21,0xB3,0x31,0x91,0x29,0x92,0x29,0x92,0x29,0x92,0x29,0x92,0x29,
  0x92,0x29,0xB2,0x29,0xB2,0x29,0x4F,0x21,0x9B,0xB5,0xBF,0xF7,0x9D,0xEF,0x9D,0xEF,0x9D,0xEF,0x9E,0xEF,0xDF,0xF7,0xDF,0xF7,
  0x3C,0xF7,0x75,0xED,0x0D,0xEB,0x67,0xE9,0x83,0xE0,0x82,0xE8,0xC3,0xF0,0xE4,0xE8,0x05,0xF1,0xC4,0xF0,0x62,0xE0,0xC4,0xE0,
  0xE8,0xE1,0xF0,0xEB,0x18,0xF6,0xBE,0xF7,0xFF,0xEF,0xFF,0xEF,0xFE,0xF7,0x7D,0xEF,0xDF,0xF7,0x75,0xFD,0x25,0xC1,0x15,0xF5,
  0xC7,0xD9,0xCF,0xD3,0xDB,0xFE,0xC8,0xB9,0x51,0xE4,0xDE,0xFF,0x7D,0xEF,0x7D,0xEF,0x7E,0xF7,0x7E,0xEF,0x9D,0xF7,0x7D,0xF7,
  0x7D,0xEF,0x7D,0xF7,0x7D,0xEF,0xBF,0xF7,0x77,0x8C,0x11,0x42,0x73,0x4A,0x53,0x4A,0x71,0x29,0x92,0x29,0x92,0x29,0x70,0x29,
  0x7A,0xAD,0xBF,0xF7,0x7D,0xEF,0x7D,0xF7,0x7E,0xF7,0x7D,0xEF,0xDF,0xF7,0x5C,0xC6,0x4E,0x21,0x92,0x29,0x72,0x29,0x92,0x29,
  0x92,0x29,0x92,0x29,0x30,0x21,0x54,0x63,0x9E,0xEF,0x7D,0xEF,0x7E,0xEF,0x9D,0xEF,0x7D,0xEF,0xBE,0xF7,0xDD,0xDE,0x12,0x42,
  0x71,0x29,0x92,0x29,0x92,0x29,0xB2,0x31,0xF3,0x39,0xD2,0x39,0x54,0x6B,0x1E,0xE7,0x9E,0xF7,0x7D,0xEF,0x7D,0xEF,0x9D,0xEF,
  0x9D,0xEF,0x9D,0xEF,0x7D,0xF7,0x7D,0xEF,0x7D,0xEF,0x5D,0xF7,0x9D,0xEF,0x7C,0xFF,0x29,0xD2,0x4E,0xE3,0xBE,0xFF,0xEB,0xCA,
  0xCC,0xCA,0x96,0xFD,0x66,0xB1,0xB7,0xFD,0xBF,0xEF,0x7F,0xEF,0xFF,0xF7,0xFF,0xEF,0xFF,0xF7,0x5B,0xF7,0x75,0xED,0x0D,0xE3,
  0x46,0xE1,0x83,0xE8,0x63,0xF0,0xA3,0xF0,0x04,0xE9,0x05,0xE9,0xC4,0xE8,0x63,0xE8,0xA3,0xE8,0xC7,0xE1,0xEF,0xEB,0x17,0xF6,
  0x5D,0xFF,0xBF,0xF7,0xBE,0xEF,0x9D,0xEF,0x5D,0xEF,0x5E,0xF7,0x9D,0xF7,0x3D,0xDF,0x92,0x42,0x72,0x29,0x92,0x31,0x72,0x31,
  0x92,0x31,0x92,0x29,0x92,0x29,0x92,0x29,0x92,0x31,0x92,0x29,0x92,0x29,0xB1,0x31,0xFC,0xBD,0xFF,0xFF,0xDE,0xDE,0xD0,0x39,
  0x18,0x9D,0xDF,0xFF,0x7E,0xEF,0x7D,0xEF,0x7D,0xEF,0x7D,0xF7,0x9D,0xEF,0x7D,0xEF,0x7D,0xEF,0x7D,0xEF,0x7D,0xEF,0x7D,0xEF,
  0x7D,0xEF,0x7D,0xEF,0x7D,0xEF,0x7D,0xEF,0x7D,0xEF,0x7D,0xEF,0x7D,0xEF,0x7D,0xEF,0x7D,0xEF,0x7D,0xEF,0x7D,0xEF,0x7D,0xEF,
  0x7D,0xEF,0x7D,0xEF,0x7D,0xEF,0x7D,0xEF,0x7D,0xEF,0x7D,0xEF,0x7D,0xEF,0x7D,0xEF,0x7D,0xEF,0x7D,0xEF,0x7D,0xEF,0x7D,0xEF,
  0x7D,0xEF,0x7D,0xEF,0x7D,0xEF,0x7D,0xEF,0x7D,0xEF,0x7D,0xEF,0x7D,0xEF,0x7D,0xEF,0x7D,0xEF,0x7D,0xEF,0x7D,0xEF,0x7D,0xEF,
  0x7D,0xEF,0x7D,0xEF,0x7D,0xEF,0x7D,0xEF,0x7D,0xEF,0x7D,0xEF,0x7D,0xEF,0x7D,0xEF,0x7D,0xEF,0x7D,0xEF,0x7D,0xEF,0x7D,0xEF,
  0x7D,0xEF,0x7D,0xEF,0x7D,0xEF,0x7D,0xEF,0x7E,0xEF,0x7E,0xEF,0x7D,0xF7,0x7D,0xF7,0x7E,0xEF,0x7E,0xEF,0xBF,0xF7,0x9D,0xCE,
  0x6F,0x29,0xDB,0xBD,0xDF,0xFF,0x1F,0xE7,0x52,0x4A,0x51,0x29,0x92,0x29,0x92,0x29,0x92,0x29,0x92,0x29,0x92,0x29,0x91,0x29,
  0x92,0x29,0x92,0x29,0xB2,0x31,0x6F,0x31,0x5C,0xCE,0xBF,0xF7,0x9D,0xEF,0x7D,0xEF,0xDF,0xFF,0x7D,0xF7,0x39,0xF6,0xD0,0xF3,
  0xE8,0xE9,0xC4,0xE0,0xA2,0xE0,0xC3,0xE8,0xE4,0xE8,0x05,0xE9,0xE5,0xE8,0x83,0xE8,0x63,0xE8,0x46,0xE9,0xEC,0xEA,0x14,0xF5,
  0x3C,0xF7,0xFF,0xF7,0xFF,0xEF,0xBB,0xF6,0x14,0xE5,0x10,0xDC,0x14,0xF5,0x5D,0xFF,0x9D,0xEF,0x5C,0xFF,0xCC,0xCA,0xAC,0xE2,
  0x50,0xF4,0xC7,0xC1,0xBA,0xFE,0xF0,0xDB,0xC8,0xD1,0x1C,0xFF,0x9E,0xF7,0x7D,0xEF,0x9E,0xEF,0x7E,0xEF,0x7D,0xEF,0x7D,0xEF,
  0x9D,0xEF,0x7D,0xEF,0x5D,0xEF,0x9E,0xF7,0x5D,0xE7,0x1D,0xDF,0x5E,0xE7,0xFC,0xBD,0x11,0x3A,0x72,0x29,0x92,0x31,0x30,0x29,
  0x57,0x8C,0xDF,0xF7,0x7D,0xEF,0x7E,0xF7,0x7E,0xF7,0x7D,0xEF,0xDE,0xF7,0x3C,0xC6,0x4E,0x21,0x92,0x31,0x92,0x31,0x92,0x29,
  0x92,0x29,0xB2,0x31,0x30,0x21,0xB5,0x73,0xBF,0xF7,0x7D,0xEF,0x7E,0xEF,0x9D,0xEF,0x7D,0xEF,0xBF,0xF7,0x1C,0xC6,0x70,0x29,
  0xB2,0x31,0xB2,0x31,0x70,0x29,0x77,0x8C,0xDC,0xD6,0xBC,0xD6,0x1D,0xE7,0x7D,0xEF,0x7D,0xEF,0x7D,0xEF,0x9D,0xEF,0x7E,0xEF,
  0x7D,0xEF,0x7D,0xF7,0x7D,0xF7,0x9D,0xEF,0x9D,0xEF,0x7E,0xEF,0x9F,0xFF,0x96,0xF5,0x86,0xB9,0xF7,0xFD,0x59,0xFE,0x46,0xC9,
  0x34,0xED,0x0C,0xEB,0xEC,0xCA,0x7D,0xFF,0x7E,0xF7,0xDB,0xF6,0xD3,0xEC,0x52,0xEC,0x55,0xED,0x3C,0xF7,0xFF,0xF7,0xDF,0xF7,
  0x5A,0xF6,0x72,0xEC,0x6A,0xDA,0xE5,0xE0,0x43,0xE8,0xA4,0xE8,0xE5,0xE8,0x05,0xE9,0xE4,0xE8,0x83,0xE8,0x63,0xE8,0xC5,0xE0,
  0x8A,0xE2,0xB2,0xEC,0xB9,0xF6,0xDD,0xF7,0xDE,0xEF,0x9E,0xEF,0x7D,0xF7,0x9F,0xF7,0x54,0x63,0x30,0x21,0x92,0x29,0x92,0x29,
  0x91,0x31,0x92,0x29,0x92,0x29,0x92,0x29,0x92,0x31,0x92,0x29,0xB2,0x31,0x31,0x29,0x39,0xAD,0xFE,0xFF,0x3F,0xE7,0x72,0x4A,
  0x14,0x84,0xFF,0xFF,0x5E,0xEF,0x7D,0xEF,0x7D,0xEF,0x7D,0xF7,0x7E,0xEF,0x7E,0xEF,0x7D,0xEF,0x7D,0xEF,0x7D,0xEF,0x7D,0xEF,
  0x7D,0xEF,0x7D,0xEF,0x7D,0xEF,0x7D,0xEF,0x7D,0xEF,0x7D,0xEF,0x7D,0xEF,0x7D,0xEF,0x7D,0xEF,0x7D,0xEF,0x7D,0xEF,0x7D,0xEF,
  0x7D,0xEF,0x7D,0xEF,0x7D,0xEF,0x7D,0xEF,0x7D,0xEF,0x7D,0xEF,0x7D,0xEF,0x7D,0xEF,0x7D,0xEF,0x7D,0xEF,0x7D,0xEF,0x7D,0xEF,
  0x7D,0xEF,0x7D,0xEF,0x7D,0xEF,0x7D,0xEF,0x7D,0xEF,0x7D,0xEF,0x7D,0xEF,0x7D,0xEF,0x7D,0xEF,0x7D,0xEF,0x7D,0xEF,0x7D,0xEF,
  0x7D,0xEF,0x7D,0xEF,0x7D,0xEF,0x7D,0xEF,0x7D,0xEF,0x7D,0xEF,0x7D,0xEF,0x7D,0xEF,0x7D,0xEF,0x7D,0xEF,0x7D,0xEF,0x7D,0xEF,
  0x7D,0xEF,0x7D,0xEF,0x7D,0xEF,0x7D,0xEF,0x7E,0xEF,0x7E,0xEF,0x7D,0xF7,0x7D,0xF7,0x7E,0xEF,0x7E,0xEF,0xDF,0xFF,0xDA,0xB5,
  0x8F,0x31,0x5C,0xCE,0xFE,0xFF,0x5C,0xCE,0x12,0x42,0x72,0x29,0x92,0x29,0x92,0x29,0x92,0x29,0x92,0x29,0x92,0x29,0x91,0x29,
  0x92,0x29,0x92,0x31,0x71,0x29,0x10,0x42,0xFD,0xDE,0xBF,0xF7,0x9D,0xEF,0x5C,0xFF,0x55,0xED,0xCB,0xE2,0x04,0xE9,0xA3,0xE8,
  0xA4,0xE8,0xC4,0xE8,0xE5,0xE8,0xE5,0xE8,0xA3,0xE8,0x83,0xE8,0xC4,0xE0,0x29,0xE2,0x31,0xEC,0x9A,0xF6,0xDF,0xF7,0xFF,0xEF,
  0x7D,0xEF,0x96,0xF5,0x2E,0xEB,0x67,0xE9,0x83,0xE0,0x83,0xE8,0xA4,0xD8,0x73,0xE4,0x9E,0xFF,0x9E,0xF7,0xD7,0xFD,0x25,0xD1,
  0x34,0xF5,0xA7,0xD9,0x51,0xE4,0x39,0xFE,0x26,0xC9,0x76,0xF5,0xBF,0xFF,0x7C,0xEF,0x9D,0xEF,0x9E,0xEF,0x7E,0xEF,0x7E,0xEF,
  0x7D,0xEF,0x7E,0xEF,0x7E,0xF7,0x7D,0xEF,0x9D,0xF7,0x9D,0xF7,0xBD,0xF7,0x5E,0xE7,0x92,0x4A,0x52,0x29,0x93,0x31,0x30,0x21,
  0x13,0x63,0x9F,0xEF,0x7D,0xEF,0x9E,0xF7,0x7E,0xEF,0x7C,0xEF,0xDF,0xF7,0x5C,0xC6,0x6F,0x29,0x92,0x29,0x92,0x29,0x92,0x29,
  0x72,0x29,0x92,0x31,0x30,0x21,0xF6,0x7B,0xFF,0xFF,0x7D,0xEF,0x7E,0xEF,0x7E,0xEF,0x7D,0xEF,0xDF,0xFF,0xD8,0x9C,0x10,0x21,
  0x92,0x31,0x92,0x29,0x70,0x31,0x1C,0xC6,0xFF,0xFF,0xBD,0xF7,0x9D,0xF7,0x7D,0xF7,0x7E,0xF7,0x7D,0xEF,0x9D,0xEF,0x7D,0xEF,
  0x7D,0xF7,0x7E,0xF7,0x9E,0xEF,0x9D,0xEF,0x7D,0xF7,0x7D,0xEF,0x9F,0xFF,0x2E,0xEB,0x6A,0xC2,0x5C,0xFF,0xCF,0xDB,0x09,0xD2,
  0x96,0xFD,0x45,0xC1,0x76,0xFD,0xDF,0xF7,0xDB,0xFE,0xCB,0xE2,0x64,0xE0,0x84,0xF0,0xA4,0xE8,0xC7,0xE9,0xCF,0xF3,0x18,0xF6,
  0xDE,0xEF,0xFF,0xEF,0x9E,0xF7,0xD7,0xF5,0x8E,0xEB,0xA7,0xE9,0xC4,0xE0,0x83,0xE8,0xC4,0xF0,0x04,0xE9,0x04,0xE9,0xE4,0xE8,
  0x82,0xE8,0xA3,0xE8,0x86,0xE1,0x6D,0xE3,0xF7,0xFD,0x9E,0xF7,0x7D,0xE7,0xDF,0xFF,0xF6,0x83,0x10,0x21,0xB2,0x29,0x91,0x29,
  0x91,0x29,0x92,0x29,0x92,0x29,0x92,0x29,0x92,0x29,0x71,0x29,0xB2,0x31,0x10,0x21,0xB8,0x94,0xDF,0xFF,0x9F,0xF7,0xD3,0x5A,
  0x52,0x6B,0xDF,0xFF,0x5D,0xEF,0x7D,0xEF,0x7D,0xEF,0x7D,0xF7,0x7E,0xEF,0x7E,0xEF,0x7D,0xEF,0x7D,0xEF,0x7D,0xEF,0x7D,0xEF,
  0x7D,0xEF,0x7D,0xEF,0x7D,0xEF,0x7D,0xEF,0x7D,0xEF,0x7D,0xEF,0x7D,0xEF,0x7D,0xEF,0x7D,0xEF,0x7D,0xEF,0x7D,0xEF,0x7D,0xEF,
  0x7D,0xEF,0x7D,0xEF,0x7D,0xEF,0x7D,0xEF,0x7D,0xEF,0x7D,0xEF,0x7D,0xEF,0x7D,0xEF,0x7D,0xEF,0x7D,0xEF,0x7D,0xEF,0x7D,0xEF,
  0x7D,0xEF,0x7D,0xEF,0x7D,0xEF,0x7D,0xEF,0x7D,0xEF,0x7D,0xEF,0x7D,0xEF,0x7D,0xEF,0x7D,0xEF,0x7D,0xEF,0x7D,0xEF,0x7D,0xEF,
  0x7D,0xEF,0x7D,0xEF,0x7D,0xEF,0x7D,0xEF,0x7D,0xEF,0x7D,0xEF,0x7D,0xEF,0x7D,0xEF,0x7D,0xEF,0x7D,0xEF,0x7D,0xEF,0x7D,0xEF,
  0x7D,0xEF,0x7D,0xEF,0x7D,0xEF,0x7D,0xEF,0x7D,0xEF,0x7D,0xEF,0x7D,0xF7,0x9D,0xEF,0x7E,0xEF,0x7D,0xEF,0xDF,0xFF,0x18,0x9D,
  0x10,0x42,0xBD,0xD6,0xFE,0xFF,0xFB,0xBD,0xB1,0x31,0x92,0x29,0x92,0x29,0x92,0x29,0x92,0x29,0x92,0x29,0x92,0x29,0x91,0x29,
  0xB2,0x29,0xB1,0x31,0x31,0x21,0xF3,0x5A,0x7E,0xEF,0x9E,0xEF,0x7D,0xFF,0x71,0xEC,0xA3,0xD0,0x83,0xE8,0xC4,0xE8,0xE4,0xE8,
  0x25,0xE9,0xE4,0xE8,0x83,0xE8,0x83,0xE8,0x67,0xE9,0x4E,0xEB,0x96,0xED,0x3D,0xF7,0xFF,0xFF,0xDE,0xFF,0x38,0xEE,0xF0,0xEB,
  0xE8,0xE9,0xA4,0xE8,0x62,0xE8,0xC4,0xF0,0xE4,0xF0,0x04,0xF1,0xA3,0xE8,0x4A,0xCA,0x3D,0xFF,0x9E,0xEF,0x7D,0xFF,0xEC,0xD2,
  0xCB,0xD2,0xAF,0xF3,0xE8,0xB9,0xBB,0xFE,0xCB,0xC2,0x0D,0xDB,0x9E,0xFF,0x7D,0xEF,0x7D,0xF7,0x7E,0xEF,0x7E,0xEF,0x7D,0xF7,
  0x7D,0xEF,0x7E,0xEF,0x7E,0xEF,0x7D,0xEF,0x7D,0xEF,0x7E,0xF7,0x5D,0xEF,0xDF,0xF7,0xD6,0x7B,0x30,0x21,0xB2,0x31,0x92,0x29,
  0xD0,0x31,0x3C,0xC6,0xBE,0xF7,0x7D,0xEF,0x7E,0xEF,0x9D,0xEF,0x9E,0xF7,0xBD,0xD6,0xB0,0x31,0x72,0x29,0x92,0x31,0x92,0x31,
  0x72,0x29,0x92,0x29,0x10,0x19,0xF6,0x7B,0xFF,0xFF,0x5D,0xEF,0x9E,0xF7,0x7E,0xF7,0x7D,0xF7,0x7F,0xEF,0x92,0x52,0x51,0x29,
  0xB2,0x31,0x71,0x29,0x51,0x42,0x1E,0xDF,0x9E,0xEF,0x5D,0xEF,0x7E,0xF7,0x7E,0xF7,0x7D,0xF7,0x7E,0xEF,0x7E,0xEF,0x7D,0xEF,
  0x7D,0xF7,0x7E,0xEF,0x9E,0xEF,0x9D,0xEF,0x7D,0xF7,0x9D,0xF7,0xBA,0xF6,0x66,0xC9,0xB3,0xF4,0xDB,0xFE,0xA6,0xB9,0xB1,0xEC,
  0xCC,0xE2,0xCB,0xCA,0x3D,0xFF,0x9E,0xEF,0x59,0xFE,0x45,0xD1,0xE4,0xE8,0x05,0xE9,0xC4,0xF0,0xA3,0xF0,0x82,0xE0,0x25,0xE1,
  0x6A,0xE2,0x92,0xEC,0xDA,0xF6,0xFF,0xF7,0xFF,0xFF,0xFB,0xF6,0xF4,0xEC,0xAB,0xE2,0x25,0xE9,0x63,0xE8,0x63,0xE8,0xC4,0xF0,
  0xE5,0xF0,0xE5,0xE8,0xC4,0xE8,0x42,0xE0,0x26,0xD9,0x96,0xF5,0x9D,0xF7,0xDF,0xFF,0xB8,0x94,0x50,0x21,0xB2,0x29,0x91,0x29,
  0x92,0x29,0x92,0x29,0x92,0x29,0x92,0x29,0x92,0x29,0x92,0x31,0xB3,0x31,0x31,0x21,0x16,0x84,0x9F,0xF7,0xDF,0xFF,0x74,0x6B,
  0xB2,0x52,0x9F,0xEF,0x9E,0xEF,0x7E,0xEF,0x9D,0xEF,0x7D,0xEF,0x7D,0xF7,0x7D,0xEF,0x7D,0xEF,0x7D,0xEF,0x7D,0xEF,0x7D,0xEF,
  0x7D,0xEF,0x7D,0xEF,0x7D,0xEF,0x7D,0xEF,0x7D,0xEF,0x7D,0xEF,0x7D,0xEF,0x7D,0xEF,0x7D,0xEF,0x7D,0xEF,0x7D,0xEF,0x7D,0xEF,
  0x7D,0xEF,0x7D,0xEF,0x7D,0xEF,0x7D,0xEF,0x7D,0xEF,0x7D,0xEF,0x7D,0xEF,0x7D,0xEF,0x7D,0xEF,0x7D,0xEF,0x7D,0xEF,0x7D,0xEF,
  0x7D,0xEF,0x7D,0xEF,0x7D,0xEF,0x7D,0xEF,0x7D,0xEF,0x7D,0xEF,0x7D,0xEF,0x7D,0xEF,0x7D,0xEF,0x7D,0xEF,0x7D,0xEF,0x7D,0xEF,
  0x7D,0xEF,0x7D,0xEF,0x7D,0xEF,0x7D,0xEF,0x7D,0xEF,0x7D,0xEF,0x7D,0xEF,0x7D,0xEF,0x7D,0xEF,0x7D,0xEF,0x7D,0xEF,0x7D,0xEF,
  0x7D,0xEF,0x7D,0xEF,0x7D,0xEF,0x7D,0xEF,0x7D,0xEF,0x7D,0xEF,0x7D,0xF7,0x9D,0xEF,0x9E,0xEF,0x7D,0xEF,0xDF,0xFF,0x56,0x8C,
  0x51,0x4A,0x1F,0xE7,0xFF,0xFF,0x7A,0xAD,0x50,0x21,0xB3,0x31,0x91,0x29,0x92,0x29,0x92,0x29,0x92,0x29,0x92,0x29,0x92,0x31,
  0x92,0x29,0x92,0x31,0x30,0x21,0x75,0x6B,0x9F,0xFF,0x7C,0xEF,0xDB,0xFE,0xA8,0xD9,0xA4,0xE8,0x04,0xE9,0xC5,0xE8,0xA3,0xF0,
  0x42,0xE8,0xE4,0xE8,0x8A,0xEA,0xB3,0xF4,0xBA,0xF6,0xFF,0xFF,0xFF,0xF7,0xFB,0xF6,0xD3,0xE4,0xCB,0xE2,0x45,0xE9,0x62,0xE0,
  0xA2,0xE8,0xE4,0xF0,0x05,0xF1,0xE4,0xE8,0xC4,0xE8,0xC4,0xF0,0x82,0xD8,0x6E,0xDB,0x5C,0xFF,0x9C,0xEF,0xBE,0xF7,0xF8,0xF5,
  0x25,0xD1,0x51,0xFC,0xC7,0xC9,0x72,0xF4,0x55,0xF5,0x46,0xC1,0x59,0xF6,0xBF,0xF7,0x5D,0xF7,0x7D,0xF7,0x9E,0xE7,0x7D,0xF7,
  0x7D,0xEF,0x7D,0xEF,0x7E,0xEF,0x7D,0xEF,0x9D,0xF7,0x7E,0xEF,0x7D,0xEF,0xDF,0xF7,0xBB,0xB5,0x4F,0x29,0x92,0x29,0xB3,0x31,
  0x10,0x21,0xB6,0x73,0xBF,0xF7,0x7D,0xEF,0x7E,0xEF,0x7D,0xEF,0xBE,0xF7,0xBD,0xD6,0xF1,0x39,0x92,0x29,0x92,0x29,0x72,0x29,
  0x92,0x29,0xB2,0x29,0x30,0x21,0x36,0x84,0xFF,0xFF,0x5C,0xEF,0x9D,0xF7,0x3C,0xE7,0xFF,0xFF,0x39,0xA5,0x30,0x21,0xB3,0x31,
  0xB1,0x29,0x71,0x21,0xF6,0x7B,0xDF,0xF7,0x7D,0xEF,0x7D,0xF7,0x7E,0xF7,0x7E,0xF7,0x7D,0xEF,0x7D,0xEF,0x7E,0xEF,0x7E,0xEF,
  0x7D,0xF7,0x9E,0xEF,0x7D,0xF7,0x7E,0xF7,0x7E,0xE7,0xDE,0xFF,0x51,0xE4,0x87,0xB9,0xFC,0xFE,0x32,0xE4,0xA7,0xD9,0x34,0xFD,
  0x87,0xC9,0x75,0xF5,0xDE,0xF7,0xBE,0xEF,0x9A,0xFE,0xEA,0xD9,0x42,0xE8,0xE3,0xF0,0x04,0xE9,0xE5,0xE8,0x05,0xE9,0xC4,0xE8,
  0x83,0xE8,0x83,0xE8,0x46,0xE1,0x2D,0xEB,0x76,0xED,0x5E,0xEF,0xFF,0xF7,0xFE,0xEF,0x38,0xEE,0x10,0xEC,0xE9,0xE9,0xA4,0xE0,
  0xA3,0xE8,0xC3,0xE8,0x03,0xE1,0x45,0xF1,0x83,0xD0,0x6F,0xE3,0x5D,0xFF,0xBF,0xFF,0x9A,0xAD,0x90,0x29,0x72,0x29,0x92,0x31,
  0x92,0x29,0x92,0x29,0x92,0x29,0x92,0x29,0x92,0x29,0x92,0x31,0xB2,0x31,0x31,0x21,0x75,0x6B,0x5E,0xEF,0xFF,0xFF,0x36,0x84,
  0x51,0x4A,0x3F,0xE7,0x9E,0xF7,0x7E,0xEF,0x7D,0xEF,0x7D,0xEF,0x7D,0xF7,0x7D,0xEF,0x7D,0xEF,0x7D,0xEF,0x7D,0xEF,0x7D,0xEF,
  0x7D,0xEF,0x7D,0xEF,0x7D,0xEF,0x7D,0xEF,0x7D,0xEF,0x7D,0xEF,0x7D,0xEF,0x7D,0xEF,0x7D,0xEF,0x7D,0xEF,0x7D,0xEF,0x7D,0xEF,
  0x7D,0xEF,0x7D,0xEF,0x7D,0xEF,0x7D,0xEF,0x7D,0xEF,0x7D,0xEF,0x7D,0xEF,0x7D,0xEF,0x7D,0xEF,0x7D,0xEF,0x7D,0xEF,0x7D,0xEF,
  0x7D,0xEF,0x7D,0xEF,0x7D,0xEF,0x7D,0xEF,0x7D,0xEF,0x7D,0xEF,0x7D,0xEF,0x7D,0xEF,0x7D,0xEF,0x7D,0xEF,0x7D,0xEF,0x7D,0xEF,
  0x7D,0xEF,0x7D,0xEF,0x7D,0xEF,0x7D,0xEF,0x7D,0xEF,0x7D,0xEF,0x7D,0xEF,0x7D,0xEF,0x7D,0xEF,0x7D,0xEF,0x7D,0xEF,0x7D,0xEF,
  0x7D,0xEF,0x7D,0xEF,0x7D,0xEF,0x7D,0xEF,0x7D,0xEF,0x7D,0xEF,0x7D,0xF7,0x9D,0xEF,0x9D,0xEF,0x7D,0xEF,0xFF,0xFF,0xD4,0x7B,
  0x91,0x52,0x7F,0xEF,0xDF,0xFF,0xF8,0x9C,0x0F,0x21,0xB3,0x31,0x91,0x29,0x92,0x29,0x92,0x29,0x92,0x29,0x92,0x29,0x92,0x31,
  0x91,0x29,0xB2,0x31,0x50,0x19,0x37,0x84,0xBF,0xFF,0x7D,0xE7,0x5D,0xFF,0x8C,0xE2,0x43,0xE0,0x63,0xE8,0xA3,0xE8,0xA7,0xE1,
  0xCF,0xEB,0x18,0xF6,0xBE,0xEF,0xFF,0xEF,0x7D,0xEF,0xB6,0xF5,0x4E,0xEB,0x66,0xE1,0x83,0xE8,0x83,0xF0,0xA3,0xF0,0x05,0xE9,
  0x05,0xE9,0xE5,0xE8,0xC4,0xF0,0xA3,0xE8,0x83,0xE0,0xC4,0xE0,0xCB,0xE2,0x59,0xFE,0x9E,0xF7,0x7D,0xF7,0x7E,0xEF,0x9E,0xFF,
  0xCB,0xE2,0x8A,0xCA,0x4E,0xF3,0xC8,0xC9,0x79,0xFE,0xE8,0xC9,0x30,0xDC,0x9F,0xFF,0x5D,0xF7,0x7D,0xF7,0x9E,0xEF,0x7D,0xF7,
  0x7D,0xF7,0x7D,0xEF,0x7D,0xEF,0x7E,0xEF,0x7D,0xEF,0x7E,0xEF,0x9E,0xF7,0x7D,0xEF,0x1E,0xE7,0x92,0x52,0x52,0x29,0x92,0x31,
  0x71,0x29,0x70,0x29,0x9B,0xAD,0xFF,0xF7,0x7C,0xEF,0x7D,0xEF,0x9F,0xF7,0x9D,0xD6,0xF1,0x39,0x72,0x29,0x92,0x29,0x92,0x29,
  0x92,0x29,0xB2,0x31,0x50,0x21,0x97,0x8C,0xDF,0xFF,0x5D,0xEF,0x5D,0xEF,0xBE,0xF7,0xFE,0xDE,0x51,0x42,0x71,0x21,0x92,0x29,
  0xB2,0x31,0x70,0x29,0x1C,0xBE,0xDE,0xFF,0x5C,0xEF,0x9E,0xF7,0x7E,0xF7,0x9E,0xF7,0x7D,0xEF,0x9D,0xEF,0x7E,0xEF,0x7D,0xF7,
  0x7D,0xF7,0x9D,0xEF,0x7D,0xF7,0x7D,0xF7,0xBE,0xEF,0x1B,0xFF,0x09,0xDA,0xAF,0xD3,0xFC,0xFE,0xC7,0xB1,0xF0,0xF3,0x0D,0xDB,
  0xCB,0xCA,0x7D,0xFF,0x5D,0xF7,0x7D,0xEF,0x9E,0xFF,0xF5,0xF4,0xC7,0xD9,0xA3,0xE0,0x82,0xE8,0xC4,0xE8,0xE5,0xF0,0xC5,0xE8,
  0xE5,0xE8,0xC4,0xF0,0xA3,0xE8,0x83,0xE8,0xC4,0xE0,0xE9,0xE1,0xF0,0xEB,0x19,0xF6,0xFF,0xEF,0xFF,0xEF,0x5D,0xF7,0x55,0xED,
  0xEC,0xEA,0x25,0xE9,0x83,0xE8,0x62,0xF0,0xA3,0xD0,0x72,0xEC,0x9D,0xFF,0x9E,0xEF,0x5D,0xCE,0xB0,0x39,0x52,0x29,0xB2,0x29,
  0x92,0x29,0x92,0x29,0x92,0x29,0x92,0x29,0x92,0x29,0x92,0x29,0x92,0x29,0x71,0x29,0xF3,0x5A,0x5E,0xEF,0xFF,0xFF,0xD8,0x9C,
  0x10,0x42,0xFE,0xDE,0x9E,0xF7,0x7D,0xEF,0x7D,0xEF,0x7D,0xEF,0x7E,0xF7,0x7D,0xEF,0x7D,0xEF,0x7D,0xEF,0x7D,0xEF,0x7D,0xEF,
  0x7D,0xEF,0x7D,0xEF,0x7D,0xEF,0x7D,0xEF,0x7D,0xEF,0x7D,0xEF,0x7D,0xEF,0x7D,0xEF,0x7D,0xEF,0x7D,0xEF,0x7D,0xEF,0x7D,0xEF,
  0x7D,0xEF,0x7D,0xEF,0x7D,0xEF,0x7D,0xEF,0x7D,0xEF,0x7D,0xEF,0x7D,0xEF,0x7D,0xEF,0x7D,0xEF,0x7D,0xEF,0x7D,0xEF,0x7D,0xEF,
  0x7D,0xEF,0x7D,0xEF,0x7D,0xEF,0x7D,0xEF,0x7D,0xEF,0x7D,0xEF,0x7D,0xEF,0x7D,0xEF,0x7D,0xEF,0x7D,0xEF,0x7D,0xEF,0x7D,0xEF,
  0x7D,0xEF,0x7D,0xEF,0x7D,0xEF,0x7D,0xEF,0x7D,0xEF,0x7D,0xEF,0x7D,0xEF,0x7D,0xEF,0x7D,0xEF,0x7D,0xEF,0x7D,0xEF,0x7D,0xEF,
  0x7D,0xEF,0x7D,0xEF,0x7D,0xEF,0x7D,0xEF,0x7D,0xEF,0x7D,0xEF,0x7D,0xF7,0x9D,0xEF,0x9D,0xEF,0x7D,0xEF,0xDF,0xFF,0x33,0x63,
  0x13,0x5B,0xBF,0xF7,0xBE,0xF7,0x97,0x94,0x30,0x21,0xB3,0x29,0x92,0x29,0x92,0x29,0x92,0x29,0x92,0x29,0x92,0x29,0x92,0x29,
  0x92,0x29,0xB2,0x31,0x30,0x21,0x98,0x8C,0xFF,0xFF,0x5D,0xEF,0xBE,0xF7,0x59,0xFE,0xCF,0xE3,0x8F,0xE3,0x35,0xF5,0xFB,0xF6,
  0xFF,0xF7,0xFF,0xEF,0x7A,0xEE,0x32,0xF4,0x0A,0xEA,0xC4,0xE8,0x63,0xE8,0xA3,0xE8,0xE4,0xE8,0x05,0xE9,0xE4,0xE8,0xE4,0xE8,
  0xA3,0xF0,0x83,0xE8,0xA3,0xE0,0x87,0xE1,0x2D,0xEB,0xB6,0xED,0x7C,0xF7,0xFF,0xFF,0x7E,0xEF,0x7D,0xEF,0x9D,0xF7,0x9D,0xF7,
  0x17,0xF6,0x45,0xC1,0xAF,0xFB,0xA7,0xB9,0xD3,0xF4,0x52,0xDC,0xC8,0xC9,0xFB,0xFE,0xBE,0xEF,0x7D,0xEF,0x7D,0xEF,0x7D,0xEF,
  0x7E,0xF7,0x7D,0xF7,0x7E,0xEF,0x7E,0xEF,0x9D,0xEF,0x7D,0xEF,0x7D,0xEF,0x7D,0xEF,0xDF,0xFF,0x19,0x9D,0x30,0x21,0x92,0x31,
  0xB2,0x31,0x71,0x29,0x11,0x3A,0x7D,0xCE,0xDE,0xFF,0x5C,0xEF,0xBF,0xF7,0xBD,0xD6,0x11,0x3A,0x72,0x29,0xB2,0x31,0x92,0x31,
  0x91,0x29,0xB2,0x29,0x50,0x21,0xB8,0x94,0xDF,0xFF,0x3D,0xE7,0xBE,0xF7,0x7F,0xEF,0x34,0x63,0x30,0x21,0x92,0x29,0xB2,0x31,
  0x30,0x21,0x74,0x6B,0x9F,0xF7,0x7D,0xF7,0x7D,0xF7,0x7D,0xF7,0x7E,0xEF,0x9D,0xEF,0x9E,0xEF,0x9E,0xEF,0x7E,0xEF,0x7D,0xEF,
  0x9D,0xEF,0x7D,0xF7,0x9D,0xF7,0x7D,0xEF,0x9E,0xFF,0x76,0xED,0x25,0xD1,0x59,0xFE,0xB2,0xF4,0xE7,0xC9,0xB2,0xFC,0x87,0xC9,
  0x96,0xED,0x9E,0xF7,0x7D,0xF7,0x5D,0xEF,0xBE,0xEF,0xDE,0xF7,0xFB,0xF6,0xF4,0xEC,0xAC,0xEA,0xE5,0xE8,0x62,0xE8,0xC3,0xE8,
  0xE3,0xE0,0xE4,0xE8,0xE5,0xE8,0xE5,0xE8,0xE4,0xF0,0xA3,0xF0,0x83,0xE0,0x26,0xE1,0x6C,0xEA,0xD4,0xF4,0xFB,0xEE,0xFF,0xF7,
  0xFF,0xF7,0x7A,0xF6,0x73,0xEC,0x2E,0xE3,0x92,0xE4,0x1C,0xFF,0x9E,0xEF,0x9E,0xF7,0xDE,0xDE,0xEF,0x31,0x71,0x29,0x92,0x29,
  0x92,0x29,0x92,0x29,0x92,0x29,0x92,0x29,0x92,0x29,0x92,0x31,0x92,0x29,0x91,0x29,0x51,0x4A,0x3E,0xEF,0xDF,0xFF,0x79,0xAD,
  0xD0,0x39,0xBD,0xD6,0xBE,0xF7,0x7D,0xEF,0x7E,0xEF,0x7D,0xEF,0x7E,0xF7,0x7E,0xEF,0x7D,0xEF,0x7D,0xEF,0x7D,0xEF,0x7D,0xEF,
  0x7D,0xEF,0x7D,0xEF,0x7D,0xEF,0x7D,0xEF,0x7D,0xEF,0x7D,0xEF,0x7D,0xEF,0x7D,0xEF,0x7D,0xEF,0x7D,0xEF,0x7D,0xEF,0x7D,0xEF,
  0x7D,0xEF,0x7D,0xEF,0x7D,0xEF,0x7D,0xEF,0x7D,0xEF,0x7D,0xEF,0x7D,0xEF,0x7D,0xEF,0x7D,0xEF,0x7D,0xEF,0x7D,0xEF,0x7D,0xEF,
  0x7D,0xEF,0x7D,0xEF,0x7D,0xEF,0x7D,0xEF,0x7D,0xEF,0x7D,0xEF,0x7D,0xEF,0x7D,0xEF,0x7D,0xEF,0x7D,0xEF,0x7D,0xEF,0x7D,0xEF,
  0x7D,0xEF,0x7D,0xEF,0x7D,0xEF,0x7D,0xEF,0x7D,0xEF,0x7D,0xEF,0x7D,0xEF,0x7D,0xEF,0x7D,0xEF,0x7D,0xEF,0x7D,0xEF,0x7D,0xEF,
  0x7D,0xEF,0x7D,0xEF,0x7D,0xEF,0x7D,0xEF,0x7D,0xEF,0x7D,0xEF,0x7D,0xEF,0x7D,0xEF,0x7D,0xEF,0x7D,0xEF,0x9F,0xF7,0xF3,0x5A,
  0x73,0x6B,0xFF,0xFF,0xBF,0xF7,0x16,0x84,0x31,0x21,0xB3,0x31,0xB2,0x31,0x92,0x29,0x92,0x29,0x92,0x29,0x92,0x29,0x72,0x29,
  0x72,0x31,0x92,0x31,0x50,0x29,0x39,0x9D,0xFF,0xF7,0x7D,0xEF,0x7E,0xF7,0xBE,0xEF,0xFE,0xF7,0xFF,0xEF,0xFF,0xEF,0x3C,0xF7,
  0x15,0xF5,0xCC,0xE2,0x26,0xE1,0x83,0xE0,0x83,0xE8,0xE4,0xE8,0x04,0xE9,0xE4,0xE8,0xE5,0xF0,0xA3,0xF0,0xA3,0xE8,0x83,0xE0,
  0xE5,0xE0,0x8B,0xEA,0xF4,0xF4,0xFB,0xF6,0xFF,0xFF,0xDF,0xF7,0xFB,0xEE,0x38,0xEE,0xDB,0xF6,0xBE,0xF7,0x9D,0xEF,0x7D,0xEF,
  0x9D,0xFF,0x2D,0xEB,0x8A,0xD2,0x4D,0xEB,0x29,0xD2,0x18,0xFE,0x26,0xD1,0x14,0xED,0xBF,0xFF,0x7E,0xEF,0x9D,0xF7,0x5E,0xF7,
  0x7D,0xF7,0x9E,0xEF,0x7E,0xEF,0x9D,0xEF,0x9D,0xF7,0x7E,0xEF,0x5D,0xEF,0x7D,0xF7,0x9D,0xF7,0x5F,0xEF,0xD3,0x5A,0x52,0x29,
  0x92,0x29,0xB2,0x29,0x50,0x21,0x31,0x42,0x3C,0xC6,0xDF,0xFF,0x9D,0xF7,0xDD,0xDE,0x52,0x42,0x72,0x29,0x91,0x29,0x91,0x29,
  0x72,0x29,0xB3,0x31,0x4F,0x21,0xD8,0x9C,0xDE,0xFF,0xDE,0xFF,0x1E,0xDF,0x95,0x73,0x2F,0x21,0x92,0x31,0x92,0x29,0x72,0x29,
  0xB0,0x39,0x3C,0xC6,0xBE,0xF7,0x7E,0xF7,0x9E,0xF7,0x7D,0xEF,0x9E,0xF7,0x9E,0xF7,0x7E,0xEF,0x7E,0xEF,0x7E,0xEF,0x7D,0xEF,
  0x9D,0xEF,0x7E,0xEF,0x7D,0xEF,0x9D,0xEF,0x7E,0xFF,0x4D,0xD3,0x6A,0xCA,0x1B,0xFF,0x29,0xCA,0x2D,0xF3,0x2D,0xD3,0xAB,0xD2,
  0x5E,0xFF,0x9E,0xEF,0xBE,0xE7,0x9E,0xFF,0x7A,0xF6,0x58,0xDE,0x1C,0xF7,0xFF,0xFF,0xFF,0xF7,0x79,0xEE,0xD0,0xEB,0xC8,0xE9,
  0xC4,0xE8,0x82,0xE8,0xA3,0xE8,0xE4,0xE8,0xE5,0xE0,0xE5,0xE8,0xE5,0xF0,0xC4,0xE8,0x83,0xE8,0x64,0xE8,0x68,0xE9,0x6E,0xE3,
  0xD7,0xED,0x9D,0xF7,0xFF,0xF7,0xFF,0xF7,0xBE,0xEF,0xDF,0xEF,0x7E,0xEF,0x9E,0xF7,0x3F,0xE7,0x10,0x3A,0x51,0x29,0x92,0x31,
  0x92,0x29,0x92,0x29,0x92,0x29,0x92,0x29,0x92,0x29,0x92,0x29,0x92,0x29,0x71,0x29,0xEF,0x39,0x1E,0xE7,0xBF,0xF7,0x1B,0xBE,
  0x6E,0x29,0x7C,0xCE,0xBE,0xF7,0x7D,0xEF,0x9D,0xEF,0x7E,0xEF,0x7D,0xEF,0x7D,0xEF,0x7D,0xEF,0x7D,0xEF,0x7D,0xEF,0x7D,0xEF,
  0x7D,0xEF,0x7D,0xEF,0x7D,0xEF,0x7D,0xEF,0x7D,0xEF,0x7D,0xEF,0x7D,0xEF,0x7D,0xEF,0x7D,0xEF,0x7D,0xEF,0x7D,0xEF,0x7D,0xEF,
  0x7D,0xEF,0x7D,0xEF,0x7D,0xEF,0x7D,0xEF,0x7D,0xEF,0x7D,0xEF,0x7D,0xEF,0x7D,0xEF,0x7D,0xEF,0x7D,0xEF,0x7D,0xEF,0x7D,0xEF,
  0x7D,0xEF,0x7D,0xEF,0x7D,0xEF,0x7D,0xEF,0x7D,0xEF,0x7D,0xEF,0x7D,0xEF,0x7D,0xEF,0x7D,0xEF,0x7D,0xEF,0x7D,0xEF,0x7D,0xEF,
  0x7D,0xEF,0x7D,0xEF,0x7D,0xEF,0x7D,0xEF,0x7D,0xEF,0x7D,0xEF,0x7D,0xEF,0x7D,0xEF,0x7D,0xEF,0x7D,0xEF,0x7D,0xEF,0x7D,0xEF,
  0x7D,0xEF,0x7D,0xEF,0x7D,0xEF,0x7D,0xEF,0x7D,0xEF,0x7D,0xEF,0x7D,0xEF,0x7D,0xEF,0x7D,0xEF,0x9D,0xF7,0x7F,0xEF,0xD3,0x5A,
  0xB3,0x73,0xFF,0xFF,0x7F,0xEF,0xB5,0x73,0x30,0x21,0xB3,0x31,0x91,0x29,0x92,0x31,0x92,0x29,0x92,0x29,0x92,0x29,0x92,0x29,
  0xB2,0x29,0x92,0x29,0x70,0x29,0x7B,0xB5,0xBF,0xF7,0x7D,0xEF,0x9D,0xEF,0xBE,0xEF,0x3C,0xFF,0x97,0xF5,0x8F,0xF3,0xA8,0xE1,
  0x84,0xE8,0x63,0xE8,0xC3,0xE8,0x04,0xE9,0xE5,0xE8,0xC4,0xE8,0xE4,0xE8,0xA4,0xF0,0x83,0xE8,0xC4,0xE0,0xE8,0xE1,0xD0,0xE3,
  0x38,0xEE,0xDE,0xF7,0xFF,0xF7,0x1C,0xF7,0xD4,0xEC,0xAC,0xF2,0x05,0xE1,0xE5,0xE8,0xA8,0xD9,0x55,0xF5,0x7D,0xFF,0x7E,0xEF,
  0x9E,0xF7,0x39,0xFE,0xA7,0xC1,0x4D,0xFB,0xA6,0xC1,0x14,0xF5,0x0D,0xE3,0xAB,0xCA,0x5E,0xFF,0x9E,0xEF,0x7D,0xF7,0x7E,0xEF,
  0x9D,0xEF,0x7E,0xEF,0x9E,0xEF,0x9D,0xEF,0x7D,0xEF,0x7D,0xEF,0x9E,0xF7,0x9E,0xF7,0x5E,0xEF,0xFF,0xFF,0xFB,0xBD,0x70,0x29,
  0x92,0x29,0x92,0x29,0x93,0x29,0x51,0x21,0xB0,0x31,0xD9,0x9C,0x7F,0xEF,0x5F,0xEF,0xB2,0x52,0x51,0x21,0xB1,0x29,0x92,0x29,
  0x93,0x31,0x92,0x29,0x90,0x29,0xDB,0xB5,0xDF,0xFF,0xDB,0xBD,0xB2,0x52,0x0F,0x21,0xB2,0x31,0x91,0x29,0xB2,0x29,0x50,0x21,
  0xF6,0x7B,0xFF,0xFF,0x5C,0xEF,0x9E,0xF7,0x7D,0xEF,0x7D,0xEF,0x9E,0xF7,0x7D,0xEF,0x7D,0xEF,0x7D,0xEF,0x7D,0xEF,0x7E,0xEF,
  0x9E,0xEF,0x9E,0xEF,0x7D,0xF7,0xBE,0xF7,0x7A,0xFE,0x46,0xC9,0x14,0xED,0x55,0xF5,0xA6,0xB1,0x31,0xFC,0x66,0xC1,0x96,0xED,
  0x7E,0xF7,0x7E,0xEF,0x5D,0xFF,0xCF,0xE3,0x26,0xD9,0x05,0xE9,0x47,0xE9,0x4F,0xEB,0x96,0xF5,0x7D,0xF7,0xFF,0xF7,0x7D,0xF7,
  0x76,0xF5,0x2E,0xE3,0x66,0xE1,0x83,0xE0,0x83,0xF0,0xC4,0xE8,0xE4,0xE8,0xE4,0xE0,0xE4,0xE0,0x24,0xE1,0xE3,0xE8,0x83,0xE8,
  0xE5,0xE8,0x2A,0xEA,0x72,0xEC,0x79,0xF6,0x9D,0xFF,0x9E,0xE7,0x9E,0xEF,0x9E,0xF7,0x5F,0xEF,0x72,0x4A,0x51,0x29,0x92,0x31,
  0x92,0x29,0x92,0x29,0x92,0x29,0x92,0x29,0x92,0x29,0x92,0x29,0x93,0x31,0x71,0x29,0xF0,0x39,0x1F,0xE7,0xBF,0xFF,0x7C,0xCE,
  0x4E,0x29,0x5C,0xCE,0xDF,0xFF,0x7D,0xEF,0x9D,0xEF,0x7E,0xEF,0x7D,0xEF,0x7D,0xEF,0x7D,0xEF,0x7D,0xEF,0x7D,0xEF,0x7D,0xEF,
  0x7D,0xEF,0x7D,0xEF,0x7D,0xEF,0x7D,0xEF,0x7D,0xEF,0x7D,0xEF,0x7D,0xEF,0x7D,0xEF,0x7D,0xEF,0x7D,0xEF,0x7D,0xEF,0x7D,0xEF,
  0x7D,0xEF,0x7D,0xEF,0x7D,0xEF,0x7D,0xEF,0x7D,0xEF,0x7D,0xEF,0x7D,0xEF,0x7D,0xEF,0x7D,0xEF,0x7D,0xEF,0x7D,0xEF,0x7D,0xEF,
  0x7D,0xEF,0x7D,0xEF,0x7D,0xEF,0x7D,0xEF,0x7D,0xEF,0x7D,0xEF,0x7D,0xEF,0x7D,0xEF,0x7D,0xEF,0x7D,0xEF,0x7D,0xEF,0x7D,0xEF,
  0x7D,0xEF,0x7D,0xEF,0x7D,0xEF,0x7D,0xEF,0x7D,0xEF,0x7D,0xEF,0x7D,0xEF,0x7D,0xEF,0x7D,0xEF,0x7D,0xEF,0x7D,0xEF,0x7D,0xEF,
  0x7D,0xEF,0x7D,0xEF,0x7D,0xEF,0x7D,0xEF,0x7D,0xEF,0x7D,0xEF,0x7D,0xEF,0x7D,0xEF,0x7D,0xEF,0xBE,0xF7,0x3E,0xE7,0x71,0x4A,
  0x35,0x84,0xFF,0xFF,0x7E,0xEF,0x74,0x73,0x31,0x21,0xB2,0x29,0x91,0x29,0x92,0x31,0x92,0x29,0x92,0x29,0x92,0x29,0x92,0x29,
  0x92,0x29,0x92,0x29,0xB0,0x29,0xDB,0xB5,0xBF,0xFF,0x5D,0xEF,0xBE,0xF7,0x99,0xFE,0x0C,0xE3,0xE4,0xD8,0x82,0xE0,0xA3,0xE8,
  0xC4,0xF0,0xE4,0xE8,0x04,0xE9,0xE4,0xE8,0xC4,0xF0,0xA4,0xF0,0x84,0xE8,0x46,0xE9,0xEC,0xEA,0x55,0xF5,0x1C,0xFF,0xFF,0xFF,
  0x9E,0xF7,0xB7,0xED,0x6E,0xF3,0x67,0xE9,0xA3,0xE0,0x83,0xE0,0xE3,0xE8,0xE3,0xF0,0x63,0xD8,0x6A,0xD2,0xFB,0xFE,0x7E,0xFF,
  0x7D,0xEF,0xBE,0xFF,0x2E,0xE3,0x08,0xEA,0xCA,0xE2,0x8C,0xE2,0x54,0xF5,0x47,0xC9,0xF8,0xFD,0xDE,0xF7,0x7D,0xF7,0x9E,0xE7,
  0x9D,0xEF,0x7D,0xEF,0x7E,0xEF,0x7E,0xEF,0x7E,0xEF,0x7E,0xEF,0x9E,0xF7,0x5C,0xEF,0xBE,0xF7,0xFE,0xDE,0x13,0x5B,0x50,0x29,
  0x72,0x31,0x92,0x29,0x92,0x29,0x92,0x29,0x72,0x29,0x51,0x21,0xD4,0x52,0xF9,0x9C,0x93,0x4A,0x71,0x29,0xB2,0x31,0x71,0x29,
  0x72,0x29,0x71,0x29,0xB1,0x31,0xF8,0x7B,0xB5,0x73,0x91,0x31,0x71,0x29,0xB3,0x29,0x92,0x29,0x92,0x29,0x71,0x29,0x91,0x29,
  0x72,0x4A,0x1B,0xC6,0xDF,0xFF,0x7D,0xEF,0x9E,0xF7,0x9E,0xF7,0x7D,0xEF,0x7D,0xEF,0x7D,0xEF,0x7D,0xEF,0x7D,0xEF,0x7E,0xEF,
  0x7F,0xF7,0x7D,0xF7,0x7E,0xEF,0xBE,0xFF,0x50,0xDC,0x87,0xD1,0x1B,0xFF,0x4A,0xDA,0xED,0xEA,0xEC,0xE2,0xAA,0xE2,0x7C,0xFF,
  0x7E,0xEF,0xBE,0xEF,0xF7,0xFD,0x25,0xD1,0xA3,0xE8,0xA3,0xE8,0xA4,0xE8,0x82,0xE0,0xC4,0xE0,0xC8,0xE9,0x51,0xF4,0x79,0xF6,
  0xDF,0xF7,0xFF,0xF7,0xDB,0xF6,0x92,0xEC,0x4A,0xE2,0x05,0xE9,0x82,0xE0,0xA3,0xE8,0xC4,0xE8,0xE4,0xF0,0xC4,0xF0,0xE5,0xE8,
  0xC4,0xE8,0x83,0xE8,0x84,0xE8,0x46,0xD9,0x10,0xEC,0x5D,0xFF,0x9E,0xEF,0x7D,0xEF,0x7F,0xEF,0xB2,0x52,0x51,0x29,0x72,0x31,
  0x92,0x29,0x92,0x29,0x92,0x29,0x92,0x29,0x92,0x29,0x92,0x29,0x92,0x29,0x91,0x29,0xAF,0x31,0x9E,0xD6,0xBF,0xF7,0x7C,0xCE,
  0x4E,0x29,0xFB,0xBD,0xDF,0xFF,0x7D,0xEF,0x9D,0xEF,0x7E,0xEF,0x7D,0xEF,0x7D,0xEF,0x7D,0xEF,0x7D,0xEF,0x7D,0xEF,0x7D,0xEF,
  0x7D,0xEF,0x7D,0xEF,0x7D,0xEF,0x7D,0xEF,0x7D,0xEF,0x7D,0xEF,0x7D,0xEF,0x7D,0xEF,0x7D,0xEF,0x7D,0xEF,0x7D,0xEF,0x7D,0xEF,
  0x7D,0xEF,0x7D,0xEF,0x7D,0xEF,0x7D,0xEF,0x7D,0xEF,0x7D,0xEF,0x7D,0xEF,0x7D,0xEF,0x7D,0xEF,0x7D,0xEF,0x7D,0xEF,0x7D,0xEF,
  0x7D,0xEF,0x7D,0xEF,0x7D,0xEF,0x7D,0xEF,0x7D,0xEF,0x7D,0xEF,0x7D,0xEF,0x7D,0xEF,0x7D,0xEF,0x7D,0xEF,0x7D,0xEF,0x7D,0xEF,
  0x7D,0xEF,0x7D,0xEF,0x7D,0xEF,0x7D,0xEF,0x7D,0xEF,0x7D,0xEF,0x7D,0xEF,0x7D,0xEF,0x7D,0xEF,0x7D,0xEF,0x7D,0xEF,0x7D,0xEF,
  0x7D,0xEF,0x7D,0xEF,0x7D,0xEF,0x7D,0xEF,0x7D,0xEF,0x7D,0xEF,0x7D,0xEF,0x7D,0xEF,0x7D,0xEF,0xBE,0xF7,0x3E,0xE7,0x51,0x4A,
  0x76,0x8C,0xDF,0xFF,0x7F,0xEF,0x75,0x73,0x31,0x21,0x92,0x29,0x91,0x29,0x92,0x31,0x92,0x29,0x92,0x29,0x92,0x29,0x92,0x29,
  0x92,0x29,0x72,0x29,0xD0,0x31,0x5C,0xC6,0x9E,0xF7,0x7D,0xEF,0x7D,0xFF,0x6E,0xDB,0x62,0xD8,0xA4,0xF8,0xE5,0xF0,0xC4,0xE8,
  0xE4,0xE8,0x04,0xF1,0xA3,0xE8,0x63,0xE8,0xE5,0xE8,0x6A,0xE2,0x71,0xEC,0xBA,0xEE,0xFF,0xF7,0xFF,0xF7,0x9A,0xF6,0x51,0xE4,
  0x09,0xE2,0xE4,0xE8,0x62,0xE8,0xA3,0xF0,0x05,0xF1,0xC5,0xE8,0xE4,0xE8,0xE4,0xF0,0x84,0xF0,0xEA,0xD9,0xBB,0xFE,0x9E,0xF7,
  0x9D,0xEF,0x9E,0xEF,0x38,0xFE,0xA6,0xB9,0x0C,0xFB,0x67,0xD9,0x53,0xF5,0x2A,0xDA,0x8F,0xE3,0xBD,0xFF,0x7D,0xEF,0x7E,0xF7,
  0x7E,0xF7,0x7E,0xF7,0x7D,0xEF,0x9D,0xEF,0x9D,0xF7,0x9E,0xF7,0x5D,0xEF,0x9F,0xF7,0xDE,0xE6,0xB3,0x5A,0x31,0x21,0xB2,0x31,
  0x92,0x31,0x51,0x29,0x51,0x29,0xB2,0x31,0x92,0x29,0xB2,0x29,0x71,0x21,0x50,0x21,0x72,0x29,0x93,0x31,0x72,0x29,0x91,0x29,
  0x91,0x29,0x91,0x29,0x92,0x29,0x93,0x29,0x31,0x21,0x92,0x29,0x92,0x29,0x92,0x29,0x72,0x29,0x71,0x29,0xB3,0x31,0x94,0x31,
  0x31,0x21,0x12,0x42,0x3C,0xC6,0xBE,0xF7,0x7D,0xEF,0x7D,0xEF,0x7D,0xEF,0x7D,0xEF,0x7D,0xEF,0x7D,0xEF,0x7D,0xEF,0x7E,0xEF,
  0x9E,0xEF,0x7D,0xEF,0x9E,0xEF,0x1C,0xFF,0x08,0xBA,0xF0,0xE3,0xD7,0xF5,0x86,0xC9,0x8F,0xFB,0xC8,0xB9,0x76,0xF5,0xBE,0xFF,
  0x5D,0xEF,0xBE,0xF7,0x96,0xFD,0x05,0xD1,0xE4,0xE8,0x04,0xE1,0xC5,0xF0,0xE4,0xE8,0xE4,0xF0,0x82,0xE8,0x82,0xE0,0x25,0xE1,
  0xAC,0xEA,0xD4,0xF4,0x1C,0xFF,0xFF,0xF7,0xBF,0xF7,0xD8,0xF5,0xB0,0xEB,0xA8,0xE9,0x83,0xE8,0x63,0xE8,0xC4,0xE8,0xE5,0xE8,
  0xE4,0xE8,0x04,0xE9,0xC4,0xE8,0xA3,0xF0,0xC4,0xD0,0xF4,0xEC,0xBE,0xFF,0x9D,0xEF,0x5F,0xE7,0xD2,0x52,0x50,0x21,0x92,0x29,
  0x92,0x29,0x92,0x29,0x92,0x29,0x92,0x29,0x91,0x29,0x91,0x29,0x72,0x29,0x91,0x29,0xB0,0x31,0x5D,0xCE,0xBE,0xF7,0xBD,0xD6,
  0x6F,0x29,0x9A,0xB5,0xDF,0xF7,0x7D,0xEF,0x9D,0xEF,0x7E,0xEF,0x7D,0xEF,0x7D,0xEF,0x7D,0xEF,0x7D,0xEF,0x7D,0xEF,0x7D,0xEF,
  0x7D,0xEF,0x7D,0xEF,0x7D,0xEF,0x7D,0xEF,0x7D,0xEF,0x7D,0xEF,0x7D,0xEF,0x7D,0xEF,0x7D,0xEF,0x7D,0xEF,0x7D,0xEF,0x7D,0xEF,
  0x7D,0xEF,0x7D,0xEF,0x7D,0xEF,0x7D,0xEF,0x7D,0xEF,0x7D,0xEF,0x7D,0xEF,0x7D,0xEF,0x7D,0xEF,0x7D,0xEF,0x7D,0xEF,0x7D,0xEF,
  0x7D,0xEF,0x7D,0xEF,0x7D,0xEF,0x7D,0xEF,0x7D,0xEF,0x7D,0xEF,0x7D,0xEF,0x7D,0xEF,0x7D,0xEF,0x7D,0xEF,0x7D,0xEF,0x7D,0xEF,
  0x7D,0xEF,0x7D,0xEF,0x7D,0xEF,0x7D,0xEF,0x7D,0xEF,0x7D,0xEF,0x7D,0xEF,0x7D,0xEF,0x7D,0xEF,0x7D,0xEF,0x7D,0xEF,0x7D,0xEF,
  0x7D,0xEF,0x7D,0xEF,0x7D,0xEF,0x7D,0xEF,0x7D,0xEF,0x7D,0xEF,0x7D,0xEF,0x7D,0xEF,0x7D,0xEF,0x9D,0xF7,0x5E,0xE7,0x51,0x4A,
  0x97,0x94,0xDF,0xFF,0x5E,0xEF,0x34,0x6B,0x31,0x21,0xB3,0x29,0x91,0x29,0x92,0x31,0x92,0x29,0x91,0x29,0x92,0x29,0x92,0x29,
  0x92,0x29,0x72,0x29,0xB0,0x31,0x7D,0xCE,0x9E,0xF7,0x9D,0xEF,0xFB,0xFE,0xC9,0xD9,0xA3,0xE8,0x24,0xE9,0xE4,0xE8,0xC4,0xE8,
  0x83,0xE8,0x63,0xE8,0xA8,0xE9,0xAF,0xEB,0x17,0xF6,0xBD,0xF7,0xFF,0xFF,0x3D,0xF7,0x35,0xED,0xEC,0xEA,0x45,0xE1,0x82,0xE8,
  0x83,0xE8,0xC4,0xF0,0xE5,0xE8,0xE5,0xE8,0xC4,0xE0,0xE4,0xE8,0xC4,0xF0,0xA4,0xF0,0x83,0xD8,0x10,0xEC,0x9D,0xFF,0x7D,0xEF,
  0x7D,0xF7,0x5D,0xF7,0xBD,0xFF,0xAF,0xDB,0x88,0xE9,0x49,0xDA,0xEC,0xD2,0x31,0xF4,0xC8,0xB9,0x9B,0xFE,0x9E,0xEF,0x7D,0xF7,
  0x7D,0xF7,0x7D,0xF7,0x7D,0xF7,0x7D,0xF7,0x7D,0xEF,0x9E,0xF7,0x7D,0xEF,0x9E,0xF7,0xBE,0xDE,0x31,0x4A,0x51,0x21,0xB3,0x31,
  0x31,0x21,0x33,0x42,0x53,0x42,0x31,0x21,0x72,0x29,0xB1,0x29,0x92,0x31,0x93,0x31,0x92,0x29,0x91,0x31,0x91,0x31,0xB2,0x31,
  0x91,0x29,0x91,0x29,0x92,0x29,0x92,0x29,0xB3,0x31,0x92,0x29,0x92,0x29,0x51,0x21,0x92,0x31,0x94,0x4A,0x70,0x29,0xB3,0x31,
  0xB3,0x31,0x0F,0x19,0x9A,0xB5,0xBE,0xF7,0x7D,0xEF,0x9E,0xF7,0x7D,0xEF,0x7D,0xEF,0x7D,0xEF,0x7D,0xEF,0x7D,0xEF,0x9D,0xEF,
  0x9D,0xEF,0x7D,0xEF,0xFF,0xFF,0x14,0xF5,0x66,0xC9,0x38,0xF6,0xEC,0xE2,0xAA,0xD2,0xAB,0xEA,0xAC,0xD2,0x7E,0xFF,0x7E,0xF7,
  0x9D,0xEF,0x7E,0xF7,0xDB,0xFE,0x6A,0xD2,0x62,0xE0,0xC4,0xF0,0xC4,0xF0,0xC4,0xF0,0xC4,0xE8,0xE4,0xE8,0xE5,0xE8,0xA4,0xE8,
  0x83,0xE8,0xA3,0xE8,0x67,0xE1,0x8E,0xEB,0xD6,0xED,0xBE,0xEF,0xFF,0xFF,0x5C,0xF7,0x35,0xED,0x0D,0xEB,0x25,0xE1,0x62,0xE8,
  0x83,0xF0,0xC4,0xF0,0xE4,0xE0,0x05,0xF1,0x83,0xD0,0xF0,0xE3,0x7E,0xFF,0x5D,0xEF,0x7F,0xEF,0x33,0x5B,0x71,0x21,0x92,0x29,
  0x92,0x29,0x92,0x29,0x92,0x29,0x92,0x29,0x91,0x29,0x91,0x29,0x92,0x29,0x71,0x29,0xB0,0x31,0x5D,0xCE,0xDF,0xFF,0x1F,0xDF,
  0x90,0x31,0x59,0xAD,0xDE,0xF7,0x7D,0xEF,0x7D,0xEF,0x7E,0xEF,0x7D,0xEF,0x7D,0xEF,0x7D,0xEF,0x7D,0xEF,0x7D,0xEF,0x7D,0xEF,
  0x7D,0xEF,0x7D,0xEF,0x7D,0xEF,0x7D,0xEF,0x7D,0xEF,0x7D,0xEF,0x7D,0xEF,0x7D,0xEF,0x7D,0xEF,0x7D,0xEF,0x7D,0xEF,0x7D,0xEF,
  0x7D,0xEF,0x7D,0xEF,0x7D,0xEF,0x7D,0xEF,0x7D,0xEF,0x7D,0xEF,0x7D,0xEF,0x7D,0xEF,0x7D,0xEF,0x7D,0xEF,0x7D,0xEF,0x7D,0xEF,
  0x7D,0xEF,0x7D,0xEF,0x7D,0xEF,0x7D,0xEF,0x7D,0xEF,0x7D,0xEF,0x7D,0xEF,0x7D,0xEF,0x7D,0xEF,0x7D,0xEF,0x7D,0xEF,0x7D,0xEF,
  0x7D,0xEF,0x7D,0xEF,0x7D,0xEF,0x7D,0xEF,0x7D,0xEF,0x7D,0xEF,0x7D,0xEF,0x7D,0xEF,0x7D,0xEF,0x7D,0xEF,0x7D,0xEF,0x7D,0xEF,
  0x7D,0xEF,0x7D,0xEF,0x7D,0xEF,0x7D,0xEF,0x7D,0xEF,0x7E,0xEF,0x7E,0xEF,0x7D,0xF7,0x7D,0xEF,0x9E,0xF7,0x3F,0xE7,0x51,0x4A,
  0x96,0x8C,0xFF,0xFF,0x5E,0xE7,0xD2,0x52,0x71,0x29,0x92,0x31,0x92,0x31,0x92,0x29,0x92,0x29,0x92,0x29,0x92,0x29,0x91,0x29,
  0x91,0x29,0x72,0x29,0xD0,0x31,0x5D,0xCE,0x9E,0xF7,0x9D,0xEF,0x7D,0xFF,0x6F,0xE3,0x43,0xD8,0x42,0xF0,0x82,0xE8,0x05,0xE1,
  0xCC,0xEA,0x35,0xF5,0x1C,0xF7,0xFF,0xF7,0xBE,0xFF,0xF7,0xF5,0x6F,0xEB,0x87,0xE9,0xA4,0xE8,0x83,0xE0,0xA3,0xF0,0xE4,0xF0,
  0xE5,0xE8,0xE4,0xE0,0x05,0xE9,0xE4,0xF0,0xC3,0xF0,0x83,0xE8,0x84,0xE8,0xA8,0xE1,0x51,0xE4,0x5C,0xFF,0x9E,0xEF,0x5D,0xF7,
  0x7D,0xEF,0x7D,0xEF,0x9D,0xEF,0x39,0xFE,0xA8,0xC9,0xEC,0xEA,0x46,0xE1,0xB2,0xF4,0xC7,0xC1,0x73,0xEC,0xDF,0xF7,0x7D,0xEF,
  0x7D,0xEF,0x7D,0xEF,0x7D,0xEF,0x7E,0xEF,0x7E,0xEF,0x9E,0xF7,0x7D,0xEF,0x7D,0xEF,0xBE,0xF7,0x9D,0xD6,0x31,0x42,0x0F,0x21,
  0x93,0x52,0x9D,0xCE,0xDE,0xD6,0xB5,0x73,0x70,0x29,0x31,0x29,0x52,0x29,0x92,0x29,0xB1,0x29,0x91,0x29,0x92,0x31,0x72,0x29,
  0x92,0x29,0x92,0x31,0x91,0x31,0x71,0x29,0x72,0x29,0x52,0x21,0x30,0x29,0x92,0x52,0xBA,0xBD,0x5F,0xEF,0x75,0x6B,0x30,0x21,
  0x70,0x29,0xF9,0x94,0xBF,0xF7,0x7D,0xEF,0x7D,0xEF,0x9E,0xF7,0x9E,0xF7,0x7D,0xEF,0x7D,0xEF,0x7D,0xEF,0x7D,0xEF,0x7E,0xEF,
  0x7E,0xF7,0x9D,0xEF,0x7D,0xFF,0xEC,0xD2,0xCB,0xE2,0x39,0xFE,0x65,0xD9,0x4E,0xF3,0xA8,0xC1,0x56,0xFD,0x9F,0xF7,0x9E,0xE7,
  0x7D,0xEF,0x5D,0xF7,0xBE,0xF7,0x59,0xF6,0x6E,0xEB,0x46,0xE1,0x83,0xE8,0x83,0xE8,0xA4,0xF0,0xE5,0xF0,0xE5,0xE8,0x05,0xE9,
  0x04,0xE9,0xC3,0xE8,0xA3,0xF0,0x63,0xE8,0xE4,0xE0,0x29,0xEA,0x31,0xEC,0xBA,0xF6,0xFF,0xF7,0xFF,0xF7,0xBA,0xF6,0x71,0xF4,
  0x29,0xE2,0xC4,0xE8,0x62,0xE8,0x62,0xE8,0x05,0xD1,0x55,0xF5,0xBE,0xFF,0x7D,0xE7,0x9F,0xEF,0x94,0x6B,0x50,0x21,0x92,0x31,
  0x92,0x29,0x92,0x29,0x92,0x29,0x92,0x29,0x92,0x29,0x92,0x29,0x92,0x29,0x72,0x29,0xB0,0x31,0x5D,0xCE,0xDE,0xFF,0x3E,0xE7,
  0x8F,0x31,0x59,0xAD,0xBF,0xF7,0x7D,0xEF,0x7D,0xEF,0x7E,0xEF,0x7D,0xEF,0x7D,0xEF,0x7D,0xEF,0x7D,0xEF,0x7D,0xEF,0x7D,0xEF,
  0x7D,0xEF,0x7D,0xEF,0x7D,0xEF,0x7D,0xEF,0x7D,0xEF,0x7D,0xEF,0x7D,0xEF,0x7D,0xEF,0x7D,0xEF,0x7D,0xEF,0x7D,0xEF,0x7D,0xEF,
  0x7D,0xEF,0x7D,0xEF,0x7D,0xEF,0x7D,0xEF,0x7D,0xEF,0x7D,0xEF,0x7D,0xEF,0x7D,0xEF,0x7D,0xEF,0x7D,0xEF,0x7D,0xEF,0x7D,0xEF,
  0x7D,0xEF,0x7D,0xEF,0x7D,0xEF,0x7D,0xEF,0x7D,0xEF,0x7D,0xEF,0x7D,0xEF,0x7D,0xEF,0x7D,0xEF,0x7D,0xEF,0x7D,0xEF,0x7D,0xEF,
  0x7D,0xEF,0x7D,0xEF,0x7D,0xEF,0x7D,0xEF,0x7D,0xEF,0x7D,0xEF,0x7D,0xEF,0x7D,0xEF,0x7D,0xEF,0x7D,0xEF,0x7D,0xEF,0x7D,0xEF,
  0x7D,0xEF,0x7D,0xEF,0x7D,0xEF,0x7D,0xEF,0x7D,0xEF,0x7E,0xEF,0x7E,0xEF,0x7D,0xF7,0x7D,0xEF,0x9E,0xF7,0x3F,0xE7,0x51,0x4A,
  0x96,0x8C,0xFF,0xFF,0x3E,0xE7,0xB2,0x52,0x71,0x21,0x92,0x29,0x92,0x31,0x92,0x29,0x92,0x29,0x92,0x29,0x92,0x29,0x92,0x29,
  0xB1,0x29,0x92,0x29,0xD0,0x31,0x3D,0xCE,0xBF,0xFF,0x7D,0xEF,0x7D,0xEF,0xFC,0xFE,0xB3,0xEC,0xF0,0xE3,0x92,0xE4,0x79,0xF6,
  0xFE,0xF7,0xFF,0xF7,0x99,0xF6,0x52,0xEC,0x29,0xE2,0xE4,0xD8,0x83,0xE8,0xC4,0xE8,0xC4,0xE8,0xE5,0xF0,0xE5,0xF0,0xE5,0xE8,
  0xE5,0xE8,0xC4,0xE8,0x63,0xE8,0x84,0xE8,0x46,0xE1,0x0D,0xEB,0x55,0xED,0x7D,0xFF,0xFF,0xFF,0x7E,0xE7,0x7E,0xEF,0xBE,0xF7,
  0x7D,0xEF,0x7D,0xEF,0x9E,0xF7,0x9D,0xFF,0x10,0xDC,0x88,0xE1,0xC8,0xE9,0x2C,0xDB,0x0D,0xF3,0x6A,0xCA,0x5D,0xFF,0x7E,0xF7,
  0x7E,0xF7,0x7D,0xEF,0x7D,0xEF,0x7D,0xEF,0x7D,0xEF,0x7D,0xEF,0x7D,0xEF,0x7E,0xEF,0x7D,0xEF,0xDF,0xFF,0xFB,0xBD,0x53,0x6B,
  0x9D,0xD6,0xFE,0xF7,0xBD,0xF7,0x9E,0xF7,0x1B,0xC6,0x95,0x73,0xF1,0x39,0x51,0x29,0x52,0x29,0x92,0x29,0x92,0x29,0x92,0x29,
  0x72,0x29,0x92,0x31,0x92,0x31,0x51,0x29,0x91,0x31,0xD3,0x5A,0x5A,0xAD,0x3E,0xEF,0xDD,0xFF,0xBD,0xF7,0x5F,0xE7,0xB4,0x73,
  0x38,0xA5,0xFF,0xF7,0x7D,0xEF,0x7E,0xEF,0x7D,0xEF,0x7D,0xEF,0x7D,0xEF,0x7D,0xEF,0x7D,0xEF,0x7D,0xEF,0x7D,0xEF,0x7E,0xEF,
  0x7E,0xEF,0x7E,0xF7,0x38,0xFE,0xA6,0xB1,0x35,0xFD,0xB0,0xD3,0x08,0xDA,0xE8,0xF1,0xCC,0xD2,0x5C,0xFF,0x7D,0xF7,0x7E,0xEF,
  0x9F,0xEF,0xBF,0xF7,0x7E,0xEF,0xFF,0xEF,0xFF,0xF7,0xDA,0xF6,0x72,0xEC,0x4A,0xE2,0x04,0xE1,0x82,0xE0,0x83,0xF0,0xE4,0xF8,
  0xC4,0xF0,0xC5,0xE8,0xE5,0xE8,0xE4,0xF0,0xC4,0xF0,0xA3,0xE8,0xA3,0xE8,0x26,0xE1,0xCD,0xEA,0x35,0xED,0x5C,0xEF,0xFF,0xF7,
  0xBE,0xEF,0xF8,0xED,0x31,0xE4,0xF0,0xE3,0xB6,0xED,0x7C,0xF7,0x9E,0xEF,0x5E,0xF7,0x9F,0xF7,0x94,0x6B,0x50,0x21,0x92,0x31,
  0x92,0x29,0x92,0x29,0x92,0x29,0x92,0x29,0x92,0x29,0x92,0x29,0x92,0x29,0x92,0x29,0xB0,0x31,0x5D,0xCE,0xBE,0xFF,0x3E,0xE7,
  0x8F,0x31,0x59,0xAD,0xDF,0xF7,0x7D,0xEF,0x7D,0xEF,0x7E,0xEF,0x7D,0xEF,0x7D,0xEF,0x7D,0xEF,0x7D,0xEF,0x7D,0xEF,0x7D,0xEF,
  0x7D,0xEF,0x7D,0xEF,0x7D,0xEF,0x7D,0xEF,0x7D,0xEF,0x7D,0xEF,0x7D,0xEF,0x7D,0xEF,0x7D,0xEF,0x7D,0xEF,0x7D,0xEF,0x7D,0xEF,
  0x7D,0xEF,0x7D,0xEF,0x7D,0xEF,0x7D,0xEF,0x7D,0xEF,0x7D,0xEF,0x7D,0xEF,0x7D,0xEF,0x7D,0xEF,0x7D,0xEF,0x7D,0xEF,0x7D,0xEF,
  0x7D,0xEF,0x7D,0xEF,0x7D,0xEF,0x7D,0xEF,0x7D,0xEF,0x7D,0xEF,0x7D,0xEF,0x7D,0xEF,0x7D,0xEF,0x7D,0xEF,0x7D,0xEF,0x7D,0xEF,
  0x7D,0xEF,0x7D,0xEF,0x7D,0xEF,0x7D,0xEF,0x7D,0xEF,0x7D,0xEF,0x7D,0xEF,0x7D,0xEF,0x7D,0xEF,0x7D,0xEF,0x7D,0xEF,0x7D,0xEF,
  0x7D,0xEF,0x7D,0xEF,0x7D,0xEF,0x7D,0xEF,0x7D,0xEF,0x7E,0xEF,0x7E,0xEF,0x7D,0xF7,0x7D,0xEF,0x9E,0xF7,0x3F,0xE7,0x51,0x4A,
  0x96,0x8C,0xFF,0xFF,0x5E,0xEF,0x13,0x5B,0x50,0x21,0x92,0x29,0x92,0x31,0x92,0x29,0x92,0x29,0x92,0x29,0x92,0x29,0x92,0x29,
  0x92,0x31,0x72,0x29,0xD0,0x31,0x5D,0xC6,0x9E,0xF7,0x7D,0xF7,0x9E,0xEF,0x9E,0xE7,0xBF,0xEF,0xFF,0xEF,0xFF,0xEF,0x5D,0xFF,
  0x55,0xF5,0xEC,0xE2,0x26,0xE9,0x42,0xE8,0x83,0xF0,0xE4,0xE8,0x04,0xE9,0x05,0xE9,0xC4,0xE8,0xE5,0xE8,0xE4,0xE8,0xC3,0xE8,
  0x83,0xE8,0xC5,0xE8,0x2A,0xE2,0x71,0xEC,0xDA,0xF6,0xFE,0xF7,0xBE,0xFF,0xF8,0xF5,0xD0,0xEB,0xAC,0xEA,0x0D,0xE3,0x35,0xF5,
  0x9E,0xFF,0x9E,0xEF,0x7E,0xEF,0x9D,0xEF,0x9A,0xFE,0x87,0xD1,0x08,0xEA,0xE7,0xD9,0xF0,0xFB,0x87,0xB1,0xF7,0xF5,0x9E,0xF7,
  0x7D,0xEF,0x7D,0xEF,0x7D,0xEF,0x7D,0xEF,0x7D,0xEF,0x7D,0xEF,0x7D,0xEF,0x7D,0xEF,0x7E,0xEF,0x7D,0xEF,0xBD,0xF7,0xBD,0xF7,
  0xBD,0xF7,0x7D,0xEF,0x9E,0xF7,0x7D,0xEF,0xBE,0xF7,0xDF,0xF7,0xDD,0xD6,0x19,0x9D,0x73,0x4A,0x51,0x21,0x92,0x29,0xB2,0x31,
  0x92,0x29,0x92,0x29,0x90,0x31,0x78,0x8C,0x1B,0xC6,0x9E,0xF7,0xBF,0xFF,0x9E,0xF7,0x7D,0xEF,0x7D,0xEF,0x9D,0xEF,0xBD,0xF7,
  0xBD,0xF7,0x9D,0xF7,0x7D,0xEF,0x7D,0xEF,0x7D,0xEF,0x7D,0xEF,0x7D,0xEF,0x7D,0xEF,0x7D,0xEF,0x7D,0xEF,0x7D,0xEF,0x7D,0xF7,
  0x7D,0xEF,0xDF,0xF7,0xAF,0xEB,0x08,0xCA,0x18,0xFE,0x67,0xD9,0xAB,0xF2,0x65,0xD9,0x76,0xFD,0xDF,0xFF,0x5D,0xF7,0x9E,0xEF,
  0x7C,0xF7,0x91,0xE4,0xAC,0xE2,0xCD,0xEA,0x52,0xEC,0x9A,0xF6,0xFF,0xF7,0xDF,0xF7,0x18,0xF6,0xB0,0xEB,0xA8,0xE9,0x83,0xE8,
  0x82,0xE8,0xE3,0xE8,0x04,0xE9,0xC4,0xE0,0xE5,0xE8,0xE5,0xE8,0xC4,0xE8,0xC3,0xE8,0x82,0xE8,0xA3,0xE8,0x88,0xE9,0x90,0xEB,
  0xF8,0xF5,0xDF,0xF7,0xFF,0xF7,0xFF,0xEF,0xBF,0xEF,0x9E,0xF7,0x7E,0xF7,0x7D,0xEF,0x9F,0xEF,0x34,0x6B,0x50,0x29,0xB2,0x29,
  0x92,0x29,0x92,0x29,0x92,0x29,0x92,0x29,0x92,0x29,0x92,0x29,0x92,0x29,0x92,0x29,0xB0,0x31,0x5D,0xCE,0xBE,0xFF,0x3E,0xE7,
  0x90,0x31,0x59,0xA5,0xDF,0xFF,0x7D,0xEF,0x7D,0xEF,0x7E,0xEF,0x7D,0xEF,0x7D,0xEF,0x7D,0xEF,0x7D,0xEF,0x7D,0xEF,0x7D,0xEF,
  0x7D,0xEF,0x7D,0xEF,0x7D,0xEF,0x7D,0xEF,0x7D,0xEF,0x7D,0xEF,0x7D,0xEF,0x7D,0xEF,0x7D,0xEF,0x7D,0xEF,0x7D,0xEF,0x7D,0xEF,
  0x7D,0xEF,0x7D,0xEF,0x7D,0xEF,0x7D,0xEF,0x7D,0xEF,0x7D,0xEF,0x7D,0xEF,0x7D,0xEF,0x7D,0xEF,0x7D,0xEF,0x7D,0xEF,0x7D,0xEF,
  0x7D,0xEF,0x7D,0xEF,0x7D,0xEF,0x7D,0xEF,0x7D,0xEF,0x7D,0xEF,0x7D,0xEF,0x7D,0xEF,0x7D,0xEF,0x7D,0xEF,0x7D,0xEF,0x7D,0xEF,
  0x7D,0xEF,0x7D,0xEF,0x7D,0xEF,0x7D,0xEF,0x7D,0xEF,0x7D,0xEF,0x7D,0xEF,0x7D,0xEF,0x7D,0xEF,0x7D,0xEF,0x7D,0xEF,0x7D,0xEF,
  0x7D,0xEF,0x7D,0xEF,0x7D,0xEF,0x7D,0xEF,0x7D,0xEF,0x7E,0xEF,0x7E,0xEF,0x7D,0xF7,0x7D,0xEF,0x9E,0xF7,0x3F,0xE7,0x51,0x4A,
  0x97,0x8C,0xFF,0xFF,0x7F,0xEF,0x94,0x6B,0x50,0x21,0x92,0x29,0x72,0x29,0x92,0x29,0x92,0x29,0x92,0x29,0x92,0x29,0x92,0x29,
  0x92,0x31,0x92,0x29,0xD0,0x31,0x5D,0xCE,0x9E,0xF7,0x7D,0xF7,0xBF,0xEF,0xBE,0xEF,0x9D,0xFF,0x18,0xF6,0xF0,0xF3,0xE8,0xD9,
  0xA4,0xD8,0x83,0xE8,0xC4,0xE8,0xE4,0xE8,0x05,0xE9,0xE4,0xE8,0xC4,0xF0,0xC4,0xF0,0xA4,0xF0,0x63,0xF0,0x84,0xE8,0xA8,0xE9,
  0x8F,0xEB,0xF7,0xF5,0x9D,0xF7,0xFF,0xFF,0xBB,0xF6,0x92,0xEC,0x4A,0xEA,0xC5,0xE8,0x62,0xE0,0x63,0xF0,0x43,0xE8,0x26,0xD1,
  0x96,0xF5,0x9D,0xFF,0x7D,0xEF,0x9E,0xEF,0x7D,0xFF,0x30,0xDC,0x87,0xD9,0x46,0xE9,0x2D,0xEB,0x8A,0xDA,0x2D,0xDB,0xBE,0xFF,
  0x7D,0xEF,0x7D,0xEF,0x7D,0xEF,0x7D,0xEF,0x7D,0xEF,0x7D,0xEF,0x7D,0xEF,0x7D,0xEF,0x7D,0xEF,0x9E,0xF7,0x5D,0xEF,0x9D,0xEF,
  0x9D,0xF7,0x7D,0xEF,0x7E,0xEF,0x7E,0xF7,0x7D,0xEF,0x7D,0xEF,0xBE,0xF7,0xFF,0xFF,0xD4,0x73,0x30,0x21,0xB3,0x31,0x91,0x29,
  0x72,0x29,0x92,0x29,0xF0,0x39,0x7F,0xEF,0xDE,0xFF,0x7D,0xF7,0x7D,0xEF,0x7D,0xEF,0x9D,0xF7,0x7E,0xF7,0x5D,0xEF,0x7E,0xF7,
  0x7E,0xF7,0x7E,0xEF,0x7E,0xEF,0x7D,0xEF,0x7D,0xEF,0x7D,0xEF,0x7D,0xEF,0x7D,0xEF,0x7D,0xEF,0x7D,0xEF,0x7D,0xEF,0x7D,0xEF,
  0x9D,0xF7,0x1B,0xFF,0xC8,0xC1,0x31,0xFC,0x51,0xDC,0xA7,0xE1,0xA8,0xE9,0x2C,0xD3,0x5D,0xFF,0x9E,0xEF,0x7D,0xEF,0x7D,0xFF,
  0x10,0xF4,0x83,0xD8,0x82,0xF0,0x82,0xE8,0x83,0xE8,0x46,0xE9,0xCC,0xEA,0x56,0xE5,0x5D,0xF7,0xFF,0xFF,0x5C,0xEF,0x75,0xED,
  0xED,0xEA,0x26,0xE9,0x63,0xE8,0xA3,0xE8,0xE4,0xE8,0xE4,0xE8,0xE5,0xE8,0xE5,0xE8,0xE5,0xE8,0xC4,0xF0,0x83,0xF0,0xA2,0xE8,
  0x04,0xE1,0x49,0xEA,0x71,0xEC,0xDB,0xF6,0x9E,0xF7,0x9D,0xE7,0x7D,0xEF,0x9D,0xF7,0x5F,0xEF,0xD2,0x5A,0x51,0x29,0xB2,0x29,
  0x92,0x29,0x92,0x29,0x92,0x29,0x92,0x29,0x92,0x29,0x92,0x29,0x92,0x29,0x92,0x29,0xB0,0x31,0x5D,0xCE,0xBE,0xFF,0xFE,0xDE,
  0x70,0x31,0x5A,0xA5,0xDF,0xF7,0x7D,0xEF,0x7D,0xEF,0x7E,0xEF,0x7D,0xEF,0x7D,0xEF,0x7D,0xEF,0x7D,0xEF,0x7D,0xEF,0x7D,0xEF,
  0x7D,0xEF,0x7D,0xEF,0x7D,0xEF,0x7D,0xEF,0x7D,0xEF,0x7D,0xEF,0x7D,0xEF,0x7D,0xEF,0x7D,0xEF,0x7D,0xEF,0x7D,0xEF,0x7D,0xEF,
  0x7D,0xEF,0x7D,0xEF,0x7D,0xEF,0x7D,0xEF,0x7D,0xEF,0x7D,0xEF,0x7D,0xEF,0x7D,0xEF,0x7D,0xEF,0x7D,0xEF,0x7D,0xEF,0x7D,0xEF,
  0x7D,0xEF,0x7D,0xEF,0x7D,0xEF,0x7D,0xEF,0x7D,0xEF,0x7D,0xEF,0x7D,0xEF,0x7D,0xEF,0x7D,0xEF,0x7D,0xEF,0x7D,0xEF,0x7D,0xEF,
  0x7D,0xEF,0x7D,0xEF,0x7D,0xEF,0x7D,0xEF,0x7D,0xEF,0x7D,0xEF,0x7D,0xEF,0x7D,0xEF,0x7D,0xEF,0x7D,0xEF,0x7D,0xEF,0x7D,0xEF,
  0x7D,0xEF,0x7D,0xEF,0x7D,0xEF,0x7D,0xEF,0x7D,0xEF,0x7E,0xEF,0x7E,0xEF,0x7D,0xF7,0x7D,0xEF,0x9E,0xF7,0x3F,0xE7,0x51,0x4A,
  0x96,0x8C,0xFF,0xFF,0x7F,0xEF,0x95,0x6B,0x50,0x21,0x92,0x31,0x92,0x31,0x92,0x29,0x92,0x29,0x92,0x29,0x92,0x29,0x92,0x29,
  0x72,0x31,0x92,0x29,0xB0,0x31,0x3D,0xCE,0xBF,0xF7,0x9E,0xEF,0x9E,0xF7,0x3C,0xFF,0xEF,0xEB,0x05,0xD9,0x83,0xE0,0xA4,0xF0,
  0xC4,0xF0,0xE4,0xF0,0xE4,0xE8,0xE4,0xE8,0xC4,0xE8,0xE4,0xF0,0x83,0xE8,0x83,0xE8,0x05,0xE1,0x0C,0xEB,0x55,0xED,0x3C,0xF7,
  0xFF,0xF7,0x7E,0xFF,0x76,0xED,0xEB,0xE2,0x25,0xE1,0x83,0xE8,0x83,0xE8,0xC3,0xE8,0x04,0xE9,0xE4,0xE8,0xC4,0xF8,0xC4,0xD8,
  0x51,0xE4,0x9E,0xFF,0x5D,0xEF,0x7E,0xF7,0xBE,0xF7,0x99,0xFE,0xA8,0xD9,0x66,0xE9,0xE8,0xD1,0x2D,0xF3,0x87,0xD1,0xBA,0xF6,
  0x9E,0xF7,0x7D,0xEF,0x7D,0xEF,0x7D,0xEF,0x7D,0xEF,0x7D,0xEF,0x7D,0xEF,0x7D,0xEF,0x7D,0xEF,0x7D,0xEF,0x9E,0xF7,0x7E,0xEF,
  0x7E,0xEF,0x9E,0xEF,0x9D,0xEF,0x7D,0xEF,0x7E,0xF7,0x7D,0xEF,0x5C,0xEF,0xFE,0xFF,0xF5,0x7B,0xF0,0x18,0xB3,0x31,0x90,0x31,
  0x91,0x31,0x72,0x29,0xD0,0x39,0x1E,0xE7,0x7E,0xF7,0x9D,0xEF,0x9E,0xF7,0x9E,0xF7,0x7E,0xEF,0x7E,0xF7,0x7E,0xF7,0x7E,0xF7,
  0x7D,0xEF,0x9D,0xEF,0x9D,0xEF,0x7D,0xEF,0x7D,0xEF,0x7D,0xEF,0x7D,0xEF,0x7D,0xEF,0x7D,0xEF,0x7D,0xEF,0x7D,0xEF,0x7D,0xEF,
  0xBE,0xFF,0xD4,0xF4,0xA7,0xB1,0x96,0xFD,0x29,0xCA,0x08,0xEA,0x26,0xE1,0xB7,0xF5,0xDE,0xF7,0x5D,0xF7,0x9E,0xF7,0x3C,0xFF,
  0x6B,0xE2,0x83,0xE8,0x04,0xE9,0xE4,0xE8,0xC5,0xF8,0xC4,0xE8,0x83,0xE8,0x83,0xE0,0x86,0xE1,0xAF,0xEB,0x38,0xFE,0xBE,0xF7,
  0xFF,0xF7,0xFB,0xEE,0xB2,0xEC,0x09,0xEA,0xC4,0xE8,0xA3,0xE8,0xA4,0xF0,0xA4,0xF0,0xC5,0xE8,0x05,0xE9,0xE5,0xE8,0xE4,0xE8,
  0xA4,0xE8,0xA3,0xE8,0x83,0xE8,0x46,0xD9,0x14,0xF5,0xBD,0xFF,0x9D,0xE7,0x9D,0xF7,0x5F,0xEF,0xB2,0x52,0x51,0x21,0x92,0x31,
  0x92,0x29,0x92,0x29,0x92,0x29,0x92,0x29,0x92,0x29,0x92,0x29,0x92,0x29,0x72,0x29,0xB0,0x31,0x5D,0xCE,0xDF,0xFF,0xBD,0xD6,
  0x6F,0x31,0x7A,0xAD,0xBF,0xF7,0x7D,0xEF,0x7D,0xEF,0x7E,0xEF,0x7D,0xEF,0x7D,0xEF,0x7D,0xEF,0x7D,0xEF,0x7D,0xEF,0x7D,0xEF,
  0x7D,0xEF,0x7D,0xEF,0x7D,0xEF,0x7D,0xEF,0x7D,0xEF,0x7D,0xEF,0x7D,0xEF,0x7D,0xEF,0x7D,0xEF,0x7D,0xEF,0x7D,0xEF,0x7D,0xEF,
  0x7D,0xEF,0x7D,0xEF,0x7D,0xEF,0x7D,0xEF,0x7D,0xEF,0x7D,0xEF,0x7D,0xEF,0x7D,0xEF,0x7D,0xEF,0x7D,0xEF,0x7D,0xEF,0x7D,0xEF,
  0x7D,0xEF,0x7D,0xEF,0x7D,0xEF,0x7D,0xEF,0x7D,0xEF,0x7D,0xEF,0x7D,0xEF,0x7D,0xEF,0x7D,0xEF,0x7D,0xEF,0x7D,0xEF,0x7D,0xEF,
  0x7D,0xEF,0x7D,0xEF,0x7D,0xEF,0x7D,0xEF,0x7D,0xEF,0x7D,0xEF,0x7D,0xEF,0x7D,0xEF,0x7D,0xEF,0x7D,0xEF,0x7D,0xEF,0x7D,0xEF,
  0x7D,0xEF,0x7D,0xEF,0x7D,0xEF,0x7D,0xEF,0x7D,0xEF,0x7D,0xEF,0x7D,0xF7,0x7D,0xEF,0x7D,0xEF,0x9E,0xF7,0x3F,0xE7,0x70,0x4A,
  0x14,0x7C,0xFF,0xFF,0x5E,0xEF,0x95,0x73,0x51,0x21,0xB3,0x29,0x91,0x29,0x92,0x31,0x92,0x29,0x92,0x29,0x92,0x29,0x92,0x29,
  0x91,0x29,0x92,0x29,0x90,0x29,0xBA,0xAD,0xDE,0xFF,0x5E,0xEF,0x9F,0xFF,0xD3,0xF4,0xC4,0xD0,0xA3,0xE8,0xE4,0xE8,0xC4,0xE8,
  0xC5,0xE8,0xE5,0xE8,0xE4,0xE8,0xA3,0xF0,0x62,0xE8,0xA4,0xE0,0x29,0xEA,0x31,0xEC,0x9A,0xF6,0xFF,0xF7,0xFF,0xEF,0x59,0xEE,
  0x10,0xEC,0xA7,0xE1,0xA3,0xE8,0x82,0xE8,0xC3,0xE8,0xC3,0xE8,0xE4,0xE8,0xE5,0xE8,0xE4,0xE8,0xE3,0xE8,0xE4,0xF0,0xC4,0xD0,
  0xB3,0xEC,0x9F,0xFF,0x7D,0xEF,0x7D,0xEF,0x9E,0xE7,0x9D,0xFF,0x10,0xEC,0x05,0xD9,0x25,0xE9,0x0C,0xF3,0x08,0xCA,0x52,0xE4,
  0xBE,0xFF,0x7D,0xEF,0x7D,0xEF,0x9D,0xEF,0x7E,0xF7,0x7E,0xF7,0x9D,0xEF,0x9D,0xEF,0x9D,0xEF,0x7D,0xEF,0x9D,0xEF,0x7D,0xEF,
  0x7E,0xEF,0x9E,0xF7,0x7D,0xEF,0x7D,0xEF,0x9D,0xF7,0x9D,0xEF,0x7D,0xEF,0xFF,0xFF,0xF6,0x7B,0x31,0x21,0xB2,0x31,0x91,0x29,
  0x91,0x29,0x52,0x29,0x92,0x4A,0x7F,0xEF,0x9E,0xEF,0x7D,0xEF,0x9D,0xEF,0x7E,0xEF,0x7D,0xEF,0x9E,0xF7,0x7D,0xEF,0x7D,0xEF,
  0x7D,0xEF,0x7D,0xEF,0x9D,0xEF,0x9D,0xEF,0x7D,0xF7,0x7E,0xF7,0x7E,0xEF,0x7E,0xF7,0x7E,0xF7,0x7D,0xEF,0x7D,0xEF,0x9D,0xF7,
  0x7D,0xFF,0x6A,0xD2,0x6C,0xDB,0x72,0xF4,0x27,0xE9,0x86,0xD9,0xCC,0xDA,0x5D,0xFF,0x9D,0xEF,0x7D,0xF7,0x9D,0xEF,0x5D,0xFF,
  0x8F,0xE3,0x83,0xD8,0xE4,0xF0,0x04,0xE9,0xA4,0xE8,0xA4,0xF0,0xE5,0xE8,0xE4,0xE8,0xC3,0xE8,0x62,0xE8,0xA4,0xE8,0x2B,0xEA,
  0x93,0xEC,0xDB,0xEE,0xFF,0xFF,0xBE,0xF7,0x17,0xEE,0x8E,0xEB,0xA7,0xE1,0x83,0xE8,0x63,0xE8,0xA4,0xE8,0x05,0xE9,0x05,0xE9,
  0xE4,0xE8,0xE4,0xE8,0xE4,0xE8,0x83,0xE8,0xA7,0xD9,0x79,0xF6,0x9E,0xF7,0x7E,0xEF,0x7F,0xE7,0x92,0x4A,0x71,0x29,0x92,0x29,
  0x92,0x29,0x92,0x29,0x91,0x29,0x92,0x29,0x92,0x29,0x92,0x29,0x92,0x29,0x72,0x29,0xD0,0x31,0xDE,0xDE,0xDF,0xFF,0x7D,0xCE,
  0x6F,0x29,0x3B,0xC6,0xDE,0xF7,0x7D,0xEF,0x7D,0xF7,0x7E,0xEF,0x9D,0xEF,0x7D,0xEF,0x7D,0xEF,0x7D,0xEF,0x7D,0xEF,0x7D,0xEF,
  0x7D,0xEF,0x7D,0xEF,0x7D,0xEF,0x7D,0xEF,0x7D,0xEF,0x7D,0xEF,0x7D,0xEF,0x7D,0xEF,0x7D,0xEF,0x7D,0xEF,0x7D,0xEF,0x7D,0xEF,
  0x7D,0xEF,0x7D,0xEF,0x7D,0xEF,0x7D,0xEF,0x7D,0xEF,0x7D,0xEF,0x7D,0xEF,0x7D,0xEF,0x7D,0xEF,0x7D,0xEF,0x7D,0xEF,0x7D,0xEF,
  0x7D,0xEF,0x7D,0xEF,0x7D,0xEF,0x7D,0xEF,0x7D,0xEF,0x7D,0xEF,0x7D,0xEF,0x7D,0xEF,0x7D,0xEF,0x7D,0xEF,0x7D,0xEF,0x7D,0xEF,
  0x7D,0xEF,0x7D,0xEF,0x7D,0xEF,0x7D,0xEF,0x7D,0xEF,0x7D,0xEF,0x7D,0xEF,0x7D,0xEF,0x7D,0xEF,0x7D,0xEF,0x7D,0xEF,0x7D,0xEF,
  0x7D,0xEF,0x7D,0xEF,0x7D,0xEF,0x7D,0xEF,0x7D,0xEF,0x9D,0xEF,0x7D,0xF7,0x7D,0xEF,0x9D,0xEF,0x9D,0xEF,0x9F,0xF7,0xD2,0x52,
  0xB4,0x73,0xFF,0xFF,0x9E,0xF7,0xD5,0x7B,0x31,0x21,0xB3,0x29,0x91,0x29,0x92,0x31,0x92,0x29,0x92,0x29,0x92,0x29,0x92,0x29,
  0xB1,0x29,0x92,0x31,0x71,0x29,0x7A,0xA5,0xDE,0xF7,0x7E,0xEF,0x7E,0xFF,0x6E,0xE3,0xA3,0xE0,0xE4,0xF8,0xE4,0xF0,0x05,0xF1,
  0xA3,0xE8,0x63,0xF0,0xA3,0xE8,0x66,0xE1,0x6E,0xEB,0xB8,0xED,0xBF,0xF7,0xFF,0xF7,0x1B,0xEF,0xD3,0xEC,0x8B,0xEA,0xE5,0xE8,
  0x43,0xE8,0xA3,0xE8,0x04,0xE9,0xE5,0xE8,0xC5,0xE8,0xC4,0xE8,0xE5,0xE8,0x05,0xE9,0xC4,0xE0,0x84,0xE8,0x84,0xE0,0x0D,0xE3,
  0xDA,0xFE,0x7D,0xEF,0x5D,0xEF,0x5D,0xF7,0x7D,0xEF,0xBE,0xEF,0xBB,0xFE,0xC8,0xD9,0x83,0xE0,0xC7,0xE9,0x8A,0xF2,0x09,0xD2,
  0x3C,0xFF,0x7E,0xEF,0x7E,0xEF,0x9D,0xF7,0x7D,0xEF,0x7E,0xEF,0x7E,0xF7,0x9D,0xEF,0x9D,0xEF,0x7E,0xEF,0x7E,0xEF,0x7E,0xEF,
  0x7D,0xF7,0x7D,0xF7,0x9D,0xF7,0x9D,0xF7,0x7D,0xEF,0x7D,0xEF,0x7D,0xEF,0xFF,0xFF,0xD6,0x7B,0x31,0x21,0xB3,0x31,0xB2,0x29,
  0xD3,0x31,0x51,0x21,0xB3,0x52,0x5F,0xEF,0x7D,0xF7,0x7D,0xEF,0x9E,0xF7,0x7D,0xEF,0x7D,0xEF,0x7D,0xEF,0x7D,0xEF,0x7D,0xEF,
  0x7D,0xEF,0x7D,0xEF,0x7E,0xEF,0x7E,0xEF,0x7D,0xF7,0x9D,0xEF,0x9D,0xEF,0x7D,0xF7,0x5D,0xEF,0x7D,0xF7,0x7D,0xEF,0x9E,0xFF,
  0x17,0xF6,0x26,0xC9,0xD3,0xFC,0xCB,0xD2,0x27,0xF1,0x45,0xD9,0xB6,0xED,0xBE,0xFF,0x5D,0xEF,0x7E,0xF7,0x5C,0xEF,0xBE,0xF7,
  0x18,0xFE,0xE9,0xD9,0x63,0xE0,0xA3,0xE8,0xE4,0xE8,0xE4,0xE8,0xE4,0xE8,0xE5,0xE8,0xE5,0xE0,0xE5,0xE8,0xC4,0xE8,0x83,0xE8,
  0x62,0xE8,0x45,0xE9,0xEC,0xEA,0x75,0xED,0x9D,0xF7,0xFF,0xF7,0x1C,0xF7,0x34,0xF5,0xCB,0xEA,0x24,0xE1,0x82,0xE0,0xA3,0xE8,
  0xE4,0xE8,0xE5,0xE8,0x04,0xE1,0x05,0xF9,0xC5,0xD0,0x76,0xED,0xBE,0xFF,0x7D,0xF7,0x5F,0xE7,0x51,0x42,0x51,0x29,0x72,0x31,
  0x72,0x31,0x92,0x29,0x91,0x29,0x92,0x29,0x92,0x29,0xB2,0x31,0x92,0x29,0x92,0x29,0xD0,0x39,0x1E,0xE7,0xBF,0xFF,0x3C,0xC6,
  0x6E,0x29,0x3C,0xC6,0xDE,0xF7,0x7D,0xEF,0x7D,0xF7,0x7E,0xEF,0x7D,0xEF,0x7D,0xEF,0x7D,0xEF,0x7D,0xEF,0x7D,0xEF,0x7D,0xEF,
  0x7D,0xEF,0x7D,0xEF,0x7D,0xEF,0x7D,0xEF,0x7D,0xEF,0x7D,0xEF,0x7D,0xEF,0x7D,0xEF,0x7D,0xEF,0x7D,0xEF,0x7D,0xEF,0x7D,0xEF,
  0x7D,0xEF,0x7D,0xEF,0x7D,0xEF,0x7D,0xEF,0x7D,0xEF,0x7D,0xEF,0x7D,0xEF,0x7D,0xEF,0x7D,0xEF,0x7D,0xEF,0x7D,0xEF,0x7D,0xEF,
  0x7D,0xEF,0x7D,0xEF,0x7D,0xEF,0x7D,0xEF,0x7D,0xEF,0x7D,0xEF,0x7D,0xEF,0x7D,0xEF,0x7D,0xEF,0x7D,0xEF,0x7D,0xEF,0x7D,0xEF,
  0x7D,0xEF,0x7D,0xEF,0x7D,0xEF,0x7D,0xEF,0x7D,0xEF,0x7D,0xEF,0x7D,0xEF,0x7D,0xEF,0x7D,0xEF,0x7D,0xEF,0x7D,0xEF,0x7D,0xEF,
  0x7D,0xEF,0x7D,0xEF,0x7D,0xEF,0x7D,0xEF,0x7D,0xEF,0x9D,0xEF,0x7D,0xF7,0x7E,0xEF,0x9D,0xEF,0x7D,0xEF,0xBF,0xF7,0xF2,0x5A,
  0x53,0x6B,0xDF,0xFF,0xBF,0xF7,0x57,0x8C,0x30,0x21,0xB3,0x31,0x92,0x29,0x92,0x31,0x92,0x29,0x92,0x29,0x92,0x29,0x92,0x29,
  0xB2,0x29,0x92,0x31,0x50,0x29,0xD9,0x9C,0xFF,0xF7,0x7D,0xE7,0xBE,0xFF,0xF4,0xF4,0xA4,0xD0,0x43,0xE8,0x63,0xE8,0x62,0xE8,
  0x04,0xE9,0x8A,0xF2,0xB2,0xEC,0x3C,0xEF,0xFF,0xF7,0x7D,0xF7,0x76,0xED,0x2C,0xE3,0x66,0xE9,0x63,0xE8,0x63,0xF0,0xC3,0xE8,
  0xE4,0xE8,0xE5,0xE8,0xE4,0xE8,0xE4,0xE8,0xE4,0xE8,0xE4,0xF0,0x83,0xE8,0x82,0xE8,0x05,0xE9,0x8B,0xEA,0x15,0xF5,0x9E,0xFF,
  0xFF,0xF7,0xDF,0xEF,0xFF,0xF7,0x7D,0xF7,0x5D,0xF7,0x7E,0xEF,0xDE,0xFF,0x51,0xEC,0xA3,0xD8,0xE5,0xE0,0x49,0xFA,0x66,0xD9,
  0x96,0xED,0xBE,0xFF,0x9E,0xEF,0x5D,0xEF,0x7D,0xEF,0x9D,0xEF,0x7E,0xF7,0x7D,0xF7,0x9E,0xEF,0x7E,0xEF,0x7E,0xEF,0x7D,0xF7,
  0x7D,0xF7,0x7D,0xF7,0x7D,0xF7,0x5C,0xEF,0x7D,0xF7,0x7D,0xF7,0x3D,0xEF,0xDF,0xF7,0x36,0x8C,0xAF,0x18,0x32,0x21,0x51,0x21,
  0x51,0x21,0x10,0x19,0xB2,0x52,0x5F,0xEF,0x9E,0xEF,0x5D,0xEF,0x7D,0xF7,0x7D,0xF7,0x7D,0xF7,0x9E,0xF7,0x7D,0xEF,0x7D,0xEF,
  0x7D,0xEF,0x7D,0xEF,0x7E,0xF7,0x7E,0xF7,0x7E,0xEF,0x9D,0xEF,0x9D,0xEF,0x7D,0xF7,0x9D,0xF7,0x9D,0xEF,0x9E,0xE7,0x9E,0xFF,
  0x4D,0xDB,0x6A,0xCA,0x93,0xFC,0x46,0xD1,0x26,0xE1,0xEC,0xE2,0x7D,0xFF,0x7D,0xEF,0x7E,0xEF,0x9E,0xE7,0xFF,0xF7,0xDF,0xEF,
  0xFF,0xF7,0x1B,0xFF,0x31,0xEC,0xE9,0xF1,0x84,0xE8,0x63,0xE8,0xC3,0xE8,0xE3,0xE8,0xE4,0xE8,0xE4,0xE8,0xE5,0xE8,0xE5,0xE8,
  0xE4,0xF0,0xC3,0xE8,0xA3,0xE8,0xA4,0xE0,0xC8,0xE9,0xCE,0xE3,0x38,0xF6,0xDE,0xFF,0xFF,0xF7,0x9A,0xF6,0x31,0xF4,0x08,0xEA,
  0xC4,0xE8,0x63,0xE8,0x83,0xF0,0x22,0xE8,0xA8,0xD9,0x79,0xFE,0x9D,0xF7,0x9E,0xF7,0xFF,0xDE,0xF0,0x31,0x72,0x21,0x92,0x31,
  0x72,0x31,0x92,0x29,0x91,0x29,0x92,0x29,0x72,0x29,0x91,0x29,0x92,0x29,0x71,0x29,0x10,0x42,0x3E,0xE7,0xDF,0xFF,0xDB,0xB5,
  0x6F,0x29,0x7C,0xCE,0xDE,0xF7,0x7D,0xEF,0x7D,0xF7,0x7E,0xEF,0x7D,0xEF,0x7D,0xEF,0x7D,0xEF,0x7D,0xEF,0x7D,0xEF,0x7D,0xEF,
  0x7D,0xEF,0x7D,0xEF,0x7D,0xEF,0x7D,0xEF,0x7D,0xEF,0x7D,0xEF,0x7D,0xEF,0x7D,0xEF,0x7D,0xEF,0x7D,0xEF,0x7D,0xEF,0x7D,0xEF,
  0x7D,0xEF,0x7D,0xEF,0x7D,0xEF,0x7D,0xEF,0x7D,0xEF,0x7D,0xEF,0x7D,0xEF,0x7D,0xEF,0x7D,0xEF,0x7D,0xEF,0x7D,0xEF,0x7D,0xEF,
  0x7D,0xEF,0x7D,0xEF,0x7D,0xEF,0x7D,0xEF,0x7D,0xEF,0x7D,0xEF,0x7D,0xEF,0x7D,0xEF,0x7D,0xEF,0x7D,0xEF,0x7D,0xEF,0x7D,0xEF,
  0x7D,0xEF,0x7D,0xEF,0x7D,0xEF,0x7D,0xEF,0x7D,0xEF,0x7D,0xEF,0x7D,0xEF,0x7D,0xEF,0x7D,0xEF,0x7D,0xEF,0x7D,0xEF,0x7D,0xEF,
  0x7D,0xEF,0x7D,0xEF,0x7D,0xEF,0x7D,0xEF,0x7D,0xEF,0x9D,0xEF,0x7E,0xF7,0x7E,0xEF,0x9D,0xEF,0x7D,0xEF,0xDF,0xFF,0x32,0x63,
  0x12,0x5B,0x9F,0xF7,0xDF,0xFF,0xD8,0x9C,0x30,0x21,0xB2,0x31,0x92,0x29,0x72,0x29,0x92,0x29,0x92,0x29,0x92,0x29,0x72,0x29,
  0x91,0x31,0xB2,0x31,0x30,0x21,0x57,0x8C,0xFF,0xFF,0x7D,0xEF,0xBD,0xEF,0x5D,0xFF,0x92,0xE4,0xCB,0xE2,0xCB,0xE2,0xF0,0xE3,
  0x39,0xF6,0xDF,0xF7,0xFF,0xF7,0x7A,0xF6,0x11,0xEC,0xC8,0xE1,0xC3,0xE0,0x63,0xE8,0xA4,0xE8,0xE5,0xE8,0xE4,0xE8,0xE4,0xF0,
  0xE4,0xF0,0xC4,0xE8,0xE4,0xE8,0xA4,0xE8,0x63,0xE8,0x83,0xE8,0xC8,0xE9,0x10,0xEC,0x99,0xF6,0xFE,0xF7,0x9D,0xF7,0xB7,0xED,
  0xF1,0xE3,0x31,0xEC,0xD6,0xED,0xBD,0xFF,0xBE,0xF7,0x5D,0xEF,0x7D,0xEF,0xDA,0xFE,0x09,0xDA,0x83,0xE0,0xA7,0xF1,0xC8,0xD9,
  0x0C,0xD3,0x5D,0xFF,0x7D,0xEF,0x9E,0xF7,0x7D,0xEF,0x9E,0xEF,0x7E,0xF7,0x7D,0xEF,0x7D,0xEF,0x7D,0xEF,0x7D,0xEF,0x7D,0xEF,
  0x9E,0xEF,0xBE,0xEF,0xFF,0xF7,0xDF,0xEF,0xDF,0xEF,0xFF,0xF7,0xDE,0xEF,0xFF,0xF7,0xFB,0xAD,0x95,0x63,0x76,0x63,0x16,0x53,
  0x15,0x53,0xD3,0x4A,0x97,0x84,0xFF,0xEF,0xFF,0xEF,0xBE,0xEF,0xBE,0xF7,0x9E,0xEF,0x7D,0xEF,0x7D,0xF7,0x7D,0xF7,0x7D,0xF7,
  0x7D,0xEF,0x7D,0xEF,0x9D,0xEF,0x9D,0xEF,0x7D,0xEF,0x7D,0xEF,0x7D,0xF7,0x7E,0xF7,0x9E,0xEF,0x7D,0xE7,0xBE,0xF7,0xDC,0xFE,
  0x46,0xD1,0x71,0xEC,0xEC,0xE2,0xA3,0xF0,0x66,0xD1,0x96,0xF5,0x9E,0xFF,0x7D,0xEF,0x9E,0xF7,0x5C,0xFF,0x74,0xED,0x11,0xEC,
  0x52,0xEC,0x39,0xEE,0xFF,0xF7,0xDD,0xF7,0xF7,0xED,0x6E,0xEB,0x46,0xE9,0x83,0xE0,0x63,0xE0,0xA4,0xF0,0xE4,0xF0,0xE4,0xF0,
  0xA4,0xF0,0x84,0xE8,0xE5,0xF0,0xC4,0xF0,0x83,0xE8,0x63,0xE8,0x05,0xE9,0x6B,0xEA,0xD3,0xF4,0xFB,0xF6,0xFF,0xF7,0x9D,0xF7,
  0xB6,0xED,0x4E,0xE3,0xAC,0xE2,0x0D,0xDB,0x96,0xF5,0xBE,0xF7,0x7E,0xEF,0xBF,0xF7,0x7D,0xCE,0xB0,0x31,0x92,0x29,0x91,0x31,
  0x72,0x31,0x92,0x29,0x91,0x29,0x92,0x29,0x92,0x29,0x91,0x29,0xB2,0x29,0x71,0x29,0xB2,0x52,0x5E,0xEF,0xFF,0xFF,0x39,0xA5,
  0xB0,0x39,0xDD,0xD6,0xBE,0xF7,0x7E,0xEF,0x7D,0xF7,0x7D,0xEF,0x7D,0xEF,0x7D,0xEF,0x7D,0xEF,0x7D,0xEF,0x7D,0xEF,0x7D,0xEF,
  0x7D,0xEF,0x7D,0xEF,0x7D,0xEF,0x7D,0xEF,0x7D,0xEF,0x7D,0xEF,0x7D,0xEF,0x7D,0xEF,0x7D,0xEF,0x7D,0xEF,0x7D,0xEF,0x7D,0xEF,
  0x7D,0xEF,0x7D,0xEF,0x7D,0xEF,0x7D,0xEF,0x7D,0xEF,0x7D,0xEF,0x7D,0xEF,0x7D,0xEF,0x7D,0xEF,0x7D,0xEF,0x7D,0xEF,0x7D,0xEF,
  0x7D,0xEF,0x7D,0xEF,0x7D,0xEF,0x7D,0xEF,0x7D,0xEF,0x7D,0xEF,0x7D,0xEF,0x7D,0xEF,0x7D,0xEF,0x7D,0xEF,0x7D,0xEF,0x7D,0xEF,
  0x7D,0xEF,0x7D,0xEF,0x7D,0xEF,0x7D,0xEF,0x7D,0xEF,0x7D,0xEF,0x7D,0xEF,0x7D,0xEF,0x7D,0xEF,0x7D,0xEF,0x7D,0xEF,0x7D,0xEF,
  0x7D,0xEF,0x7D,0xEF,0x7D,0xEF,0x7D,0xEF,0x7D,0xEF,0x9D,0xEF,0x7E,0xF7,0x7E,0xEF,0x9D,0xEF,0x7D,0xEF,0xFF,0xFF,0xB4,0x73,
  0x91,0x52,0x5F,0xEF,0xFF,0xFF,0x39,0xA5,0x30,0x21,0xB2,0x31,0x92,0x29,0x72,0x29,0x92,0x29,0x92,0x29,0x92,0x29,0x92,0x29,
  0x91,0x29,0xB2,0x31,0x10,0x19,0xD6,0x7B,0xDF,0xFF,0x5D,0xF7,0x7E,0xEF,0x9E,0xEF,0xBE,0xF7,0x9D,0xF7,0xDF,0xEF,0xFF,0xF7,
  0x5C,0xF7,0xD3,0xE4,0x8A,0xE2,0x05,0xE9,0x62,0xE8,0xA3,0xE8,0xC4,0xE8,0xC4,0xF0,0xE4,0xE8,0xE4,0xE8,0xE5,0xF0,0xE4,0xF0,
  0xC3,0xE8,0x83,0xE8,0x63,0xE8,0x46,0xE9,0x2D,0xE3,0xD6,0xED,0x7D,0xFF,0xDF,0xF7,0x9A,0xEE,0x12,0xEC,0xC8,0xE9,0xA3,0xE8,
  0x62,0xF0,0x43,0xE8,0xE5,0xD8,0x15,0xFD,0x9E,0xF7,0x7E,0xF7,0x7D,0xEF,0xDF,0xFF,0x72,0xEC,0xA3,0xD8,0xE4,0xF0,0xA8,0xE9,
  0x87,0xD9,0x17,0xFE,0xDE,0xF7,0x9E,0xEF,0x7D,0xF7,0x7D,0xEF,0x7E,0xF7,0x9E,0xEF,0xBE,0xEF,0xDF,0xF7,0xFF,0xF7,0xBE,0xF7,
  0x5C,0xEF,0xBA,0xEE,0xF7,0xED,0x14,0xED,0x30,0xEC,0x6E,0xEB,0xCC,0xEA,0xAB,0xF2,0xE9,0xE9,0xE8,0xE9,0xE8,0xE9,0xE9,0xE1,
  0x6B,0xE2,0x6C,0xDA,0x6E,0xE3,0x31,0xF4,0xF4,0xF4,0x18,0xEE,0x7A,0xEE,0x1C,0xEF,0xBE,0xF7,0xFF,0xF7,0xDF,0xEF,0xDE,0xEF,
  0xBE,0xEF,0x7D,0xF7,0x5D,0xF7,0x7D,0xEF,0x9E,0xEF,0x9E,0xEF,0x9E,0xEF,0x7D,0xEF,0x7E,0xF7,0x7D,0xEF,0x9E,0xFF,0xB3,0xDC,
  0xC8,0xC9,0x92,0xF4,0x45,0xD1,0xA3,0xE8,0xEC,0xE2,0x9E,0xFF,0x7D,0xF7,0x9D,0xEF,0x3C,0xFF,0x2E,0xE3,0x84,0xE8,0x62,0xE8,
  0x82,0xE8,0x05,0xE9,0x4A,0xE2,0xD3,0xEC,0x1C,0xF7,0xFF,0xFF,0x1B,0xF7,0xF3,0xF4,0x6B,0xEA,0xE5,0xE0,0x83,0xE8,0xA3,0xE0,
  0xC4,0xE8,0x05,0xE9,0xE4,0xE8,0xC4,0xE8,0xE4,0xE8,0xE4,0xE8,0xE4,0xE8,0x82,0xE8,0x63,0xE8,0x66,0xE9,0x2D,0xEB,0xD7,0xF5,
  0x9D,0xF7,0xFF,0xEF,0xFE,0xEF,0xBD,0xEF,0xBE,0xEF,0x9E,0xEF,0x5D,0xF7,0xBE,0xF7,0xFB,0xBD,0x90,0x31,0x92,0x29,0x91,0x29,
  0x92,0x29,0x92,0x29,0x92,0x29,0x92,0x29,0x92,0x29,0x92,0x29,0xB2,0x29,0x51,0x21,0x34,0x63,0x5E,0xEF,0xFF,0xFF,0xD7,0x94,
  0x10,0x42,0x1E,0xDF,0x9E,0xF7,0x7E,0xEF,0x7D,0xF7,0x7D,0xEF,0x7D,0xEF,0x7D,0xEF,0x7D,0xEF,0x7D,0xEF,0x7D,0xEF,0x7D,0xEF,
  0x7D,0xEF,0x7D,0xEF,0x7D,0xEF,0x7D,0xEF,0x7D,0xEF,0x7D,0xEF,0x7D,0xEF,0x7D,0xEF,0x7D,0xEF,0x7D,0xEF,0x7D,0xEF,0x7D,0xEF,
  0x7D,0xEF,0x7D,0xEF,0x7D,0xEF,0x7D,0xEF,0x7D,0xEF,0x7D,0xEF,0x7D,0xEF,0x7D,0xEF,0x7D,0xEF,0x7D,0xEF,0x7D,0xEF,0x7D,0xEF,
  0x7D,0xEF,0x7D,0xEF,0x7D,0xEF,0x7D,0xEF,0x7D,0xEF,0x7D,0xEF,0x7D,0xEF,0x7D,0xEF,0x7D,0xEF,0x7D,0xEF,0x7D,0xEF,0x7D,0xEF,
  0x7D,0xEF,0x7D,0xEF,0x7D,0xEF,0x7D,0xEF,0x7D,0xEF,0x7D,0xEF,0x7D,0xEF,0x7D,0xEF,0x7D,0xEF,0x7D,0xEF,0x7D,0xEF,0x7D,0xEF,
  0x7D,0xEF,0x7D,0xEF,0x7D,0xEF,0x7D,0xEF,0x7E,0xEF,0x7E,0xEF,0x9D,0xF7,0x7E,0xEF,0x7D,0xEF,0x7C,0xEF,0xDF,0xFF,0x97,0x94,
  0x32,0x4A,0x1E,0xDF,0xFF,0xFF,0xBA,0xB5,0x70,0x29,0x93,0x29,0x92,0x29,0x91,0x31,0x92,0x29,0x92,0x29,0x92,0x29,0x91,0x31,
  0x91,0x29,0x93,0x31,0x30,0x21,0x34,0x63,0x5F,0xEF,0x9D,0xEF,0x7D,0xF7,0x7E,0xEF,0x9E,0xEF,0x7E,0xFF,0xD7,0xED,0x8F,0xEB,
  0x67,0xE1,0x83,0xE8,0x62,0xE8,0xC4,0xE8,0xE4,0xE8,0xC4,0xE8,0xC4,0xE8,0xE5,0xE8,0xE4,0xE8,0xC4,0xE8,0x83,0xE8,0x62,0xE8,
  0x05,0xE1,0xAB,0xEA,0xB3,0xEC,0x1B,0xF7,0xFF,0xF7,0x1C,0xF7,0x34,0xED,0xAB,0xE2,0xE5,0xE8,0x63,0xE8,0xA3,0xE0,0xC4,0xE8,
  0xE5,0xF0,0x05,0xF1,0x83,0xE0,0x4A,0xDA,0x1C,0xFF,0x7E,0xF7,0x7D,0xEF,0x7E,0xF7,0xBB,0xFE,0x28,0xD2,0xA3,0xE0,0x26,0xF1,
  0xE4,0xE0,0x50,0xEC,0x9D,0xFF,0x5D,0xEF,0x7E,0xF7,0xBE,0xEF,0xBE,0xF7,0xBE,0xF7,0x1C,0xF7,0xB7,0xF5,0x52,0xEC,0xEC,0xEA,
  0xA7,0xE9,0x84,0xE8,0x22,0xE8,0x83,0xE8,0xE4,0xE0,0x87,0xE9,0x4A,0xF2,0xCB,0xEA,0x2D,0xEB,0x6E,0xEB,0x8E,0xEB,0xAE,0xF3,
  0x4D,0xF3,0xCC,0xF2,0x2A,0xF2,0x87,0xE9,0x05,0xE9,0xC4,0xE0,0xE4,0xE8,0x87,0xF1,0x6A,0xF2,0xAF,0xEB,0x14,0xED,0x59,0xEE,
  0x5D,0xF7,0xBF,0xEF,0xDF,0xF7,0xDF,0xEF,0x9E,0xE7,0x5C,0xF7,0x7D,0xF7,0x9C,0xEF,0x9D,0xEF,0x9D,0xE7,0x3D,0xFF,0x8A,0xD2,
  0x6E,0xDB,0x2D,0xF3,0x83,0xE0,0x26,0xD1,0xB6,0xF5,0x9D,0xFF,0x7D,0xEF,0x9E,0xEF,0xD8,0xFD,0x25,0xD1,0xC4,0xE8,0x04,0xE9,
  0xE4,0xE8,0xC4,0xF0,0x83,0xF0,0x83,0xE8,0x46,0xE1,0x4E,0xEB,0xB7,0xF5,0x7D,0xF7,0xFF,0xFF,0x58,0xF6,0xCF,0xEB,0xC8,0xE9,
  0xA4,0xE8,0x42,0xE8,0xA3,0xE8,0xE5,0xF0,0xE5,0xF0,0xC5,0xF0,0xC5,0xF0,0xC5,0xF0,0xE5,0xE8,0xA3,0xE8,0x62,0xE8,0x83,0xE8,
  0x09,0xE2,0x51,0xEC,0x59,0xF6,0xBE,0xF7,0x9D,0xE7,0x7D,0xEF,0x7D,0xEF,0xDE,0xFF,0x3A,0xA5,0x51,0x29,0x92,0x29,0x72,0x31,
  0x72,0x31,0x92,0x29,0x92,0x29,0x92,0x29,0x92,0x29,0x92,0x29,0x93,0x29,0x31,0x21,0xD5,0x73,0x7F,0xEF,0xFF,0xFF,0x35,0x8C,
  0x51,0x4A,0x3F,0xE7,0x9D,0xF7,0x7D,0xEF,0x7E,0xEF,0x9D,0xEF,0x7D,0xEF,0x7D,0xEF,0x7D,0xEF,0x7D,0xEF,0x7D,0xEF,0x7D,0xEF,
  0x7D,0xEF,0x7D,0xEF,0x7D,0xEF,0x7D,0xEF,0x7D,0xEF,0x7D,0xEF,0x7D,0xEF,0x7D,0xEF,0x7D,0xEF,0x7D,0xEF,0x7D,0xEF,0x7D,0xEF,
  0x7D,0xEF,0x7D,0xEF,0x7D,0xEF,0x7D,0xEF,0x7D,0xEF,0x7D,0xEF,0x7D,0xEF,0x7D,0xEF,0x7D,0xEF,0x7D,0xEF,0x7D,0xEF,0x7D,0xEF,
  0x7D,0xEF,0x7D,0xEF,0x7D,0xEF,0x7D,0xEF,0x7D,0xEF,0x7D,0xEF,0x7D,0xEF,0x7D,0xEF,0x7D,0xEF,0x7D,0xEF,0x7D,0xEF,0x7D,0xEF,
  0x7D,0xEF,0x7D,0xEF,0x7D,0xEF,0x7D,0xEF,0x7D,0xEF,0x7D,0xEF,0x7D,0xEF,0x7D,0xEF,0x7D,0xEF,0x7D,0xEF,0x7D,0xEF,0x7D,0xEF,
  0x7D,0xEF,0x7D,0xEF,0x7D,0xEF,0x7D,0xEF,0x7E,0xEF,0x7E,0xEF,0x9D,0xF7,0x7E,0xEF,0x7D,0xEF,0x7D,0xEF,0xDF,0xFF,0x39,0xA5,
  0xD0,0x39,0xBE,0xD6,0xDF,0xFF,0x1C,0xC6,0xD0,0x31,0x72,0x29,0x92,0x29,0x92,0x31,0x92,0x29,0x92,0x29,0x92,0x29,0x91,0x29,
  0x91,0x29,0xB3,0x31,0x71,0x29,0x72,0x52,0xFE,0xEE,0x9E,0xF7,0x5D,0xF7,0x7E,0xF7,0x7D,0xFF,0x31,0xEC,0xC4,0xE0,0x43,0xE8,
  0x83,0xF0,0xE4,0xF0,0xC4,0xF0,0xC4,0xE8,0xC4,0xE8,0xE4,0xE8,0xE4,0xF0,0xE4,0xE8,0x83,0xE8,0x83,0xE8,0xE8,0xE9,0xCF,0xEB,
  0x38,0xF6,0xDE,0xF7,0x7E,0xF7,0xD7,0xED,0x4E,0xEB,0x66,0xE1,0x83,0xE0,0x64,0xF0,0xE5,0xF0,0x05,0xE9,0xE5,0xE8,0xA4,0xE8,
  0xC5,0xE8,0xE5,0xE8,0xA3,0xE8,0x6A,0xDA,0x1C,0xFF,0x7E,0xF7,0x5D,0xEF,0x9D,0xEF,0x9D,0xFF,0xF3,0xF4,0xE4,0xD0,0x05,0xF1,
  0x05,0xE9,0x09,0xD2,0x1C,0xFF,0xFF,0xEF,0x9E,0xF7,0xDB,0xF6,0x34,0xED,0x2C,0xE3,0x66,0xE1,0x83,0xE8,0x21,0xE8,0xE5,0xE0,
  0x2A,0xE2,0x8F,0xEB,0x15,0xF5,0xF8,0xED,0xDB,0xF6,0x7D,0xF7,0xBE,0xF7,0xBE,0xEF,0xDF,0xEF,0xFF,0xEF,0xFF,0xEF,0xFF,0xEF,
  0xDE,0xEF,0x9E,0xEF,0x9D,0xF7,0x7D,0xF7,0x1C,0xF7,0x38,0xF6,0x35,0xF5,0xD0,0xEB,0x6A,0xEA,0x46,0xE9,0x64,0xE0,0xA5,0xE8,
  0xA8,0xE1,0x6E,0xEB,0x35,0xED,0xDB,0xEE,0x9E,0xF7,0xBE,0xF7,0xBF,0xEF,0x7E,0xF7,0x7E,0xEF,0xBE,0xF7,0x97,0xFD,0x26,0xD9,
  0x51,0xF4,0x86,0xD9,0x63,0xE0,0xEC,0xE2,0x7D,0xFF,0x9D,0xEF,0x5D,0xEF,0x9E,0xFF,0x96,0xFD,0x25,0xD1,0xE4,0xE8,0x04,0xE9,
  0xE4,0xE0,0xC4,0xE0,0xE5,0xE8,0xC4,0xF0,0xA3,0xF0,0x63,0xE8,0xA4,0xE0,0xE9,0xE1,0x10,0xEC,0x9A,0xF6,0xDE,0xF7,0x7D,0xF7,
  0x76,0xF5,0x0C,0xEB,0x46,0xE1,0x83,0xE8,0x82,0xE8,0xC3,0xE8,0xE4,0xE8,0xE4,0xE8,0xE4,0xE8,0xE5,0xE8,0xE5,0xF0,0xC4,0xF0,
  0x83,0xE8,0x82,0xE0,0xA7,0xD1,0x35,0xF5,0x7D,0xFF,0x7D,0xEF,0x7D,0xEF,0xDF,0xFF,0x57,0x8C,0x30,0x21,0xB2,0x29,0x92,0x31,
  0x92,0x29,0x92,0x29,0x92,0x29,0x92,0x29,0x92,0x29,0x91,0x29,0xB3,0x31,0x0F,0x19,0x57,0x8C,0xBF,0xF7,0xDF,0xFF,0x73,0x6B,
  0xD2,0x5A,0x9F,0xF7,0x7D,0xEF,0x7D,0xEF,0x7E,0xEF,0x9D,0xEF,0x7D,0xEF,0x7D,0xEF,0x7D,0xEF,0x7D,0xEF,0x7D,0xEF,0x7D,0xEF,
  0x7D,0xEF,0x7D,0xEF,0x7D,0xEF,0x7D,0xEF,0x7D,0xEF,0x7D,0xEF,0x7D,0xEF,0x7D,0xEF,0x7D,0xEF,0x7D,0xEF,0x7D,0xEF,0x7D,0xEF,
  0x7D,0xEF,0x7D,0xEF,0x7D,0xEF,0x7D,0xEF,0x7D,0xEF,0x7D,0xEF,0x7D,0xEF,0x7D,0xEF,0x7D,0xEF,0x7D,0xEF,0x7D,0xEF,0x7D,0xEF,
  0x7D,0xEF,0x7D,0xEF,0x7D,0xEF,0x7D,0xEF,0x7D,0xEF,0x7D,0xEF,0x7D,0xEF,0x7D,0xEF,0x7D,0xEF,0x7D,0xEF,0x7D,0xEF,0x7D,0xEF,
  0x7D,0xEF,0x7D,0xEF,0x7D,0xEF,0x7D,0xEF,0x7D,0xEF,0x7D,0xEF,0x7D,0xEF,0x7D,0xEF,0x7D,0xEF,0x7D,0xEF,0x7D,0xEF,0x7D,0xEF,
  0x7D,0xEF,0x7D,0xEF,0x7D,0xEF,0x7D,0xEF,0x7E,0xEF,0x7E,0xEF,0x7D,0xF7,0x7D,0xEF,0x7D,0xEF,0x7D,0xF7,0xBF,0xF7,0xFB,0xBD,
  0x6E,0x29,0x3D,0xC6,0xFF,0xFF,0xDE,0xDE,0x51,0x42,0x51,0x21,0x92,0x29,0x92,0x31,0x92,0x29,0x92,0x29,0x92,0x29,0x92,0x29,
  0x91,0x29,0x92,0x31,0x72,0x29,0xF0,0x39,0xBD,0xD6,0xBF,0xF7,0x5D,0xEF,0x7E,0xF7,0x97,0xFD,0x25,0xD1,0xA3,0xE0,0x04,0xE9,
  0xE4,0xE8,0xC4,0xE8,0xE4,0xE8,0x04,0xE9,0xE4,0xF0,0x83,0xE8,0x63,0xE8,0x26,0xE9,0x0D,0xEB,0x76,0xF5,0x7D,0xF7,0xDF,0xF7,
  0x9A,0xF6,0x52,0xF4,0xC8,0xE9,0xC4,0xE8,0x82,0xE8,0xA3,0xE8,0xE4,0xF0,0xE4,0xE8,0xE4,0xE0,0xE4,0xE0,0xC4,0xE8,0x05,0xF1,
  0x04,0xE9,0xC4,0xE0,0xA3,0xD0,0x30,0xEC,0x9D,0xFF,0x7D,0xEF,0x9D,0xF7,0x9D,0xF7,0x9E,0xEF,0xFC,0xFE,0x4A,0xD2,0xC3,0xE8,
  0xE5,0xF0,0xC5,0xD8,0x92,0xFC,0xB6,0xFD,0x0C,0xE3,0x45,0xE9,0x21,0xE0,0x43,0xE8,0x87,0xE9,0x6E,0xEB,0x75,0xF5,0x9A,0xF6,
  0x9D,0xF7,0xFF,0xEF,0xDF,0xEF,0xDF,0xF7,0x9E,0xF7,0x7D,0xF7,0x7D,0xEF,0x5D,0xEF,0x7E,0xF7,0x7E,0xF7,0x5D,0xEF,0x5D,0xEF,
  0x7D,0xF7,0x7D,0xEF,0x9D,0xEF,0x9E,0xEF,0xBE,0xEF,0xBE,0xF7,0xDF,0xEF,0xFF,0xEF,0xBE,0xF7,0x1C,0xF7,0x18,0xFE,0x30,0xEC,
  0x6A,0xEA,0xE4,0xE8,0x42,0xE0,0x05,0xE9,0xAB,0xEA,0x14,0xF5,0x99,0xF6,0x7D,0xF7,0xBF,0xF7,0xBE,0xFF,0x8E,0xD3,0x29,0xDA,
  0x2D,0xEB,0xE4,0xD8,0x25,0xD1,0x76,0xF5,0x9E,0xFF,0x7D,0xEF,0x7D,0xEF,0x9D,0xF7,0xFB,0xFE,0x6A,0xDA,0x62,0xE8,0xC3,0xF0,
  0xC4,0xE8,0x05,0xE9,0xC4,0xE0,0xC4,0xE8,0xE4,0xF0,0xC4,0xE8,0xC4,0xE8,0xA4,0xE8,0x83,0xE0,0x04,0xE1,0xAB,0xEA,0x14,0xFD,
  0x1C,0xF7,0xFF,0xF7,0x1C,0xF7,0xB3,0xEC,0x6B,0xEA,0x04,0xE9,0x83,0xE0,0x83,0xE8,0xE4,0xF0,0xE4,0xF0,0xE4,0xE0,0x04,0xE9,
  0x05,0xE9,0xE4,0xF0,0x83,0xE0,0x29,0xDA,0xDB,0xFE,0x9E,0xF7,0x7D,0xEF,0xDF,0xFF,0x75,0x73,0x30,0x21,0xD2,0x29,0x92,0x29,
  0x92,0x29,0x92,0x29,0x92,0x29,0x92,0x29,0x92,0x29,0x91,0x29,0xB2,0x31,0x0F,0x21,0x19,0xA5,0xDF,0xFF,0x9F,0xEF,0xB2,0x52,
  0x73,0x6B,0xFF,0xFF,0x7D,0xEF,0x7E,0xEF,0x7E,0xEF,0x7D,0xEF,0x7D,0xEF,0x7D,0xEF,0x7D,0xEF,0x7D,0xEF,0x7D,0xEF,0x7D,0xEF,
  0x7D,0xEF,0x7D,0xEF,0x7D,0xEF,0x7D,0xEF,0x7D,0xEF,0x7D,0xEF,0x7D,0xEF,0x7D,0xEF,0x7D,0xEF,0x7D,0xEF,0x7D,0xEF,0x7D,0xEF,
  0x7D,0xEF,0x7D,0xEF,0x7D,0xEF,0x7D,0xEF,0x7D,0xEF,0x7D,0xEF,0x7D,0xEF,0x7D,0xEF,0x7D,0xEF,0x7D,0xEF,0x7D,0xEF,0x7D,0xEF,
  0x7D,0xEF,0x7D,0xEF,0x7D,0xEF,0x7D,0xEF,0x7D,0xEF,0x7D,0xEF,0x7D,0xEF,0x7D,0xEF,0x7D,0xEF,0x7D,0xEF,0x7D,0xEF,0x7D,0xEF,
  0x7D,0xEF,0x7D,0xEF,0x7D,0xEF,0x7D,0xEF,0x7D,0xEF,0x7D,0xEF,0x7D,0xEF,0x7D,0xEF,0x7D,0xEF,0x7D,0xEF,0x7D,0xEF,0x7D,0xEF,
  0x7D,0xEF,0x7D,0xEF,0x7D,0xEF,0x7D,0xEF,0x7E,0xEF,0x7E,0xEF,0x7E,0xF7,0x7D,0xEF,0x7D,0xEF,0x7E,0xEF,0xBE,0xF7,0xDD,0xD6,
  0x4E,0x29,0x9A,0xB5,0xBF,0xFF,0x7F,0xEF,0xB2,0x52,0x50,0x21,0x93,0x31,0x92,0x31,0x92,0x29,0x92,0x29,0x92,0x29,0x92,0x31,
  0x92,0x29,0x72,0x29,0x92,0x29,0x8F,0x29,0x1C,0xBE,0xDF,0xF7,0x5D,0xEF,0xBE,0xFF,0x92,0xF4,0xE4,0xD8,0x05,0xE9,0xE5,0xE8,
  0xC5,0xE8,0xC4,0xF0,0x83,0xF0,0x42,0xE8,0xC5,0xE8,0x4A,0xEA,0xB3,0xEC,0xFB,0xF6,0xFF,0xF7,0x3C,0xF7,0x55,0xED,0xAC,0xEA,
  0x05,0xE1,0x83,0xE8,0x82,0xE8,0xE3,0xE8,0x04,0xE9,0xE4,0xF0,0xC4,0xE8,0xC4,0xF0,0xC5,0xF0,0xE4,0xE8,0xE4,0xE8,0x83,0xE8,
  0x43,0xE0,0x05,0xE9,0x6F,0xEB,0xDB,0xFE,0xBE,0xF7,0x7D,0xEF,0x9E,0xEF,0x5D,0xF7,0x7E,0xEF,0x9E,0xF7,0x14,0xF5,0xE4,0xD8,
  0xE4,0xE8,0xC4,0xF0,0x04,0xE9,0x62,0xE0,0x03,0xE8,0x68,0xE9,0x8F,0xEB,0x96,0xED,0x3C,0xF7,0xBF,0xEF,0xDE,0xF7,0xBE,0xF7,
  0x7D,0xEF,0x7D,0xF7,0x7D,0xEF,0x7D,0xF7,0x9D,0xEF,0x7D,0xEF,0x9D,0xEF,0x7E,0xF7,0x7E,0xF7,0x9E,0xF7,0x7D,0xEF,0x9D,0xEF,
  0x9E,0xF7,0x7D,0xEF,0x7D,0xF7,0x7E,0xF7,0x7D,0xF7,0x7D,0xEF,0x5C,0xEF,0x5D,0xEF,0x7E,0xF7,0x7E,0xEF,0xBF,0xEF,0xFF,0xF7,
  0x9E,0xFF,0x9B,0xF6,0xB2,0xF4,0xAA,0xEA,0xE4,0xE0,0x42,0xD8,0xE4,0xE8,0xEB,0xEA,0xF3,0xEC,0x95,0xFD,0xC7,0xB9,0xCF,0xE3,
  0xA7,0xE9,0x83,0xD8,0x2D,0xDB,0x5D,0xFF,0x9D,0xEF,0x7D,0xF7,0x9E,0xF7,0x5D,0xEF,0x7D,0xF7,0x18,0xF6,0xAB,0xDA,0xC4,0xD8,
  0x63,0xF0,0xA3,0xF0,0x04,0xE9,0xC4,0xE8,0xC4,0xE8,0xE4,0xF0,0xC4,0xF0,0xE4,0xE8,0x05,0xF1,0xC4,0xE8,0x63,0xE8,0x84,0xE8,
  0x67,0xE9,0x6E,0xEB,0xD7,0xF5,0x9E,0xF7,0xDF,0xF7,0x38,0xF6,0xF0,0xEB,0xC8,0xE1,0xA4,0xE8,0x63,0xE8,0xC4,0xE8,0xE4,0xF0,
  0xC5,0xF0,0xC5,0xF0,0xC4,0xF8,0x66,0xC9,0x59,0xF6,0x9D,0xF7,0x9E,0xEF,0x5F,0xEF,0xD4,0x5A,0x51,0x29,0xB2,0x29,0x92,0x29,
  0x92,0x29,0x92,0x29,0x92,0x29,0x92,0x29,0x92,0x29,0x91,0x29,0x91,0x29,0x70,0x31,0xBA,0xBD,0xFF,0xFF,0x1E,0xE7,0x51,0x4A,
  0x56,0x8C,0xFF,0xFF,0x7D,0xEF,0x7E,0xF7,0x7E,0xEF,0x7D,0xEF,0x7D,0xEF,0x7D,0xEF,0x7D,0xEF,0x7D,0xEF,0x7D,0xEF,0x7D,0xEF,
  0x7D,0xEF,0x7D,0xEF,0x7D,0xEF,0x7D,0xEF,0x7D,0xEF,0x7D,0xEF,0x7D,0xEF,0x7D,0xEF,0x7D,0xEF,0x7D,0xEF,0x7D,0xEF,0x7D,0xEF,
  0x7D,0xEF,0x7D,0xEF,0x7D,0xEF,0x7D,0xEF,0x7D,0xEF,0x7D,0xEF,0x7D,0xEF,0x7D,0xEF,0x7D,0xEF,0x7D,0xEF,0x7D,0xEF,0x7D,0xEF,
  0x7D,0xEF,0x7D,0xEF,0x7D,0xEF,0x7D,0xEF,0x7D,0xEF,0x7D,0xEF,0x7D,0xEF,0x7D,0xEF,0x7D,0xEF,0x7D,0xEF,0x7D,0xEF,0x7D,0xEF,
  0x7D,0xEF,0x7D,0xEF,0x7D,0xEF,0x7D,0xEF,0x7D,0xEF,0x7D,0xEF,0x7D,0xEF,0x7D,0xEF,0x7D,0xEF,0x7D,0xEF,0x7D,0xEF,0x7D,0xEF,
  0x7D,0xEF,0x7D,0xEF,0x7D,0xEF,0x7D,0xEF,0x7E,0xEF,0x7E,0xEF,0x7E,0xF7,0x7D,0xEF,0x7E,0xEF,0x7E,0xEF,0xBE,0xF7,0x5F,0xE7,
  0xCF,0x39,0xB7,0x94,0xBF,0xF7,0xBF,0xF7,0x33,0x63,0x50,0x21,0xB3,0x31,0x92,0x31,0x92,0x29,0x92,0x29,0x92,0x29,0x92,0x31,
  0x92,0x29,0x92,0x31,0xB2,0x29,0x4F,0x21,0x19,0x9D,0xBE,0xF7,0x5D,0xEF,0xDF,0xFF,0x96,0xF5,0x45,0xD1,0x83,0xE0,0x83,0xF0,
  0x63,0xE8,0xA3,0xE0,0xA7,0xE1,0x8E,0xEB,0x58,0xF6,0xFE,0xF7,0xDF,0xEF,0x18,0xEE,0xAF,0xF3,0x67,0xE9,0x63,0xE8,0x83,0xE8,
  0xE4,0xF0,0xE5,0xE8,0xE5,0xE8,0xC5,0xF0,0xA4,0xE8,0xC4,0xE8,0x04,0xE9,0xE4,0xE8,0x83,0xF0,0x62,0xE8,0xA4,0xE0,0x0A,0xEA,
  0x72,0xEC,0xDA,0xF6,0xFF,0xF7,0xFF,0xEF,0x9E,0xEF,0x7E,0xF7,0x5E,0xEF,0x5D,0xF7,0x7D,0xEF,0xBE,0xEF,0xDB,0xFE,0x09,0xDA,
  0x83,0xE0,0x63,0xE8,0x05,0xE1,0xAC,0xE2,0x35,0xF5,0x1C,0xEF,0xDF,0xF7,0xDF,0xEF,0x9E,0xEF,0x7D,0xEF,0x7D,0xEF,0x7D,0xEF,
  0x9D,0xEF,0x7D,0xEF,0x9E,0xF7,0x7E,0xF7,0x7E,0xEF,0x7E,0xEF,0x9E,0xF7,0x9D,0xEF,0x9D,0xEF,0x7D,0xEF,0x7D,0xEF,0x7D,0xEF,
  0x9D,0xF7,0x7D,0xEF,0x7D,0xEF,0x9E,0xEF,0x9E,0xEF,0x7E,0xEF,0x9E,0xF7,0x9E,0xF7,0x7E,0xEF,0x9E,0xF7,0x7E,0xF7,0x7D,0xEF,
  0x7E,0xEF,0xBE,0xEF,0xDF,0xEF,0x9E,0xF7,0xBA,0xF6,0xB2,0xEC,0x29,0xEA,0x63,0xE0,0x43,0xE0,0xC4,0xF0,0x46,0xF1,0x09,0xF2,
  0xA3,0xE0,0x05,0xD1,0x96,0xFD,0xBF,0xFF,0x7C,0xE7,0x7C,0xF7,0x7D,0xEF,0x7E,0xEF,0xBF,0xF7,0xFF,0xEF,0xDE,0xF7,0xD7,0xF5,
  0x6F,0xEB,0x67,0xE9,0x43,0xE0,0x83,0xF0,0xE4,0xF0,0xC4,0xE8,0xE4,0xE8,0x04,0xE9,0xE4,0xE8,0xC4,0xE8,0xE5,0xE8,0xE4,0xE8,
  0xC3,0xE8,0x82,0xE8,0xE4,0xE0,0x29,0xE2,0x72,0xEC,0xBA,0xF6,0xFE,0xFF,0x9D,0xF7,0x75,0xED,0x0D,0xEB,0x46,0xE9,0x82,0xE8,
  0x82,0xE8,0xA3,0xE8,0x42,0xE0,0x4A,0xDA,0xFB,0xFE,0x9D,0xF7,0x9E,0xF7,0xBD,0xD6,0x11,0x42,0x72,0x31,0x92,0x31,0x72,0x29,
  0x92,0x29,0x92,0x29,0x92,0x29,0x92,0x29,0x92,0x29,0x91,0x29,0x71,0x29,0xD1,0x39,0x3C,0xCE,0xFE,0xFF,0xBD,0xD6,0xD0,0x39,
  0x38,0xA5,0xDF,0xFF,0x5D,0xEF,0x7E,0xF7,0x7D,0xF7,0x7E,0xF7,0x7D,0xEF,0x7D,0xEF,0x7D,0xEF,0x7D,0xEF,0x7D,0xEF,0x7D,0xEF,
  0x7D,0xEF,0x7D,0xEF,0x7D,0xEF,0x7D,0xEF,0x7D,0xEF,0x7D,0xEF,0x7D,0xEF,0x7D,0xEF,0x7D,0xEF,0x7D,0xEF,0x7D,0xEF,0x7D,0xEF,
  0x7D,0xEF,0x7D,0xEF,0x7D,0xEF,0x7D,0xEF,0x7D,0xEF,0x7D,0xEF,0x7D,0xEF,0x7D,0xEF,0x7D,0xEF,0x7D,0xEF,0x7D,0xEF,0x7D,0xEF,
  0x7D,0xEF,0x7D,0xEF,0x7D,0xEF,0x7D,0xEF,0x7D,0xEF,0x7D,0xEF,0x7D,0xEF,0x7D,0xEF,0x7D,0xEF,0x7D,0xEF,0x7D,0xEF,0x7D,0xEF,
  0x7D,0xEF,0x7D,0xEF,0x7D,0xEF,0x7D,0xEF,0x7D,0xEF,0x7D,0xEF,0x7D,0xEF,0x7D,0xEF,0x7D,0xEF,0x7D,0xEF,0x7D,0xEF,0x7D,0xEF,
  0x7D,0xEF,0x7D,0xEF,0x7D,0xEF,0x7D,0xEF,0x7E,0xEF,0x7E,0xEF,0x7D,0xF7,0x7E,0xF7,0x7E,0xEF,0x9E,0xEF,0x9D,0xEF,0x7F,0xEF,
  0x92,0x52,0xB4,0x73,0xDF,0xF7,0xBF,0xF7,0x57,0x84,0x50,0x21,0xB3,0x29,0x92,0x29,0x92,0x29,0x92,0x31,0x92,0x31,0x92,0x29,
  0x91,0x29,0x91,0x29,0x92,0x31,0x51,0x21,0xB6,0x73,0xBE,0xF7,0x7D,0xE7,0x7E,0xEF,0x9E,0xFF,0xD3,0xEC,0x4A,0xE2,0xC9,0xE1,
  0xCC,0xE2,0x35,0xF5,0x5C,0xF7,0xFF,0xF7,0xBB,0xF6,0x72,0xF4,0x29,0xEA,0x05,0xE1,0x83,0xE0,0xC4,0xE8,0xC4,0xE8,0xE4,0xE8,
  0xE4,0xE8,0xC4,0xE8,0xE5,0xF0,0xE5,0xE8,0xC4,0xE8,0xA3,0xE8,0x83,0xE8,0x83,0xE8,0x67,0xE9,0x8F,0xEB,0xB6,0xED,0xBA,0xF6,
  0xF7,0xFD,0x72,0xEC,0x72,0xE4,0x96,0xED,0xBA,0xF6,0xBD,0xEF,0xFF,0xF7,0xBE,0xF7,0x9E,0xF7,0x3D,0xEF,0x7E,0xFF,0x14,0xE5,
  0xA7,0xC9,0x8E,0xEB,0x17,0xF6,0xBE,0xF7,0xFF,0xF7,0x9E,0xF7,0x7D,0xEF,0x7D,0xEF,0x7D,0xEF,0x7D,0xF7,0x7D,0xEF,0x7D,0xEF,
  0x7E,0xEF,0x7D,0xEF,0x7D,0xEF,0x7D,0xEF,0x7D,0xEF,0x7D,0xEF,0x7D,0xEF,0x7D,0xEF,0x7D,0xEF,0x7D,0xEF,0x7E,0xEF,0x7D,0xEF,
  0x7D,0xEF,0x7D,0xEF,0x7D,0xEF,0x7D,0xEF,0x7D,0xEF,0x7D,0xEF,0x7D,0xEF,0x7D,0xEF,0x7D,0xEF,0x7D,0xEF,0x7D,0xEF,0x7D,0xEF,
  0x7D,0xEF,0x7D,0xEF,0x7D,0xEF,0x9E,0xEF,0x9D,0xEF,0xFF,0xFF,0x5C,0xF7,0xF7,0xF5,0x8E,0xEB,0x46,0xE1,0x83,0xE0,0x83,0xE8,
  0xA2,0xE0,0x2D,0xDB,0x1C,0xFF,0x9F,0xF7,0x9F,0xF7,0xBF,0xF7,0xFE,0xEF,0x9D,0xEF,0x79,0xF6,0x35,0xF5,0x31,0xEC,0xF3,0xEC,
  0x18,0xF6,0x78,0xF6,0x34,0xED,0xEC,0xEA,0xE5,0xE8,0x63,0xE8,0x82,0xE8,0xC3,0xE8,0xE4,0xF0,0xC4,0xE8,0xC4,0xE8,0xC4,0xE8,
  0xE5,0xE8,0xE4,0xE0,0xE4,0xE8,0x83,0xE8,0x63,0xE8,0x06,0xE9,0xCC,0xEA,0x35,0xED,0x5C,0xF7,0xFF,0xFF,0xDA,0xF6,0x72,0xEC,
  0x6B,0xE2,0xE8,0xE1,0x0C,0xE3,0xF7,0xF5,0x9E,0xF7,0x7D,0xEF,0xBE,0xFF,0xFC,0xC5,0x6F,0x29,0x92,0x31,0x92,0x29,0x92,0x29,
  0x92,0x29,0x92,0x29,0x92,0x29,0x92,0x29,0xB2,0x29,0x91,0x29,0x51,0x29,0x51,0x4A,0x1F,0xE7,0xDE,0xF7,0x1C,0xC6,0x6F,0x29,
  0x3B,0xBE,0xBF,0xFF,0x7E,0xEF,0x7D,0xF7,0x7D,0xF7,0x7E,0xF7,0x9D,0xEF,0x9D,0xEF,0x7D,0xEF,0x7D,0xEF,0x7D,0xEF,0x7D,0xEF,
  0x7D,0xEF,0x7D,0xEF,0x7D,0xEF,0x7D,0xEF,0x7D,0xEF,0x7D,0xEF,0x7D,0xEF,0x7D,0xEF,0x7D,0xEF,0x7D,0xEF,0x7D,0xEF,0x7D,0xEF,
  0x7D,0xEF,0x7D,0xEF,0x7D,0xEF,0x7D,0xEF,0x7D,0xEF,0x7D,0xEF,0x7D,0xEF,0x7D,0xEF,0x7D,0xEF,0x7D,0xEF,0x7D,0xEF,0x7D,0xEF,
  0x7D,0xEF,0x7D,0xEF,0x7D,0xEF,0x7D,0xEF,0x7D,0xEF,0x7D,0xEF,0x7D,0xEF,0x7D,0xEF,0x7D,0xEF,0x7D,0xEF,0x7D,0xEF,0x7D,0xEF,
  0x7D,0xEF,0x7D,0xEF,0x7D,0xEF,0x7D,0xEF,0x7D,0xEF,0x7D,0xEF,0x7D,0xEF,0x7D,0xEF,0x7D,0xEF,0x7D,0xEF,0x7D,0xEF,0x7D,0xEF,
  0x7D,0xEF,0x7D,0xEF,0x7D,0xEF,0x7D,0xEF,0x7E,0xEF,0x7E,0xEF,0x7D,0xEF,0x7E,0xEF,0x7E,0xEF,0x9E,0xF7,0x7D,0xEF,0xBF,0xF7,
  0x95,0x73,0x91,0x52,0x9F,0xF7,0xBF,0xF7,0x7A,0xAD,0x4F,0x21,0x92,0x29,0x92,0x29,0x92,0x31,0x92,0x31,0x92,0x29,0x92,0x29,
  0x91,0x31,0x72,0x31,0xB3,0x31,0x51,0x21,0xB3,0x52,0x7F,0xF7,0x7E,0xF7,0x7E,0xEF,0x9D,0xEF,0xFE,0xFF,0x7D,0xEF,0xDE,0xEF,
  0xFF,0xF7,0x5D,0xFF,0x55,0xF5,0x0D,0xE3,0x45,0xE1,0x82,0xE8,0xA2,0xE0,0xC4,0xE8,0xE5,0xF0,0xE5,0xF0,0xC4,0xE8,0xE4,0xE8,
  0xE4,0xE0,0xE3,0xE8,0xC3,0xE8,0x83,0xF0,0x83,0xF0,0x46,0xE9,0xCC,0xEA,0xF3,0xEC,0x38,0xEE,0x55,0xF5,0x8F,0xFB,0xA8,0xE9,
  0x83,0xE0,0x42,0xE8,0x83,0xE8,0x83,0xE0,0x67,0xE9,0xEC,0xEA,0x71,0xEC,0x17,0xF6,0x3C,0xF7,0xDF,0xF7,0xFF,0xF7,0x7D,0xEF,
  0xFB,0xE6,0xBE,0xF7,0xBE,0xEF,0x9D,0xEF,0x7D,0xF7,0x7D,0xF7,0x7D,0xEF,0x9E,0xEF,0x7E,0xEF,0x7E,0xF7,0x7D,0xEF,0x7D,0xEF,
  0x7D,0xEF,0x7D,0xEF,0x7D,0xEF,0x7D,0xEF,0x7D,0xEF,0x7D,0xEF,0x7D,0xEF,0x7D,0xEF,0x7D,0xEF,0x7D,0xEF,0x7D,0xEF,0x7D,0xEF,
  0x7D,0xEF,0x7D,0xEF,0x7D,0xEF,0x7D,0xEF,0x7D,0xEF,0x7D,0xEF,0x7D,0xEF,0x7D,0xEF,0x7D,0xEF,0x7D,0xEF,0x7D,0xEF,0x7D,0xEF,
  0x7D,0xEF,0x9D,0xEF,0x7D,0xEF,0x7D,0xEF,0x7E,0xF7,0x7D,0xEF,0x9E,0xEF,0xDF,0xF7,0xDF,0xEF,0xBA,0xF6,0xB2,0xEC,0x09,0xE2,
  0x27,0xD1,0x96,0xFD,0xFF,0xF7,0xDE,0xE7,0xFB,0xF6,0x76,0xF5,0x10,0xEC,0x29,0xE2,0x25,0xE9,0x83,0xE8,0x83,0xF0,0x62,0xE8,
  0xA4,0xE0,0x4A,0xF2,0x31,0xEC,0xB6,0xF5,0xD6,0xED,0x51,0xEC,0x2A,0xEA,0xE5,0xE8,0x63,0xE0,0xC3,0xE8,0xC3,0xE8,0xC4,0xF0,
  0xA4,0xF0,0xC4,0xF0,0xC4,0xE8,0xC3,0xE8,0x04,0xE9,0xC3,0xE8,0x62,0xE0,0x83,0xE8,0xA7,0xE9,0xAF,0xE3,0x18,0xEE,0xBE,0xF7,
  0xDF,0xF7,0xBE,0xEF,0xBD,0xEF,0xFF,0xF7,0x7E,0xEF,0x5D,0xF7,0xBF,0xF7,0xD9,0x8C,0x50,0x21,0x93,0x29,0x92,0x29,0x92,0x31,
  0x92,0x29,0x92,0x29,0x92,0x29,0x92,0x29,0x91,0x29,0xB2,0x31,0x30,0x21,0xF3,0x5A,0x9F,0xF7,0xDF,0xFF,0x19,0xA5,0xAF,0x31,
  0xFE,0xDE,0x9E,0xF7,0x7E,0xF7,0x7D,0xEF,0x7D,0xEF,0x7E,0xF7,0x9D,0xEF,0x7D,0xEF,0x7D,0xEF,0x7D,0xEF,0x7D,0xEF,0x7D,0xEF,
  0x7D,0xEF,0x7D,0xEF,0x7D,0xEF,0x7D,0xEF,0x7D,0xEF,0x7D,0xEF,0x7D,0xEF,0x7D,0xEF,0x7D,0xEF,0x7D,0xEF,0x7D,0xEF,0x7D,0xEF,
  0x7D,0xEF,0x7D,0xEF,0x7D,0xEF,0x7D,0xEF,0x7D,0xEF,0x7D,0xEF,0x7D,0xEF,0x7D,0xEF,0x7D,0xEF,0x7D,0xEF,0x7D,0xEF,0x7D,0xEF,
  0x7D,0xEF,0x7D,0xEF,0x7D,0xEF,0x7D,0xEF,0x7D,0xEF,0x7D,0xEF,0x7D,0xEF,0x7D,0xEF,0x7D,0xEF,0x7D,0xEF,0x7D,0xEF,0x7D,0xEF,
  0x7D,0xEF,0x7D,0xEF,0x7D,0xEF,0x7D,0xEF,0x7D,0xEF,0x7D,0xEF,0x7D,0xEF,0x7D,0xEF,0x7D,0xEF,0x7D,0xEF,0x7D,0xEF,0x7D,0xEF,
  0x7D,0xEF,0x7D,0xEF,0x7D,0xEF,0x7D,0xEF,0x7E,0xEF,0x7E,0xEF,0x9D,0xEF,0x7E,0xEF,0x7D,0xEF,0x7D,0xF7,0x5D,0xEF,0xFF,0xFF,
  0xB8,0x94,0xCF,0x39,0xFF,0xDE,0xDF,0xFF,0x7D,0xCE,0xB0,0x31,0x72,0x29,0x92,0x29,0x91,0x29,0x92,0x31,0x92,0x29,0x91,0x29,
  0xB2,0x31,0x92,0x31,0x92,0x31,0x73,0x29,0xF2,0x39,0x9D,0xD6,0x9F,0xF7,0x9E,0xF7,0x7E,0xEF,0x7E,0xE7,0xBE,0xF7,0x39,0xFE,
  0xD0,0xEB,0x88,0xE1,0x84,0xE8,0x82,0xE8,0xC3,0xE8,0xA4,0xF0,0xC6,0xE8,0xC5,0xF0,0xC4,0xE8,0xC4,0xE0,0xE4,0xE8,0xC4,0xF0,
  0x83,0xF0,0xA4,0xE8,0x05,0xD9,0x49,0xE2,0xCF,0xEB,0xD3,0xEC,0xF3,0xEC,0x4D,0xEB,0x67,0xE9,0x83,0xE8,0x62,0xE0,0xC3,0xE8,
  0xE4,0xF0,0xE4,0xF0,0x24,0xE9,0xE3,0xE8,0xA3,0xF0,0x62,0xF0,0x63,0xE8,0xE5,0xE8,0x09,0xEA,0xF0,0xEB,0xD6,0xED,0x5C,0xF7,
  0xDF,0xF7,0xBE,0xEF,0x5D,0xEF,0x7D,0xF7,0x9D,0xF7,0x9D,0xEF,0x7D,0xEF,0x7E,0xF7,0x7D,0xF7,0x7D,0xF7,0x7D,0xEF,0x7D,0xEF,
  0x7D,0xEF,0x7D,0xEF,0x7D,0xEF,0x7D,0xEF,0x7D,0xEF,0x7D,0xEF,0x7D,0xEF,0x7D,0xEF,0x7D,0xEF,0x7D,0xEF,0x7D,0xEF,0x7D,0xEF,
  0x7D,0xEF,0x7D,0xEF,0x7D,0xEF,0x7D,0xEF,0x7D,0xEF,0x7D,0xEF,0x7D,0xEF,0x7D,0xEF,0x7D,0xEF,0x7D,0xEF,0x7D,0xEF,0x7D,0xEF,
  0x7D,0xEF,0x7D,0xEF,0x9D,0xEF,0x7D,0xEF,0x7E,0xF7,0x7E,0xEF,0x7E,0xF7,0x5D,0xF7,0x5D,0xF7,0x9D,0xEF,0xFF,0xF7,0xBE,0xF7,
  0xBA,0xEE,0xDA,0xF6,0x75,0xF5,0x4D,0xEB,0x87,0xE9,0xC3,0xE0,0x83,0xE8,0x63,0xF0,0xC4,0xE8,0xE5,0xE8,0xC5,0xE8,0xE5,0xE8,
  0xC4,0xE8,0x83,0xE8,0x42,0xE8,0xC4,0xE8,0xE9,0xE9,0x8E,0xF3,0xD3,0xEC,0x92,0xEC,0x6D,0xEB,0xA7,0xE1,0xC4,0xE8,0xA4,0xE8,
  0xA3,0xE8,0xC4,0xE8,0xE5,0xE8,0xC4,0xE8,0xC4,0xE8,0xE4,0xE8,0x04,0xE9,0xE4,0xF0,0xA4,0xF0,0x62,0xE8,0xE4,0xE8,0x29,0xE2,
  0xB2,0xF4,0xFB,0xF6,0xBD,0xF7,0x5D,0xEF,0x7D,0xEF,0x7D,0xF7,0xBF,0xFF,0x54,0x6B,0x30,0x21,0xB3,0x29,0xB2,0x21,0x72,0x31,
  0x92,0x29,0x92,0x29,0x92,0x29,0x92,0x29,0x91,0x29,0xB2,0x31,0x50,0x29,0x15,0x7C,0x9F,0xF7,0xDF,0xF7,0xD5,0x7B,0x92,0x4A,
  0x7F,0xEF,0x7E,0xF7,0x7E,0xF7,0x7D,0xEF,0x7D,0xEF,0x7E,0xF7,0x7D,0xEF,0x7D,0xEF,0x7D,0xEF,0x7D,0xEF,0x7D,0xEF,0x7D,0xEF,
  0x7D,0xEF,0x7D,0xEF,0x7D,0xEF,0x7D,0xEF,0x7D,0xEF,0x7D,0xEF,0x7D,0xEF,0x7D,0xEF,0x7D,0xEF,0x7D,0xEF,0x7D,0xEF,0x7D,0xEF,
  0x7D,0xEF,0x7D,0xEF,0x7D,0xEF,0x7D,0xEF,0x7D,0xEF,0x7D,0xEF,0x7D,0xEF,0x7D,0xEF,0x7D,0xEF,0x7D,0xEF,0x7D,0xEF,0x7D,0xEF,
  0x7D,0xEF,0x7D,0xEF,0x7D,0xEF,0x7D,0xEF,0x7D,0xEF,0x7D,0xEF,0x7D,0xEF,0x7D,0xEF,0x7D,0xEF,0x7D,0xEF,0x7D,0xEF,0x7D,0xEF,
  0x7D,0xEF,0x7D,0xEF,0x7D,0xEF,0x7D,0xEF,0x7D,0xEF,0x7D,0xEF,0x7D,0xEF,0x7D,0xEF,0x7D,0xEF,0x7D,0xEF,0x7D,0xEF,0x7D,0xEF,
  0x7D,0xEF,0x7D,0xEF,0x7D,0xEF,0x7D,0xEF,0x7E,0xEF,0x7E,0xF7,0x9D,0xEF,0x7E,0xEF,0x9D,0xEF,0x7D,0xF7,0x5D,0xF7,0xDF,0xFF,
  0xDB,0xBD,0xAF,0x31,0xFC,0xBD,0xFF,0xFF,0xFE,0xDE,0x72,0x4A,0x51,0x29,0x92,0x31,0x91,0x31,0x92,0x29,0x92,0x29,0x91,0x29,
  0x92,0x29,0x91,0x29,0x71,0x29,0x93,0x31,0x2F,0x29,0x79,0xAD,0xDF,0xF7,0x7C,0xE7,0x9D,0xEF,0x9E,0xFF,0x34,0xF5,0x46,0xD9,
  0x82,0xE0,0xC3,0xE8,0xC4,0xE8,0xC5,0xE8,0xE5,0xE8,0xC4,0xF0,0xC4,0xE8,0xC4,0xE8,0xC4,0xE8,0xE4,0xE8,0xE4,0xE8,0xE4,0xE0,
  0x87,0xE9,0x6A,0xEA,0x6E,0xEB,0x6E,0xEB,0x8A,0xDA,0x46,0xE9,0x63,0xE0,0x62,0xE8,0xA3,0xE8,0xC4,0xF0,0xA5,0xF0,0xE5,0xF0,
  0xE5,0xE8,0xC4,0xE8,0xC4,0xE8,0xE4,0xE8,0xE4,0xE8,0xE4,0xE8,0xE4,0xE8,0xC4,0xF0,0xA4,0xE8,0x82,0xE0,0xE4,0xE0,0x2A,0xEA,
  0x72,0xEC,0x99,0xF6,0xDE,0xF7,0xDF,0xEF,0x7E,0xF7,0x7D,0xF7,0x7D,0xEF,0x9D,0xEF,0x9D,0xEF,0x9D,0xEF,0x7D,0xEF,0x7D,0xEF,
  0x7D,0xEF,0x7D,0xEF,0x7D,0xEF,0x7D,0xEF,0x7D,0xEF,0x7D,0xEF,0x7D,0xEF,0x7D,0xEF,0x7D,0xEF,0x7D,0xEF,0x7D,0xEF,0x7D,0xEF,
  0x7D,0xEF,0x7D,0xEF,0x7D,0xEF,0x7D,0xEF,0x7D,0xEF,0x7D,0xEF,0x7D,0xEF,0x7D,0xEF,0x7D,0xEF,0x7D,0xEF,0x7D,0xEF,0x7D,0xEF,
  0x7D,0xEF,0x7D,0xEF,0x7E,0xF7,0x7D,0xEF,0x9D,0xE7,0xBD,0xEF,0x7D,0xEF,0x7D,0xEF,0x7D,0xE7,0xDE,0xF7,0x5D,0xF7,0xF7,0xED,
  0xEF,0xEB,0xC8,0xE1,0x84,0xE0,0x63,0xF0,0x83,0xF0,0xC4,0xE8,0x04,0xE9,0x05,0xE9,0xC5,0xF0,0xC5,0xE8,0xE4,0xE8,0xA4,0xE8,
  0xC5,0xF0,0xE5,0xF0,0x04,0xE9,0xE3,0xE8,0xA3,0xE8,0x62,0xE8,0xA3,0xE8,0x87,0xE9,0xAB,0xEA,0x6E,0xF3,0x4D,0xEB,0xE8,0xE1,
  0x26,0xE9,0xC4,0xE0,0xC4,0xE8,0xC4,0xE8,0xC4,0xE8,0xE4,0xF0,0xE5,0xF0,0xC4,0xE8,0xE4,0xE0,0x04,0xE1,0xE4,0xF0,0x83,0xF0,
  0x83,0xD8,0x49,0xE2,0x18,0xFE,0xBE,0xF7,0x9D,0xEF,0x9E,0xF7,0x1F,0xE7,0x52,0x42,0x51,0x29,0x92,0x29,0xB1,0x29,0x92,0x29,
  0x92,0x29,0x91,0x29,0x92,0x29,0x92,0x29,0x91,0x29,0x92,0x29,0x50,0x21,0x7A,0xAD,0xBF,0xF7,0xBF,0xF7,0x90,0x4A,0xB6,0x73,
  0xDF,0xF7,0x5D,0xEF,0x9E,0xF7,0x9D,0xEF,0x9E,0xEF,0x7D,0xF7,0x7D,0xF7,0x7D,0xEF,0x7D,0xEF,0x7D,0xEF,0x7D,0xEF,0x7D,0xEF,
  0x7D,0xEF,0x7D,0xEF,0x7D,0xEF,0x7D,0xEF,0x7D,0xEF,0x7D,0xEF,0x7D,0xEF,0x7D,0xEF,0x7D,0xEF,0x7D,0xEF,0x7D,0xEF,0x7D,0xEF,
  0x7D,0xEF,0x7D,0xEF,0x7D,0xEF,0x7D,0xEF,0x7D,0xEF,0x7D,0xEF,0x7D,0xEF,0x7D,0xEF,0x7D,0xEF,0x7D,0xEF,0x7D,0xEF,0x7D,0xEF,
  0x7D,0xEF,0x7D,0xEF,0x7D,0xEF,0x7D,0xEF,0x7D,0xEF,0x7D,0xEF,0x7D,0xEF,0x7D,0xEF,0x7D,0xEF,0x7D,0xEF,0x7D,0xEF,0x7D,0xEF,
  0x7D,0xEF,0x7D,0xEF,0x7D,0xEF,0x7D,0xEF,0x7D,0xEF,0x7D,0xEF,0x7D,0xEF,0x7D,0xEF,0x7D,0xEF,0x7D,0xEF,0x7D,0xEF,0x7D,0xEF,
  0x7D,0xEF,0x7D,0xEF,0x7D,0xEF,0x7D,0xEF,0x7E,0xEF,0x7E,0xF7,0x9D,0xEF,0x7E,0xF7,0x7D,0xF7,0x9D,0xF7,0x7D,0xEF,0xBE,0xF7,
  0xDE,0xDE,0xB0,0x31,0xF9,0x9C,0xFF,0xFF,0x9F,0xEF,0x54,0x6B,0x30,0x21,0x92,0x31,0x72,0x31,0x92,0x29,0x92,0x29,0x91,0x29,
  0x92,0x31,0x92,0x29,0x91,0x29,0xB2,0x31,0x30,0x21,0xF6,0x7B,0xBF,0xF7,0x7D,0xEF,0x9E,0xF7,0x39,0xFE,0xA7,0xD9,0x84,0xE8,
  0xE5,0xF8,0xE5,0xE8,0xE4,0xE8,0xE4,0xE8,0xE3,0xE8,0xC4,0xE8,0xE4,0xE0,0xE4,0xE8,0xE4,0xE8,0xC4,0xE8,0xE5,0xE8,0x67,0xF1,
  0xC8,0xF1,0xA7,0xE9,0x05,0xE1,0x83,0xE8,0x83,0xF0,0xC3,0xF0,0xE4,0xF0,0xE5,0xF0,0xC4,0xE8,0xE4,0xE8,0xE4,0xE8,0xE4,0xE8,
  0xC4,0xE8,0xE4,0xE8,0xC4,0xE8,0xC4,0xF0,0xC4,0xE8,0xE4,0xE8,0xE4,0xE8,0xE4,0xE8,0xE4,0xE8,0xE4,0xE8,0xC4,0xF0,0x84,0xE8,
  0x63,0xE8,0x25,0xE1,0x4D,0xF3,0xB7,0xFD,0x9E,0xF7,0xDF,0xEF,0x9E,0xEF,0x7D,0xF7,0x9D,0xEF,0x9D,0xEF,0x7D,0xEF,0x7D,0xEF,
  0x7D,0xEF,0x7D,0xEF,0x7D,0xEF,0x7D,0xEF,0x7D,0xEF,0x7D,0xEF,0x7D,0xEF,0x7D,0xEF,0x7D,0xEF,0x7D,0xEF,0x7D,0xEF,0x7D,0xEF,
  0x7D,0xEF,0x7D,0xEF,0x7D,0xEF,0x7D,0xEF,0x7D,0xEF,0x7D,0xEF,0x7D,0xEF,0x7D,0xEF,0x7D,0xEF,0x7D,0xEF,0x7D,0xEF,0x7D,0xEF,
  0x7D,0xEF,0x7D,0xEF,0x9E,0xEF,0x9E,0xEF,0x7D,0xF7,0x5D,0xF7,0x9E,0xEF,0xDF,0xF7,0x5D,0xF7,0x55,0xF5,0x6B,0xEA,0xE5,0xE8,
  0x83,0xE8,0xA3,0xE8,0xE4,0xF0,0xE4,0xE8,0xE4,0xE8,0xE5,0xF0,0xC4,0xF0,0xE4,0xE8,0xE4,0xE8,0xC4,0xE8,0xC4,0xE8,0xE4,0xE8,
  0xE4,0xE8,0xC4,0xE8,0xC4,0xE8,0xC4,0xE8,0xE4,0xE8,0xE4,0xE8,0xE4,0xF0,0xA3,0xF0,0x83,0xE8,0xC4,0xE8,0x25,0xE1,0xE8,0xF1,
  0xA7,0xF1,0x05,0xF1,0xC4,0xF0,0xE4,0xF0,0xE5,0xE8,0x05,0xE1,0xC4,0xE8,0xC4,0xF0,0xA3,0xE8,0xC4,0xE8,0xC4,0xE8,0x05,0xE9,
  0xE4,0xE8,0x42,0xD8,0xEC,0xDA,0x3D,0xFF,0x5E,0xEF,0xDF,0xFF,0xFB,0xBD,0xAF,0x29,0x92,0x31,0x92,0x29,0xB2,0x29,0x92,0x29,
  0x92,0x29,0x91,0x29,0x72,0x31,0x92,0x29,0x92,0x29,0x72,0x29,0x90,0x31,0x7D,0xCE,0xDE,0xFF,0xFE,0xDE,0xCE,0x31,0xD8,0x9C,
  0xDF,0xFF,0x7D,0xF7,0x7E,0xF7,0x7D,0xEF,0x7D,0xEF,0x7D,0xF7,0x9D,0xEF,0x7D,0xEF,0x7D,0xEF,0x7D,0xEF,0x7D,0xEF,0x7D,0xEF,
  0x7D,0xEF,0x7D,0xEF,0x7D,0xEF,0x7D,0xEF,0x7D,0xEF,0x7D,0xEF,0x7D,0xEF,0x7D,0xEF,0x7D,0xEF,0x7D,0xEF,0x7D,0xEF,0x7D,0xEF,
  0x7D,0xEF,0x7D,0xEF,0x7D,0xEF,0x7D,0xEF,0x7D,0xEF,0x7D,0xEF,0x7D,0xEF,0x7D,0xEF,0x7D,0xEF,0x7D,0xEF,0x7D,0xEF,0x7D,0xEF,
  0x7D,0xEF,0x7D,0xEF,0x7D,0xEF,0x7D,0xEF,0x7D,0xEF,0x7D,0xEF,0x7D,0xEF,0x7D,0xEF,0x7D,0xEF,0x7D,0xEF,0x7D,0xEF,0x7D,0xEF,
  0x7D,0xEF,0x7D,0xEF,0x7D,0xEF,0x7D,0xEF,0x7D,0xEF,0x7D,0xEF,0x7D,0xEF,0x7D,0xEF,0x7D,0xEF,0x7D,0xEF,0x7D,0xEF,0x7D,0xEF,
  0x7D,0xEF,0x7D,0xEF,0x7D,0xEF,0x7D,0xEF,0x7D,0xEF,0x7D,0xF7,0x9D,0xEF,0x7E,0xF7,0x7E,0xF7,0x7D,0xEF,0x9D,0xEF,0x9D,0xEF,
  0x9F,0xF7,0x52,0x4A,0xB5,0x73,0x9F,0xF7,0xDF,0xFF,0x97,0x8C,0x50,0x21,0xB3,0x31,0x72,0x31,0x92,0x29,0x92,0x29,0x91,0x29,
  0x92,0x29,0x92,0x29,0x92,0x29,0x92,0x31,0x51,0x21,0x93,0x52,0x5F,0xEF,0x9D,0xEF,0xDE,0xEF,0x76,0xF5,0xE4,0xD8,0xC4,0xF0,
  0xA4,0xE8,0xE4,0xE8,0xE4,0xE8,0xC4,0xF0,0xA4,0xF0,0xA4,0xF0,0xC5,0xF0,0xC4,0xE8,0xC4,0xE8,0xC4,0xE8,0xE4,0xE8,0xE4,0xF0,
  0xA3,0xE8,0xA3,0xE8,0xC4,0xE8,0xE4,0xE8,0xE4,0xE8,0xE4,0xE8,0xC4,0xE8,0xC4,0xE8,0xE4,0xE8,0xC4,0xE8,0xC4,0xE8,0xC4,0xE8,
  0xC4,0xE8,0xC4,0xE8,0xC4,0xE8,0xC4,0xE8,0xC4,0xE8,0xC4,0xE8,0xC4,0xE8,0xC4,0xE8,0xC4,0xE8,0xC4,0xE8,0xE4,0xE8,0xE4,0xE8,
  0xE5,0xF0,0xC3,0xE8,0x62,0xE0,0x46,0xE1,0x2D,0xDB,0x18,0xF6,0xBE,0xFF,0xBE,0xEF,0x7E,0xEF,0x7E,0xF7,0x7D,0xEF,0x7D,0xEF,
  0x7D,0xEF,0x7D,0xEF,0x7D,0xEF,0x7D,0xEF,0x7D,0xEF,0x7D,0xEF,0x7D,0xEF,0x7D,0xEF,0x7D,0xEF,0x7D,0xEF,0x7D,0xEF,0x7D,0xEF,
  0x7D,0xEF,0x7D,0xEF,0x7D,0xEF,0x7D,0xEF,0x7D,0xEF,0x7D,0xEF,0x7D,0xEF,0x7D,0xEF,0x7D,0xEF,0x7D,0xEF,0x7D,0xEF,0x7D,0xEF,
  0x7D,0xEF,0x7D,0xEF,0xBE,0xEF,0x7D,0xEF,0x5D,0xE7,0xDE,0xEF,0x9D,0xF7,0x75,0xED,0x6A,0xE2,0xA4,0xE0,0x83,0xE8,0xA4,0xF0,
  0xE4,0xE8,0xE4,0xE8,0xC4,0xE8,0xC4,0xE8,0xC4,0xE8,0xC4,0xE8,0xC4,0xE8,0xC4,0xE8,0xC4,0xE8,0xC4,0xE8,0xC4,0xE8,0xC4,0xE8,
  0xC4,0xE8,0xC4,0xE8,0xC4,0xE8,0xC4,0xE8,0xC4,0xE8,0xC4,0xE8,0xC4,0xE8,0xE4,0xE8,0xE4,0xE8,0xC4,0xE8,0xC4,0xE8,0xA3,0xE8,
  0xC4,0xE8,0xE4,0xF0,0xC4,0xE8,0xC4,0xE8,0xC4,0xE8,0xC4,0xF0,0xA4,0xF0,0xE4,0xE8,0xE4,0xE0,0xE4,0xE8,0xC5,0xF0,0xA4,0xE8,
  0xC4,0xE8,0xE5,0xF0,0x86,0xC1,0xBB,0xFE,0x7E,0xF7,0xDF,0xF7,0x98,0x8C,0x4F,0x21,0x92,0x31,0x92,0x31,0x92,0x29,0x91,0x29,
  0x92,0x29,0x92,0x29,0x72,0x31,0x91,0x29,0x92,0x29,0x72,0x29,0x92,0x52,0x1E,0xE7,0xDE,0xFF,0xDB,0xBD,0xAF,0x31,0xFB,0xBD,
  0xDF,0xFF,0x5D,0xEF,0x7E,0xF7,0x7D,0xEF,0x7D,0xF7,0x7D,0xF7,0x9D,0xEF,0x7D,0xEF,0x7D,0xEF,0x7D,0xEF,0x7D,0xEF,0x7D,0xEF,
  0x7D,0xEF,0x7D,0xEF,0x7D,0xEF,0x7D,0xEF,0x7D,0xEF,0x7D,0xEF,0x7D,0xEF,0x7D,0xEF,0x7D,0xEF,0x7D,0xEF,0x7D,0xEF,0x7D,0xEF,
  0x7D,0xEF,0x7D,0xEF,0x7D,0xEF,0x7D,0xEF,0x7D,0xEF,0x7D,0xEF,0x7D,0xEF,0x7D,0xEF,0x7D,0xEF,0x7D,0xEF,0x7D,0xEF,0x7D,0xEF,
  0x7D,0xEF,0x7D,0xEF,0x7D,0xEF,0x7D,0xEF,0x7D,0xEF,0x7D,0xEF,0x7D,0xEF,0x7D,0xEF,0x7D,0xEF,0x7D,0xEF,0x7D,0xEF,0x7D,0xEF,
  0x7D,0xEF,0x7D,0xEF,0x7D,0xEF,0x7D,0xEF,0x7D,0xEF,0x7D,0xEF,0x7D,0xEF,0x7D,0xEF,0x7D,0xEF,0x7D,0xEF,0x7D,0xEF,0x7D,0xEF,
  0x7D,0xEF,0x7D,0xEF,0x7D,0xEF,0x7D,0xEF,0x7D,0xEF,0x7D,0xEF,0x9D,0xEF,0x7E,0xEF,0x7D,0xF7,0x7D,0xEF,0x9D,0xEF,0x7D,0xEF,
  0xDF,0xFF,0xD6,0x7B,0x0F,0x42,0x5F,0xEF,0xBF,0xFF,0xFB,0xBD,0x90,0x29,0x92,0x31,0x92,0x31,0x92,0x29,0x92,0x29,0x92,0x29,
  0x92,0x29,0x92,0x29,0x92,0x29,0x92,0x29,0x72,0x29,0xB0,0x31,0x3C,0xC6,0xBE,0xF7,0xBE,0xF7,0xD8,0xFD,0x05,0xD9,0xC3,0xE8,
  0x04,0xF1,0xE3,0xE8,0xE4,0xE8,0xE4,0xF0,0xC4,0xF0,0xC4,0xE8,0xE4,0xE8,0xC4,0xE8,0xE4,0xE8,0xE4,0xF0,0xC4,0xE8,0xC4,0xE8,
  0xE4,0xE8,0xC4,0xF0,0xC4,0xE8,0xC4,0xF0,0xC4,0xF0,0xC4,0xE8,0xC4,0xE8,0xC4,0xE8,0xC4,0xE8,0xC4,0xE8,0xC4,0xE8,0xC4,0xE8,
  0xC4,0xE8,0xC4,0xE8,0xC4,0xE8,0xC4,0xE8,0xC4,0xE8,0xC4,0xE8,0xC4,0xE8,0xC4,0xE8,0xC4,0xE8,0xC4,0xE8,0xC4,0xE8,0xC4,0xE8,
  0xC4,0xE8,0xE4,0xE0,0xE4,0xE8,0xA3,0xF0,0x83,0xE8,0x66,0xD9,0x31,0xEC,0x1C,0xFF,0x9F,0xF7,0x7E,0xE7,0x9E,0xEF,0x7D,0xEF,
  0x7D,0xEF,0x7D,0xEF,0x7D,0xEF,0x7D,0xEF,0x7D,0xEF,0x7D,0xEF,0x7D,0xEF,0x7D,0xEF,0x7D,0xEF,0x7D,0xEF,0x7D,0xEF,0x7D,0xEF,
  0x7D,0xEF,0x7D,0xEF,0x7D,0xEF,0x7D,0xEF,0x7D,0xEF,0x7D,0xEF,0x7D,0xEF,0x7D,0xEF,0x7D,0xEF,0x7D,0xEF,0x7D,0xEF,0x7D,0xEF,
  0x7D,0xEF,0x9D,0xEF,0x5D,0xF7,0x9E,0xF7,0xBF,0xFF,0x79,0xFE,0x2C,0xE3,0xC4,0xE0,0x62,0xE8,0xE4,0xF0,0xE4,0xE8,0xE4,0xE8,
  0xC4,0xE8,0xC4,0xE8,0xC4,0xE8,0xC4,0xE8,0xC4,0xE8,0xC4,0xE8,0xC4,0xE8,0xC4,0xE8,0xC4,0xE8,0xC4,0xE8,0xC4,0xE8,0xC4,0xE8,
  0xC4,0xE8,0xC4,0xE8,0xC4,0xE8,0xC4,0xE8,0xC4,0xE8,0xC4,0xE8,0xC4,0xE8,0xC4,0xE8,0xC4,0xE8,0xC4,0xE8,0xC4,0xE8,0xE4,0xE8,
  0xC4,0xE8,0xE4,0xE8,0xC4,0xE8,0xE4,0xE8,0xE4,0xE8,0xE4,0xE8,0xC4,0xE8,0xE4,0xF0,0xC4,0xF0,0xE4,0xE8,0xE4,0xE8,0x04,0xE9,
  0xE4,0xE8,0x82,0xE0,0x6A,0xD2,0x1C,0xFF,0x7D,0xF7,0x7F,0xEF,0xF5,0x5A,0x51,0x21,0x92,0x31,0x91,0x31,0x91,0x29,0x92,0x29,
  0x92,0x29,0x92,0x31,0x92,0x31,0x91,0x29,0xB2,0x31,0x2F,0x21,0xB5,0x73,0xBF,0xF7,0xDE,0xFF,0x98,0x94,0xD0,0x31,0x1F,0xE7,
  0x9E,0xF7,0x5D,0xEF,0x9E,0xF7,0x7E,0xEF,0x7D,0xF7,0x7D,0xF7,0x7E,0xEF,0x7E,0xEF,0x7D,0xEF,0x7D,0xEF,0x7D,0xEF,0x7D,0xEF,
  0x7D,0xEF,0x7D,0xEF,0x7D,0xEF,0x7D,0xEF,0x7D,0xEF,0x7D,0xEF,0x7D,0xEF,0x7D,0xEF,0x7D,0xEF,0x7D,0xEF,0x7D,0xEF,0x7D,0xEF,
  0x7D,0xEF,0x7D,0xEF,0x7D,0xEF,0x7D,0xEF,0x7D,0xEF,0x7D,0xEF,0x7D,0xEF,0x7D,0xEF,0x7D,0xEF,0x7D,0xEF,0x7D,0xEF,0x7D,0xEF,
  0x7D,0xEF,0x7D,0xEF,0x7D,0xEF,0x7D,0xEF,0x7D,0xEF,0x7D,0xEF,0x7D,0xEF,0x7D,0xEF,0x7D,0xEF,0x7D,0xEF,0x7D,0xEF,0x7D,0xEF,
  0x7D,0xEF,0x7D,0xEF,0x7D,0xEF,0x7D,0xEF,0x7D,0xEF,0x7D,0xEF,0x7D,0xEF,0x7D,0xEF,0x7D,0xEF,0x7D,0xEF,0x7D,0xEF,0x7D,0xEF,
  0x7D,0xEF,0x7D,0xEF,0x7D,0xEF,0x7D,0xEF,0x7D,0xEF,0x9D,0xEF,0x9D,0xEF,0x7D,0xEF,0x7D,0xF7,0x9E,0xF7,0x7D,0xEF,0x7D,0xEF,
  0xDF,0xF7,0x9A,0xAD,0x8D,0x29,0x5D,0xCE,0xDE,0xFF,0xFE,0xDE,0x51,0x42,0x51,0x29,0x92,0x31,0x92,0x29,0x92,0x29,0x92,0x29,
  0x92,0x29,0x92,0x29,0x92,0x29,0x92,0x29,0xB3,0x31,0x4F,0x21,0x57,0x8C,0xDF,0xFF,0x7D,0xEF,0x3C,0xFF,0x10,0xE4,0x46,0xD1,
  0xC4,0xE8,0x83,0xF0,0x62,0xE8,0xC3,0xE8,0x04,0xE9,0xE4,0xE8,0xC4,0xE8,0xC4,0xE8,0xC4,0xE8,0xC4,0xE8,0xC4,0xE8,0xE4,0xE8,
  0xC4,0xE8,0xC4,0xE8,0xC4,0xE8,0xC4,0xE8,0xC4,0xF0,0xC4,0xE8,0xC4,0xE8,0xC4,0xE8,0xC4,0xE8,0xC4,0xE8,0xC4,0xE8,0xC4,0xE8,
  0xC4,0xE8,0xC4,0xE8,0xC4,0xE8,0xC4,0xE8,0xC4,0xE8,0xC4,0xE8,0xC4,0xE8,0xC4,0xE8,0xC4,0xE8,0xC4,0xE8,0xC4,0xE8,0xC4,0xE8,
  0xC4,0xF0,0xC4,0xE8,0xC5,0xE8,0xC5,0xE8,0xC4,0xF0,0xC4,0xF0,0x83,0xD8,0x8B,0xE2,0x79,0xFE,0xDE,0xF7,0x7D,0xEF,0x7D,0xEF,
  0x7D,0xEF,0x7D,0xEF,0x7D,0xEF,0x7D,0xEF,0x7D,0xEF,0x7D,0xEF,0x7D,0xEF,0x7D,0xEF,0x7D,0xEF,0x7D,0xEF,0x7D,0xEF,0x7D,0xEF,
  0x7D,0xEF,0x7D,0xEF,0x7D,0xEF,0x7D,0xEF,0x7D,0xEF,0x7D,0xEF,0x7D,0xEF,0x7D,0xEF,0x7D,0xEF,0x7D,0xEF,0x7D,0xEF,0x7D,0xEF,
  0x7D,0xEF,0x7D,0xEF,0x7E,0xEF,0x9D,0xFF,0x55,0xED,0x87,0xD9,0x43,0xF0,0xE4,0xF0,0x04,0xE1,0xC4,0xE8,0xE4,0xF8,0xE4,0xE8,
  0xC4,0xE8,0xC4,0xE8,0xC4,0xE8,0xC4,0xE8,0xC4,0xE8,0xC4,0xE8,0xC4,0xE8,0xC4,0xE8,0xC4,0xE8,0xC4,0xE8,0xC4,0xE8,0xC4,0xE8,
  0xC4,0xE8,0xC4,0xE8,0xC4,0xE8,0xC4,0xE8,0xC4,0xE8,0xC4,0xE8,0xC4,0xE8,0xC4,0xE8,0xC4,0xE8,0xC4,0xE8,0xC4,0xE8,0xC4,0xE8,
  0xC4,0xE8,0xE4,0xE8,0xC4,0xE8,0xE4,0xE8,0xC4,0xE8,0xC4,0xE8,0xE4,0xE8,0x04,0xE9,0xC4,0xE8,0xA3,0xF0,0x63,0xF0,0xA4,0xF0,
  0xE4,0xE0,0xA6,0xE1,0x55,0xF5,0x9E,0xF7,0x9E,0xF7,0x9D,0xD6,0xB1,0x39,0x72,0x29,0x92,0x29,0x92,0x29,0x92,0x29,0x72,0x31,
  0x92,0x29,0x72,0x31,0x92,0x29,0x92,0x29,0x93,0x29,0x4F,0x21,0x38,0xA5,0xFF,0xFF,0x7F,0xEF,0x13,0x63,0xF4,0x5A,0xBF,0xF7,
  0x5D,0xEF,0x7E,0xF7,0x9D,0xF7,0x7D,0xEF,0x7E,0xF7,0x7D,0xF7,0x9D,0xEF,0x7D,0xEF,0x7D,0xEF,0x7D,0xEF,0x7D,0xEF,0x7D,0xEF,
  0x7D,0xEF,0x7D,0xEF,0x7D,0xEF,0x7D,0xEF,0x7D,0xEF,0x7D,0xEF,0x7D,0xEF,0x7D,0xEF,0x7D,0xEF,0x7D,0xEF,0x7D,0xEF,0x7D,0xEF,
  0x7D,0xEF,0x7D,0xEF,0x7D,0xEF,0x7D,0xEF,0x7D,0xEF,0x7D,0xEF,0x7D,0xEF,0x7D,0xEF,0x7D,0xEF,0x7D,0xEF,0x7D,0xEF,0x7D,0xEF,
  0x7D,0xEF,0x7D,0xEF,0x7D,0xEF,0x7D,0xEF,0x7D,0xEF,0x7D,0xEF,0x7D,0xEF,0x7D,0xEF,0x7D,0xEF,0x7D,0xEF,0x7D,0xEF,0x7D,0xEF,
  0x7D,0xEF,0x7D,0xEF,0x7D,0xEF,0x7D,0xEF,0x7D,0xEF,0x7D,0xEF,0x7D,0xEF,0x7D,0xEF,0x7D,0xEF,0x7D,0xEF,0x7D,0xEF,0x7D,0xEF,
  0x7D,0xEF,0x7D,0xEF,0x7D,0xEF,0x7D,0xEF,0x7D,0xEF,0x9D,0xEF,0x9D,0xEF,0x9D,0xEF,0x7D,0xEF,0x9D,0xEF,0x9E,0xF7,0x7D,0xEF,
  0xBE,0xF7,0xBD,0xD6,0xAE,0x31,0xF9,0x9C,0xDE,0xFF,0x9E,0xEF,0x96,0x73,0x30,0x29,0x92,0x31,0x92,0x29,0x92,0x29,0x92,0x29,
  0x92,0x29,0x91,0x29,0x92,0x29,0x92,0x29,0x92,0x29,0x50,0x21,0xD3,0x5A,0x3F,0xEF,0x9D,0xF7,0xBE,0xF7,0x9E,0xF7,0xBA,0xF6,
  0xB7,0xF5,0xD4,0xF4,0x0D,0xEB,0x26,0xE1,0x63,0xE8,0xA4,0xE8,0xC4,0xE8,0xE4,0xE8,0xE4,0xE8,0xE4,0xE8,0xC4,0xE8,0xE4,0xE8,
  0xE4,0xE8,0xC4,0xE8,0xC4,0xE8,0xC4,0xE8,0xC4,0xE8,0xC4,0xE8,0xC4,0xE8,0xC4,0xE8,0xC4,0xE8,0xC4,0xE8,0xC4,0xE8,0xC4,0xE8,
  0xC4,0xE8,0xC4,0xE8,0xC4,0xE8,0xC4,0xE8,0xC4,0xE8,0xC4,0xE8,0xC4,0xE8,0xC4,0xE8,0xC4,0xE8,0xC4,0xE8,0xC4,0xE8,0xC4,0xE8,
  0xC4,0xE8,0xC4,0xE8,0xE4,0xE8,0xE4,0xE8,0xC4,0xE8,0xE4,0xE8,0xC4,0xF0,0x83,0xD8,0x2A,0xE2,0x38,0xFE,0xBE,0xF7,0x7D,0xEF,
  0x7D,0xEF,0x7D,0xEF,0x7D,0xEF,0x7D,0xEF,0x7D,0xEF,0x7D,0xEF,0x7D,0xEF,0x7D,0xEF,0x7D,0xEF,0x7D,0xEF,0x7D,0xEF,0x7D,0xEF,
  0x7D,0xEF,0x7D,0xEF,0x7D,0xEF,0x7D,0xEF,0x7D,0xEF,0x7D,0xEF,0x7D,0xEF,0x7D,0xEF,0x7D,0xEF,0x7D,0xEF,0x7D,0xEF,0x7D,0xEF,
  0x7D,0xEF,0x7D,0xEF,0x9D,0xFF,0xD3,0xEC,0x06,0xD9,0x83,0xE8,0xE4,0xE8,0xE4,0xE8,0xE5,0xE8,0xE5,0xE8,0xA4,0xE8,0xC4,0xF0,
  0xC4,0xF0,0xC4,0xE8,0xC4,0xE8,0xC4,0xE8,0xC4,0xE8,0xC4,0xE8,0xC4,0xE8,0xC4,0xE8,0xC4,0xE8,0xC4,0xE8,0xC4,0xE8,0xC4,0xE8,
  0xC4,0xE8,0xC4,0xE8,0xC4,0xE8,0xC4,0xE8,0xC4,0xE8,0xC4,0xE8,0xC4,0xE8,0xC4,0xE8,0xC4,0xE8,0xC4,0xE8,0xE4,0xE8,0xC4,0xE8,
  0xC4,0xE8,0xE4,0xF0,0xC4,0xE8,0xE4,0xE8,0xE4,0xE8,0xE4,0xE8,0xC4,0xE8,0x83,0xE8,0xA3,0xE8,0xA7,0xE1,0xAE,0xEB,0x34,0xF5,
  0xD7,0xED,0xFC,0xF6,0x9E,0xF7,0x7D,0xEF,0xFF,0xFF,0xB7,0x94,0x50,0x29,0x92,0x31,0x92,0x29,0x73,0x29,0x92,0x29,0x91,0x29,
  0x91,0x31,0x72,0x31,0x92,0x29,0x92,0x29,0x72,0x29,0xD1,0x31,0xBD,0xD6,0xBF,0xF7,0xFE,0xE6,0xCE,0x39,0xB8,0x8C,0xDF,0xF7,
  0x7E,0xEF,0x9E,0xF7,0x9C,0xF7,0x9D,0xEF,0x7E,0xF7,0x7D,0xF7,0x9D,0xEF,0x7D,0xEF,0x7D,0xEF,0x7D,0xEF,0x7D,0xEF,0x7D,0xEF,
  0x7D,0xEF,0x7D,0xEF,0x7D,0xEF,0x7D,0xEF,0x7D,0xEF,0x7D,0xEF,0x7D,0xEF,0x7D,0xEF,0x7D,0xEF,0x7D,0xEF,0x7D,0xEF,0x7D,0xEF,
  0x7D,0xEF,0x7D,0xEF,0x7D,0xEF,0x7D,0xEF,0x7D,0xEF,0x7D,0xEF,0x7D,0xEF,0x7D,0xEF,0x7D,0xEF,0x7D,0xEF,0x7D,0xEF,0x7D,0xEF,
  0x7D,0xEF,0x7D,0xEF,0x7D,0xEF,0x7D,0xEF,0x7D,0xEF,0x7D,0xEF,0x7D,0xEF,0x7D,0xEF,0x7D,0xEF,0x7D,0xEF,0x7D,0xEF,0x7D,0xEF,
  0x7D,0xEF,0x7D,0xEF,0x7D,0xEF,0x7D,0xEF,0x7D,0xEF,0x7D,0xEF,0x7D,0xEF,0x7D,0xEF,0x7D,0xEF,0x7D,0xEF,0x7D,0xEF,0x7D,0xEF,
  0x7D,0xEF,0x7D,0xEF,0x7D,0xEF,0x7D,0xEF,0x7D,0xEF,0x7D,0xEF,0x7D,0xEF,0x7D,0xEF,0x7D,0xEF,0x7D,0xEF,0x9E,0xF7,0x7E,0xEF,
  0x7E,0xEF,0x7E,0xEF,0xB2,0x52,0x75,0x6B,0x9E,0xF7,0xDF,0xFF,0xF9,0x9C,0x2F,0x21,0xB2,0x29,0x91,0x29,0x92,0x31,0x91,0x29,
  0x92,0x29,0x91,0x31,0x92,0x31,0x92,0x29,0x71,0x29,0x91,0x31,0xB0,0x31,0x3C,0xC6,0xBE,0xF7,0x7D,0xEF,0x7E,0xEF,0xBE,0xF7,
  0xDE,0xEF,0xFF,0xF7,0x9E,0xF7,0x59,0xF6,0x31,0xEC,0x09,0xE2,0xE5,0xE8,0x83,0xE8,0x83,0xE8,0xC4,0xF0,0xE4,0xE8,0xE4,0xE8,
  0xC4,0xE8,0xC5,0xF0,0xC5,0xF0,0xC4,0xE8,0xE4,0xE8,0xE4,0xF0,0xC4,0xE8,0xC4,0xE8,0xC4,0xF0,0xC4,0xE8,0xC4,0xE8,0xC4,0xE8,
  0xC4,0xF0,0xC4,0xF0,0xC4,0xE8,0xC4,0xE8,0xC4,0xE8,0xC4,0xE8,0xC4,0xE8,0xC4,0xE8,0xC4,0xE8,0xC4,0xE8,0xC4,0xE8,0xC4,0xE8,
  0xC4,0xE8,0xC4,0xE8,0xC4,0xE8,0xC4,0xE8,0xE4,0xF0,0xC4,0xE8,0xE4,0xE8,0xE5,0xF0,0x83,0xE8,0x4A,0xDA,0xDB,0xFE,0x7E,0xF7,
  0x7E,0xF7,0x7D,0xEF,0x9D,0xEF,0x7E,0xF7,0x7E,0xF7,0x9D,0xEF,0x7E,0xEF,0x7D,0xEF,0x7D,0xEF,0x7D,0xEF,0x7D,0xEF,0x7D,0xEF,
  0x7D,0xEF,0x7D,0xEF,0x7D,0xEF,0x7D,0xEF,0x7E,0xEF,0x7E,0xEF,0x7D,0xF7,0x9D,0xEF,0x9D,0xEF,0x9D,0xEF,0x7D,0xF7,0x5D,0xF7,
  0x7E,0xEF,0xDE,0xFF,0x34,0xFD,0x46,0xD9,0x84,0xE0,0xE5,0xF0,0xE5,0xE8,0xE5,0xF0,0xC4,0xF0,0xE4,0xE8,0xE4,0xE0,0xC4,0xF0,
  0xC4,0xE8,0xC4,0xE8,0xC4,0xE8,0xC4,0xE8,0xC4,0xE8,0xC4,0xE8,0xC4,0xE8,0xC4,0xE8,0xC4,0xE8,0xC4,0xE8,0xC4,0xE8,0xC4,0xE8,
  0xC4,0xE8,0xC4,0xE8,0xC4,0xE8,0xC4,0xE8,0xC4,0xE8,0xC4,0xE8,0xE4,0xE8,0xE4,0xE8,0xE3,0xE8,0xC3,0xE8,0xC3,0xF0,0xC4,0xF0,
  0xE4,0xE8,0x04,0xE9,0x04,0xE9,0xC4,0xE8,0x83,0xE8,0x63,0xE8,0x26,0xE1,0xCB,0xE2,0x14,0xED,0xFA,0xF6,0xDE,0xF7,0xFF,0xF7,
  0xBE,0xF7,0x9E,0xEF,0x7E,0xEF,0x7D,0xF7,0x7F,0xEF,0x14,0x5B,0x51,0x21,0x92,0x31,0x92,0x29,0x72,0x29,0x92,0x29,0x92,0x29,
  0x92,0x31,0x92,0x31,0x92,0x29,0x92,0x29,0x30,0x21,0xF4,0x62,0x5F,0xEF,0xDF,0xF7,0xBB,0xB5,0x8E,0x29,0x1C,0xBE,0xDF,0xF7,
  0x9D,0xEF,0x9D,0xEF,0x9D,0xF7,0x7D,0xEF,0x7E,0xEF,0x7D,0xF7,0x7D,0xF7,0x7E,0xEF,0x7D,0xEF,0x7D,0xEF,0x7D,0xEF,0x7D,0xEF,
  0x7D,0xEF,0x7D,0xEF,0x7D,0xEF,0x7D,0xEF,0x7D,0xEF,0x7D,0xEF,0x7D,0xEF,0x7D,0xEF,0x7D,0xEF,0x7D,0xEF,0x7D,0xEF,0x7D,0xEF,
  0x7D,0xEF,0x7D,0xEF,0x7D,0xEF,0x7D,0xEF,0x7D,0xEF,0x7D,0xEF,0x7D,0xEF,0x7D,0xEF,0x7D,0xEF,0x7D,0xEF,0x7D,0xEF,0x7D,0xEF,
  0x7D,0xEF,0x7D,0xEF,0x7D,0xEF,0x7D,0xEF,0x7D,0xEF,0x7D,0xEF,0x7D,0xEF,0x7D,0xEF,0x7D,0xEF,0x7D,0xEF,0x7D,0xEF,0x7D,0xEF,
  0x7D,0xEF,0x7D,0xEF,0x7D,0xEF,0x7D,0xEF,0x7D,0xEF,0x7D,0xEF,0x7D,0xEF,0x7D,0xEF,0x7D,0xEF,0x7D,0xEF,0x7D,0xEF,0x7D,0xEF,
  0x7D,0xEF,0x7D,0xEF,0x7D,0xEF,0x7D,0xEF,0x7D,0xEF,0x7D,0xEF,0x7D,0xEF,0x7D,0xEF,0x7D,0xEF,0x7E,0xEF,0x7E,0xF7,0x7E,0xEF,
  0x7E,0xEF,0xFF,0xFF,0x37,0x84,0xEF,0x39,0x1E,0xE7,0xBF,0xFF,0x7D,0xCE,0xD1,0x31,0x91,0x29,0x92,0x31,0x92,0x31,0x92,0x29,
  0x92,0x29,0x91,0x31,0x92,0x31,0x92,0x31,0x91,0x29,0xB2,0x31,0x2F,0x21,0x57,0x84,0xBF,0xF7,0x7D,0xEF,0x9E,0xEF,0x7D,0xEF,
  0x7D,0xF7,0x7D,0xF7,0x9D,0xEF,0xDE,0xEF,0xDE,0xF7,0x7C,0xFF,0xF7,0xED,0xAE,0xEB,0x09,0xEA,0xC5,0xE0,0x83,0xE8,0xA3,0xE8,
  0xE4,0xF0,0xE4,0xE8,0xE4,0xE8,0xE5,0xE8,0xC4,0xE8,0xE4,0xE8,0xE4,0xE8,0xE4,0xE8,0xC4,0xE8,0xC4,0xE8,0xC4,0xF0,0xC4,0xF0,
  0xC4,0xE8,0xC4,0xE8,0xC4,0xE8,0xC4,0xE8,0xC4,0xE8,0xC4,0xE8,0xC4,0xE8,0xC4,0xE8,0xC4,0xE8,0xC4,0xE8,0xC4,0xE8,0xC4,0xE8,
  0xC4,0xE8,0xC4,0xE8,0xC4,0xE8,0xC4,0xE8,0xC4,0xE8,0xC4,0xE8,0xC4,0xE8,0xC4,0xE8,0xE4,0xF0,0xA4,0xD8,0xAF,0xEB,0x9D,0xFF,
  0xBE,0xEF,0x7D,0xEF,0x7D,0xF7,0x7E,0xF7,0x7E,0xF7,0x9D,0xEF,0x9E,0xEF,0x7D,0xEF,0x7D,0xEF,0x7D,0xEF,0x7D,0xEF,0x7D,0xEF,
  0x7D,0xEF,0x7D,0xEF,0x7D,0xEF,0x7D,0xEF,0x7E,0xEF,0x7E,0xF7,0x7D,0xF7,0x9D,0xEF,0x7D,0xF7,0x7D,0xEF,0x9E,0xF7,0x7E,0xF7,
  0x9E,0xF7,0xFB,0xFE,0x6A,0xDA,0x83,0xE0,0xE5,0xF0,0xC4,0xE8,0xE4,0xE8,0xC4,0xE8,0xC4,0xF0,0xC4,0xE8,0xC4,0xE8,0xC4,0xF0,
  0xC4,0xE8,0xC4,0xE8,0xC4,0xE8,0xC4,0xE8,0xC4,0xE8,0xC4,0xE8,0xC4,0xE8,0xC4,0xE8,0xC4,0xE8,0xC4,0xE8,0xC4,0xE8,0xC4,0xE8,
  0xC4,0xE8,0xC4,0xE8,0xC4,0xE8,0xC4,0xE8,0xC4,0xE8,0xC4,0xE8,0xE4,0xE8,0xC4,0xE8,0xE5,0xE8,0xE5,0xE0,0x05,0xE9,0x05,0xE9,
  0xC4,0xE8,0x83,0xE8,0x63,0xE8,0x05,0xE9,0x2A,0xEA,0x52,0xEC,0x38,0xFE,0x9C,0xF7,0xDE,0xF7,0x9D,0xF7,0x5D,0xF7,0x7D,0xEF,
  0x7D,0xEF,0x7D,0xF7,0x5C,0xEF,0xBE,0xF7,0x5C,0xC6,0xB0,0x31,0x72,0x29,0x92,0x29,0x92,0x29,0x92,0x29,0x92,0x29,0x92,0x29,
  0x72,0x29,0x92,0x31,0x92,0x31,0x92,0x31,0x50,0x29,0x98,0x94,0xBF,0xF7,0xDF,0xF7,0x17,0x7C,0x31,0x42,0x3F,0xE7,0x9E,0xEF,
  0x9D,0xEF,0x9D,0xEF,0x7E,0xEF,0x7E,0xEF,0x9D,0xEF,0x7D,0xF7,0x7E,0xF7,0x7E,0xEF,0x7D,0xEF,0x7D,0xEF,0x7D,0xEF,0x7D,0xEF,
  0x7D,0xEF,0x7D,0xEF,0x7D,0xEF,0x7D,0xEF,0x7D,0xEF,0x7D,0xEF,0x7D,0xEF,0x7D,0xEF,0x7D,0xEF,0x7D,0xEF,0x7D,0xEF,0x7D,0xEF,
  0x7D,0xEF,0x7D,0xEF,0x7D,0xEF,0x7D,0xEF,0x7D,0xEF,0x7D,0xEF,0x7D,0xEF,0x7D,0xEF,0x7D,0xEF,0x7D,0xEF,0x7D,0xEF,0x7D,0xEF,
  0x7D,0xEF,0x7D,0xEF,0x7D,0xEF,0x7D,0xEF,0x7D,0xEF,0x7D,0xEF,0x7D,0xEF,0x7D,0xEF,0x7D,0xEF,0x7D,0xEF,0x7D,0xEF,0x7D,0xEF,
  0x7D,0xEF,0x7D,0xEF,0x7D,0xEF,0x7D,0xEF,0x7D,0xEF,0x7D,0xEF,0x7D,0xEF,0x7D,0xEF,0x7D,0xEF,0x7D,0xEF,0x7D,0xEF,0x7D,0xEF,
  0x7D,0xEF,0x7D,0xEF,0x7D,0xEF,0x7D,0xEF,0x7D,0xEF,0x7D,0xEF,0x7D,0xEF,0x7D,0xEF,0x7D,0xEF,0x9E,0xF7,0x7D,0xEF,0x7E,0xEF,
  0x5D,0xEF,0xBE,0xF7,0x3D,0xC6,0x4D,0x29,0xBB,0xB5,0xBE,0xF7,0x9F,0xF7,0x34,0x63,0x31,0x21,0xB2,0x31,0x91,0x29,0x92,0x29,
  0x92,0x29,0x91,0x31,0x91,0x31,0x92,0x29,0x92,0x29,0x93,0x29,0x71,0x29,0x51,0x4A,0x3E,0xE7,0x9D,0xF7,0x7E,0xEF,0x7D,0xEF,
  0x7D,0xF7,0x7D,0xF7,0x7E,0xF7,0x7E,0xEF,0x7E,0xEF,0x9E,0xEF,0xBE,0xF7,0xDE,0xF7,0x1C,0xF7,0x96,0xFD,0xAF,0xF3,0xE8,0xE9,
  0xA3,0xE8,0x63,0xE8,0x83,0xE8,0xE4,0xE8,0xE4,0xE8,0xC4,0xE8,0xC4,0xE8,0xC4,0xE8,0xC4,0xE8,0xE4,0xE8,0xC4,0xE8,0xC4,0xF0,
  0xC4,0xF0,0xC4,0xE8,0xC4,0xE8,0xC4,0xE8,0xC4,0xE8,0xC4,0xE8,0xC4,0xE8,0xC4,0xE8,0xC4,0xE8,0xC4,0xE8,0xC4,0xE8,0xC4,0xE8,
  0xC4,0xE8,0xC4,0xE8,0xC4,0xE8,0xC4,0xE8,0xC4,0xE8,0xC4,0xE8,0xC4,0xE8,0xC4,0xE8,0xE4,0xE8,0x83,0xE8,0xA7,0xE1,0x99,0xFE,
  0x9D,0xF7,0x7D,0xF7,0x7E,0xF7,0x7E,0xEF,0x7D,0xF7,0x9D,0xEF,0x9D,0xEF,0x9D,0xEF,0x7D,0xEF,0x7D,0xEF,0x7D,0xEF,0x7D,0xEF,
  0x7D,0xEF,0x7D,0xEF,0x7D,0xEF,0x7D,0xEF,0x7D,0xF7,0x7D,0xF7,0x7D,0xEF,0x9D,0xEF,0x7E,0xF7,0x7E,0xF7,0x9E,0xEF,0x7D,0xEF,
  0x9D,0xF7,0x14,0xF5,0xE5,0xD0,0xC5,0xF0,0xC5,0xF0,0xC4,0xE8,0xE4,0xE8,0xC4,0xE8,0xC4,0xF0,0xC4,0xE8,0xC4,0xE8,0xC4,0xF0,
  0xC4,0xE8,0xC4,0xE8,0xC4,0xE8,0xC4,0xE8,0xC4,0xE8,0xC4,0xE8,0xC4,0xE8,0xC4,0xE8,0xC4,0xE8,0xC4,0xE8,0xC4,0xE8,0xC4,0xE8,
  0xC4,0xE8,0xC4,0xE8,0xC4,0xE8,0xE4,0xE8,0xC4,0xE8,0xC4,0xE8,0xC4,0xE8,0xE5,0xF0,0xA4,0xF0,0xA4,0xF0,0x63,0xE8,0x83,0xE8,
  0xE4,0xE0,0x4A,0xEA,0x11,0xF4,0x18,0xF6,0x9D,0xEF,0xDE,0xEF,0xBE,0xF7,0x7E,0xF7,0x7E,0xF7,0x9D,0xEF,0x9D,0xEF,0x7D,0xEF,
  0x7D,0xF7,0x7D,0xF7,0x7D,0xEF,0xFF,0xFF,0x36,0x84,0x30,0x21,0x93,0x31,0x92,0x29,0x92,0x29,0x92,0x29,0x92,0x29,0x92,0x29,
  0x93,0x29,0x72,0x31,0x92,0x29,0x93,0x31,0xB0,0x31,0x3C,0xC6,0xDF,0xF7,0x5F,0xEF,0x10,0x42,0xD5,0x73,0xFF,0xFF,0x5D,0xEF,
  0x9D,0xF7,0x9E,0xF7,0x7E,0xEF,0x9D,0xEF,0x9D,0xEF,0x7D,0xF7,0x7E,0xF7,0x7E,0xEF,0x7D,0xEF,0x7D,0xEF,0x7D,0xEF,0x7D,0xEF,
  0x7D,0xEF,0x7D,0xEF,0x7D,0xEF,0x7D,0xEF,0x7D,0xEF,0x7D,0xEF,0x7D,0xEF,0x7D,0xEF,0x7D,0xEF,0x7D,0xEF,0x7D,0xEF,0x7D,0xEF,
  0x7D,0xEF,0x7D,0xEF,0x7D,0xEF,0x7D,0xEF,0x7D,0xEF,0x7D,0xEF,0x7D,0xEF,0x7D,0xEF,0x7D,0xEF,0x7D,0xEF,0x7D,0xEF,0x7D,0xEF,
  0x7D,0xEF,0x7D,0xEF,0x7D,0xEF,0x7D,0xEF,0x7D,0xEF,0x7D,0xEF,0x7D,0xEF,0x7D,0xEF,0x7D,0xEF,0x7D,0xEF,0x7D,0xEF,0x7D,0xEF,
  0x7D,0xEF,0x7D,0xEF,0x7D,0xEF,0x7D,0xEF,0x7D,0xEF,0x7D,0xEF,0x7D,0xEF,0x7D,0xEF,0x7D,0xEF,0x7D,0xEF,0x7D,0xEF,0x7D,0xEF,
  0x7D,0xEF,0x7D,0xEF,0x7D,0xEF,0x7D,0xEF,0x7D,0xEF,0x7D,0xEF,0x7D,0xEF,0x7D,0xEF,0x7D,0xEF,0x7D,0xEF,0x7D,0xEF,0x9E,0xF7,
  0x7D,0xEF,0x9E,0xF7,0x5F,0xEF,0x50,0x4A,0xD6,0x7B,0xDF,0xF7,0xBE,0xF7,0xF9,0x9C,0x70,0x29,0x92,0x29,0x92,0x29,0x92,0x29,
  0x92,0x29,0x92,0x31,0x92,0x31,0x92,0x29,0x92,0x29,0xB3,0x29,0xB2,0x31,0x50,0x29,0x5A,0xAD,0xDF,0xFF,0x7D,0xEF,0x9D,0xEF,
  0x9E,0xEF,0x7E,0xEF,0x7E,0xEF,0x7D,0xEF,0x9E,0xEF,0x7D,0xEF,0x7D,0xEF,0x9E,0xEF,0x9E,0xEF,0xDF,0xEF,0xDE,0xF7,0x1C,0xF7,
  0xD7,0xF5,0xD0,0xEB,0xE8,0xD9,0xC3,0xE0,0x62,0xE8,0x84,0xE8,0xA4,0xE8,0xE5,0xF0,0xC4,0xE8,0xC4,0xE8,0xC4,0xE8,0xC4,0xE8,
  0xC4,0xF0,0xC4,0xF0,0xC4,0xE8,0xC4,0xE8,0xC4,0xE8,0xC4,0xE8,0xC4,0xE8,0xC4,0xE8,0xC4,0xE8,0xC4,0xE8,0xC4,0xE8,0xC4,0xE8,
  0xC4,0xE8,0xC4,0xE8,0xC4,0xE8,0xC4,0xE8,0xC4,0xE8,0xC4,0xE8,0xC4,0xE8,0xC4,0xE8,0xC4,0xE8,0xE4,0xF0,0xE4,0xD0,0x14,0xE5,
  0x9E,0xFF,0x7D,0xF7,0x7D,0xEF,0x9E,0xEF,0x7D,0xF7,0x7D,0xF7,0x9D,0xEF,0x9D,0xEF,0x7D,0xEF,0x7D,0xEF,0x7D,0xEF,0x7D,0xEF,
  0x7D,0xEF,0x7D,0xEF,0x7D,0xEF,0x7D,0xEF,0x7D,0xEF,0x7D,0xF7,0x9D,0xEF,0x7E,0xEF,0x7D,0xF7,0x7D,0xF7,0x9E,0xEF,0x7D,0xEF,
  0xBD,0xF7,0x8E,0xEB,0xA4,0xD8,0x04,0xE9,0xE4,0xE0,0x04,0xE9,0xC4,0xE8,0xC4,0xE8,0xC4,0xF0,0xC4,0xE8,0xE4,0xE8,0xC4,0xE8,
  0xC4,0xE8,0xC4,0xE8,0xC4,0xE8,0xC4,0xE8,0xC4,0xE8,0xC4,0xE8,0xC4,0xE8,0xC4,0xE8,0xC4,0xE8,0xC4,0xE8,0xC4,0xE8,0xC4,0xE8,
  0xC4,0xE8,0xC4,0xE8,0xC4,0xE8,0xE4,0xE8,0xE4,0xE8,0xC4,0xE8,0xC4,0xE8,0x83,0xE8,0x83,0xE0,0x46,0xE9,0x6A,0xEA,0x31,0xF4,
  0x38,0xF6,0x5C,0xEF,0xFF,0xF7,0xDF,0xF7,0x7E,0xEF,0x7D,0xEF,0x7D,0xEF,0x7E,0xEF,0x9E,0xF7,0x7D,0xF7,0x7D,0xF7,0x7D,0xF7,
  0x7E,0xF7,0x9E,0xEF,0x9D,0xEF,0x1E,0xE7,0x52,0x4A,0x51,0x21,0xB2,0x31,0x92,0x29,0x92,0x29,0x92,0x29,0x92,0x29,0x92,0x29,
  0x72,0x29,0x92,0x31,0x92,0x31,0x30,0x21,0xD2,0x52,0x9F,0xEF,0xFF,0xFF,0x1C,0xC6,0x4D,0x29,0xDB,0xB5,0xDE,0xFF,0x7D,0xEF,
  0x7D,0xEF,0x7D,0xEF,0x9E,0xF7,0x7D,0xF7,0x7D,0xF7,0x7D,0xF7,0x7D,0xF7,0x7D,0xEF,0x7D,0xEF,0x7D,0xEF,0x7D,0xEF,0x7D,0xEF,
  0x7D,0xEF,0x7D,0xEF,0x7D,0xEF,0x7D,0xEF,0x7D,0xEF,0x7D,0xEF,0x7D,0xEF,0x7D,0xEF,0x7D,0xEF,0x7D,0xEF,0x7D,0xEF,0x7D,0xEF,
  0x7D,0xEF,0x7D,0xEF,0x7D,0xEF,0x7D,0xEF,0x7D,0xEF,0x7D,0xEF,0x7D,0xEF,0x7D,0xEF,0x7D,0xEF,0x7D,0xEF,0x7D,0xEF,0x7D,0xEF,
  0x7D,0xEF,0x7D,0xEF,0x7D,0xEF,0x7D,0xEF,0x7D,0xEF,0x7D,0xEF,0x7D,0xEF,0x7D,0xEF,0x7D,0xEF,0x7D,0xEF,0x7D,0xEF,0x7D,0xEF,
  0x7D,0xEF,0x7D,0xEF,0x7D,0xEF,0x7D,0xEF,0x7D,0xEF,0x7D,0xEF,0x7D,0xEF,0x7D,0xEF,0x7D,0xEF,0x7D,0xEF,0x7D,0xEF,0x7D,0xEF,
  0x7D,0xEF,0x7D,0xEF,0x7D,0xEF,0x7D,0xEF,0x7D,0xEF,0x7D,0xEF,0x7D,0xEF,0x7D,0xEF,0x7D,0xEF,0x9D,0xF7,0x7D,0xEF,0x7D,0xEF,
  0x7D,0xEF,0x7D,0xEF,0xDF,0xF7,0x36,0x84,0x10,0x3A,0x5F,0xE7,0x9F,0xF7,0xBD,0xD6,0xD0,0x31,0x92,0x29,0x92,0x29,0x91,0x29,
  0x92,0x29,0x72,0x31,0x72,0x31,0x92,0x29,0x92,0x29,0x91,0x29,0x92,0x29,0x51,0x29,0x13,0x63,0x7F,0xF7,0x7D,0xF7,0x7D,0xEF,
  0x9E,0xEF,0x7E,0xF7,0x7D,0xF7,0x7D,0xEF,0x7D,0xF7,0x7E,0xF7,0x7E,0xF7,0x7D,0xEF,0x7D,0xEF,0x5D,0xF7,0x7D,0xEF,0xBE,0xEF,
  0xFE,0xEF,0xDE,0xF7,0x3C,0xF7,0xD7,0xF5,0x11,0xEC,0x08,0xEA,0x05,0xE1,0x84,0xE8,0x63,0xE8,0xA4,0xF0,0xE4,0xE8,0x04,0xE9,
  0xE4,0xE8,0xC4,0xF0,0xC4,0xF0,0xE4,0xF0,0xC4,0xE8,0xC4,0xE8,0xC4,0xE8,0xE4,0xE8,0xC4,0xE8,0xC4,0xE8,0xC4,0xE8,0xC4,0xE8,
  0xC4,0xE8,0xC4,0xE8,0xC4,0xE8,0xC4,0xE8,0xC4,0xE8,0xC4,0xE8,0xC4,0xE8,0xC4,0xE8,0xC4,0xE8,0xE4,0xF0,0x83,0xD0,0x52,0xE4,
  0x9E,0xFF,0x7D,0xEF,0x7D,0xF7,0x7D,0xF7,0x9D,0xEF,0x9D,0xEF,0x7E,0xF7,0x7E,0xF7,0x7D,0xEF,0x7D,0xEF,0x7D,0xEF,0x7D,0xEF,
  0x7D,0xEF,0x7D,0xEF,0x7D,0xEF,0x7D,0xEF,0x7D,0xEF,0x7E,0xEF,0x7E,0xEF,0x7E,0xF7,0x7D,0xF7,0x9D,0xEF,0x7D,0xEF,0x7D,0xEF,
  0x9D,0xFF,0x6A,0xDA,0xA4,0xE8,0xE4,0xE8,0xE4,0xE8,0xE4,0xE8,0xC4,0xF0,0xC4,0xF0,0xE4,0xE8,0xE4,0xE8,0xC4,0xE8,0xC4,0xF0,
  0xC4,0xF0,0xC4,0xE8,0xC4,0xE8,0xC4,0xE8,0xE4,0xE8,0xE4,0xE8,0xC4,0xE8,0xC4,0xF0,0xC4,0xF0,0xC4,0xE8,0xE4,0xE8,0xC4,0xE8,
  0xE4,0xE8,0xE4,0xE8,0xC4,0xF0,0xA4,0xF0,0x83,0xE8,0xA4,0xE8,0x25,0xE9,0xAB,0xEA,0xB3,0xF4,0x59,0xF6,0x9E,0xF7,0xDF,0xF7,
  0xBF,0xF7,0x9E,0xEF,0x5D,0xEF,0x7D,0xF7,0x7D,0xF7,0x7D,0xF7,0x9D,0xEF,0x7E,0xF7,0x7E,0xF7,0x7D,0xEF,0x7D,0xEF,0x9D,0xEF,
  0x9E,0xEF,0x5D,0xEF,0xDF,0xFF,0x19,0xA5,0x50,0x29,0xB2,0x31,0x91,0x29,0x92,0x29,0x92,0x29,0x92,0x29,0x92,0x29,0x91,0x29,
  0x91,0x29,0x71,0x29,0xB3,0x31,0x30,0x21,0xB8,0x94,0xBE,0xEF,0xBF,0xF7,0x17,0x84,0x2F,0x42,0x3F,0xE7,0x9E,0xF7,0x7E,0xEF,
  0x7E,0xF7,0x7D,0xF7,0x7D,0xF7,0x7E,0xF7,0x7E,0xF7,0x7E,0xF7,0x7D,0xF7,0x7D,0xEF,0x7D,0xEF,0x7D,0xEF,0x7D,0xEF,0x7D,0xEF,
  0x7D,0xEF,0x7D,0xEF,0x7D,0xEF,0x7D,0xEF,0x7D,0xEF,0x7D,0xEF,0x7D,0xEF,0x7D,0xEF,0x7D,0xEF,0x7D,0xEF,0x7D,0xEF,0x7D,0xEF,
  0x7D,0xEF,0x7D,0xEF,0x7D,0xEF,0x7D,0xEF,0x7D,0xEF,0x7D,0xEF,0x7D,0xEF,0x7D,0xEF,0x7D,0xEF,0x7D,0xEF,0x7D,0xEF,0x7D,0xEF,
  0x7D,0xEF,0x7D,0xEF,0x7D,0xEF,0x7D,0xEF,0x7D,0xEF,0x7D,0xEF,0x7D,0xEF,0x7D,0xEF,0x7D,0xEF,0x7D,0xEF,0x7D,0xEF,0x7D,0xEF,
  0x7D,0xEF,0x7D,0xEF,0x7D,0xEF,0x7D,0xEF,0x7D,0xEF,0x7D,0xEF,0x7D,0xEF,0x7D,0xEF,0x7D,0xEF,0x7D,0xEF,0x7D,0xEF,0x7D,0xEF,
  0x7D,0xEF,0x7D,0xEF,0x7D,0xEF,0x7D,0xEF,0x7D,0xEF,0x7D,0xEF,0x7D,0xEF,0x7D,0xEF,0x7D,0xEF,0x7D,0xEF,0x9E,0xF7,0x7D,0xEF,
  0x7D,0xEF,0x7D,0xEF,0xDF,0xFF,0xFC,0xC5,0x6E,0x29,0xBB,0xB5,0xDF,0xF7,0x9E,0xEF,0x55,0x6B,0x31,0x21,0xB2,0x31,0x52,0x29,
  0x92,0x31,0x92,0x29,0x92,0x29,0x92,0x29,0x72,0x29,0x72,0x29,0x92,0x29,0x91,0x29,0x90,0x29,0x1D,0xC6,0xBE,0xFF,0x9D,0xF7,
  0x7E,0xEF,0x9E,0xEF,0x9E,0xF7,0x7D,0xEF,0x7D,0xEF,0x9D,0xF7,0x7E,0xF7,0x7E,0xF7,0x7D,0xEF,0x7D,0xEF,0x9D,0xF7,0x7D,0xEF,
  0x7D,0xEF,0x7D,0xEF,0x9E,0xEF,0xDF,0xF7,0xDF,0xF7,0x5D,0xF7,0x39,0xF6,0x51,0xEC,0x6A,0xEA,0x26,0xE9,0x63,0xE8,0x63,0xE8,
  0xA4,0xE8,0x05,0xE9,0x04,0xE9,0xE4,0xE8,0xC4,0xE8,0xE4,0xE8,0xE4,0xE8,0xE4,0xE8,0xE4,0xE8,0xE4,0xE8,0xC5,0xE8,0xC5,0xE8,
  0xC4,0xE8,0xC4,0xE8,0xC4,0xE8,0xC4,0xE8,0xC4,0xE8,0xC4,0xE8,0xC4,0xE8,0xC4,0xE8,0xC4,0xE8,0xE4,0xE8,0xA3,0xD0,0xD0,0xEB,
  0x9D,0xFF,0x7D,0xEF,0x9E,0xF7,0x9D,0xEF,0x9D,0xEF,0x7D,0xF7,0x7D,0xEF,0x7D,0xEF,0x7D,0xEF,0x7D,0xEF,0x7D,0xEF,0x7D,0xEF,
  0x7D,0xEF,0x7D,0xEF,0x7D,0xEF,0x7D,0xEF,0x7D,0xEF,0x7D,0xF7,0x7D,0xEF,0x7E,0xF7,0x7E,0xEF,0x9D,0xEF,0x9D,0xEF,0x7E,0xF7,
  0x3C,0xFF,0x29,0xDA,0xA3,0xE8,0xE4,0xE8,0xC4,0xE8,0xC4,0xE8,0xC4,0xE8,0xC4,0xE8,0xC4,0xE8,0xC4,0xE8,0xC4,0xE8,0xC4,0xE8,
  0xE4,0xE8,0xE4,0xE8,0xC4,0xE8,0xC4,0xF0,0xC4,0xE8,0xE4,0xE8,0xE4,0xF0,0xC4,0xE8,0xE5,0xE8,0xE4,0xE0,0xE4,0xE8,0x04,0xF1,
  0xA3,0xE8,0x83,0xE8,0xA3,0xE8,0x87,0xE9,0x2D,0xEB,0xF3,0xEC,0xBA,0xF6,0x9D,0xF7,0xDF,0xF7,0xBE,0xF7,0x9E,0xEF,0x5D,0xEF,
  0x5D,0xEF,0x7D,0xF7,0x7D,0xF7,0x7D,0xEF,0x7D,0xEF,0x7E,0xEF,0x7D,0xEF,0x9D,0xEF,0x9E,0xEF,0x7E,0xEF,0x7D,0xF7,0x7E,0xF7,
  0x5E,0xEF,0x7E,0xEF,0x7F,0xEF,0x12,0x5B,0x50,0x29,0xB2,0x31,0x91,0x29,0x92,0x29,0x92,0x29,0x91,0x29,0x91,0x29,0x72,0x29,
  0x92,0x29,0x71,0x29,0x93,0x29,0x90,0x31,0x9D,0xD6,0x9E,0xF7,0x7F,0xE7,0x31,0x42,0xB4,0x73,0xDF,0xF7,0x7D,0xEF,0x7D,0xEF,
  0x7D,0xEF,0x7D,0xEF,0x7D,0xEF,0x7D,0xEF,0x7D,0xEF,0x7D,0xEF,0x7D,0xEF,0x7D,0xEF,0x7D,0xEF,0x7D,0xEF,0x7D,0xEF,0x7D,0xEF,
  0x7D,0xEF,0x7D,0xEF,0x7D,0xEF,0x7D,0xEF,0x7D,0xEF,0x7D,0xEF,0x7D,0xEF,0x7D,0xEF,0x7D,0xEF,0x7D,0xEF,0x7D,0xEF,0x7D,0xEF,
  0x7D,0xEF,0x7D,0xEF,0x7D,0xEF,0x7D,0xEF,0x7D,0xEF,0x7D,0xEF,0x7D,0xEF,0x7D,0xEF,0x7D,0xEF,0x7D,0xEF,0x7D,0xEF,0x7D,0xEF,
  0x7D,0xEF,0x7D,0xEF,0x7D,0xEF,0x7D,0xEF,0x7D,0xEF,0x7D,0xEF,0x7D,0xEF,0x7D,0xEF,0x7D,0xEF,0x7D,0xEF,0x7D,0xEF,0x7D,0xEF,
  0x7D,0xEF,0x7D,0xEF,0x7D,0xEF,0x7D,0xEF,0x7D,0xEF,0x7D,0xEF,0x7D,0xEF,0x7D,0xEF,0x7D,0xEF,0x7D,0xEF,0x7D,0xEF,0x7D,0xEF,
  0x7D,0xEF,0x7D,0xEF,0x7D,0xEF,0x7D,0xEF,0x7D,0xEF,0x7D,0xEF,0x7D,0xEF,0x7D,0xEF,0x7D,0xEF,0x7D,0xEF,0x7D,0xEF,0x7D,0xEF,
  0x7D,0xEF,0x7D,0xEF,0x9D,0xF7,0x5F,0xEF,0x51,0x4A,0x74,0x6B,0xDF,0xF7,0xDE,0xF7,0x5A,0xA5,0x50,0x29,0x92,0x29,0xB3,0x31,
  0x92,0x29,0x92,0x29,0x92,0x29,0x92,0x29,0x92,0x29,0x92,0x29,0x72,0x29,0xB2,0x31,0x30,0x21,0x95,0x73,0xBF,0xFF,0x7D,0xEF,
  0x7E,0xEF,0x7E,0xEF,0x9E,0xF7,0x7E,0xEF,0x7E,0xEF,0x9D,0xEF,0x7E,0xEF,0x7E,0xEF,0x7D,0xEF,0x7D,0xEF,0x7D,0xEF,0x7D,0xEF,
  0x7D,0xEF,0x7D,0xEF,0x7D,0xEF,0x7D,0xEF,0x7D,0xEF,0x9E,0xEF,0xBF,0xEF,0xFF,0xF7,0x7D,0xF7,0x79,0xF6,0xB2,0xF4,0x8A,0xEA,
  0x25,0xE9,0x62,0xE8,0x62,0xE8,0xA4,0xE8,0xE5,0xF0,0xE5,0xE8,0xE5,0xE8,0xC4,0xE8,0xC4,0xF0,0xA4,0xF0,0xC4,0xE8,0xE4,0xE8,
  0xC4,0xE8,0xC4,0xE8,0xC4,0xE8,0xC4,0xE8,0xC4,0xE8,0xC4,0xE8,0xC4,0xE8,0xC4,0xE8,0xC4,0xE8,0xE4,0xE8,0xA4,0xD8,0x4F,0xEB,
  0x7D,0xFF,0x9E,0xEF,0x7E,0xEF,0x7D,0xEF,0x7D,0xEF,0x7D,0xF7,0x7D,0xF7,0x7D,0xEF,0x7D,0xEF,0x7D,0xEF,0x7D,0xEF,0x7D,0xEF,
  0x7D,0xEF,0x7D,0xEF,0x7D,0xEF,0x7D,0xEF,0x7D,0xEF,0x7D,0xF7,0x7D,0xEF,0x7E,0xF7,0x7E,0xEF,0x9D,0xEF,0x7D,0xEF,0x7E,0xF7,
  0x1C,0xFF,0x09,0xDA,0xA3,0xE8,0xE4,0xE8,0xC4,0xE8,0xC4,0xE8,0xC4,0xE8,0xC4,0xE8,0xC4,0xE8,0xC4,0xE8,0xC4,0xE8,0xC4,0xE8,
  0xC4,0xF0,0xE4,0xE8,0xE4,0xE8,0xC4,0xE8,0xC4,0xE8,0xE4,0xE8,0xE4,0xE8,0xE4,0xE8,0xC3,0xE8,0xC3,0xE8,0x62,0xF0,0x83,0xE8,
  0xA8,0xE9,0x4E,0xEB,0x54,0xED,0xB9,0xEE,0xBE,0xF7,0xFF,0xF7,0xBF,0xEF,0x7E,0xEF,0x7D,0xEF,0x7D,0xEF,0x7D,0xEF,0x7D,0xF7,
  0x9D,0xEF,0x7D,0xEF,0x7D,0xEF,0x7D,0xEF,0x7E,0xEF,0x7E,0xEF,0x9D,0xEF,0x9D,0xEF,0x9D,0xEF,0x9E,0xF7,0x7D,0xEF,0x7D,0xF7,
  0x5C,0xEF,0xDF,0xFF,0x9A,0xB5,0x90,0x31,0x71,0x29,0x92,0x29,0xB2,0x29,0x92,0x29,0x92,0x29,0x92,0x29,0x91,0x29,0x92,0x29,
  0x92,0x31,0xB2,0x29,0x30,0x21,0x34,0x6B,0x7E,0xEF,0xFF,0xFF,0xDB,0xB5,0x4E,0x29,0xBB,0xB5,0xDF,0xFF,0x7D,0xEF,0x7D,0xEF,
  0x7D,0xEF,0x7D,0xEF,0x7D,0xEF,0x7D,0xEF,0x7D,0xEF,0x7D,0xEF,0x7D,0xEF,0x7D,0xEF,0x7D,0xEF,0x7D,0xEF,0x7D,0xEF,0x7D,0xEF,
  0x7D,0xEF,0x7D,0xEF,0x7D,0xEF,0x7D,0xEF,0x7D,0xEF,0x7D,0xEF,0x7D,0xEF,0x7D,0xEF,0x7D,0xEF,0x7D,0xEF,0x7D,0xEF,0x7D,0xEF,
  0x7D,0xEF,0x7D,0xEF,0x7D,0xEF,0x7D,0xEF,0x7D,0xEF,0x7D,0xEF,0x7D,0xEF,0x7D,0xEF,0x7D,0xEF,0x7D,0xEF,0x7D,0xEF,0x7D,0xEF,
  0x7D,0xEF,0x7D,0xEF,0x7D,0xEF,0x7D,0xEF,0x7D,0xEF,0x7D,0xEF,0x7D,0xEF,0x7D,0xEF,0x7D,0xEF,0x7D,0xEF,0x7D,0xEF,0x7D,0xEF,
  0x7D,0xEF,0x7D,0xEF,0x7D,0xEF,0x7D,0xEF,0x7D,0xEF,0x7D,0xEF,0x7D,0xEF,0x7D,0xEF,0x7D,0xEF,0x7D,0xEF,0x7D,0xEF,0x7D,0xEF,
  0x7D,0xEF,0x7D,0xEF,0x7D,0xEF,0x7D,0xEF,0x7D,0xEF,0x7D,0xEF,0x7D,0xEF,0x7D,0xEF,0x7D,0xEF,0x7D,0xEF,0x7D,0xEF,0x7D,0xEF,
  0x7D,0xEF,0x7D,0xEF,0x7D,0xEF,0xDF,0xFF,0x77,0x8C,0xAF,0x31,0xFE,0xDE,0xFE,0xFF,0xFE,0xDE,0x51,0x4A,0x51,0x21,0xB3,0x31,
  0x72,0x29,0x92,0x29,0x92,0x29,0x91,0x29,0x92,0x31,0xB2,0x31,0x72,0x29,0x92,0x29,0x92,0x29,0x90,0x31,0x3C,0xC6,0xDE,0xF7,
  0x7D,0xEF,0x7E,0xF7,0x7E,0xEF,0x7D,0xEF,0x7E,0xEF,0x9D,0xEF,0x7D,0xEF,0x7D,0xEF,0x7D,0xEF,0x7D,0xEF,0x7D,0xEF,0x7D,0xEF,
  0x7D,0xEF,0x7D,0xEF,0x7D,0xEF,0x7D,0xEF,0x7D,0xF7,0x7D,0xF7,0x7D,0xF7,0x7D,0xEF,0x9E,0xEF,0xBF,0xEF,0xBF,0xEF,0x9E,0xF7,
  0x9A,0xFE,0xF4,0xEC,0xEC,0xEA,0x26,0xE9,0x63,0xE8,0x63,0xE8,0xA4,0xF0,0xC4,0xF0,0x05,0xE9,0xE4,0xE0,0xC4,0xE8,0xE4,0xF0,
  0xC4,0xE8,0xC4,0xE8,0xC4,0xE8,0xC4,0xE8,0xC4,0xE8,0xC4,0xE8,0xC4,0xE8,0xC4,0xE8,0xC4,0xE8,0xE4,0xF0,0xC4,0xD8,0x0E,0xE3,
  0x5C,0xFF,0x9E,0xEF,0x7D,0xEF,0x7D,0xEF,0x7D,0xEF,0x7D,0xF7,0x7D,0xF7,0x7D,0xEF,0x7D,0xEF,0x7D,0xEF,0x7D,0xEF,0x7D,0xEF,
  0x7D,0xEF,0x7D,0xEF,0x7D,0xEF,0x7D,0xEF,0x7D,0xEF,0x7D,0xEF,0x7D,0xEF,0x7E,0xF7,0x7E,0xF7,0x7D,0xEF,0x7D,0xEF,0x7E,0xF7,
  0xFB,0xFE,0x08,0xDA,0xA3,0xE8,0xE4,0xE8,0xC4,0xE8,0xC4,0xE8,0xC4,0xE8,0xC4,0xE8,0xC4,0xE8,0xC4,0xE8,0xC4,0xE8,0xC4,0xE8,
  0xE4,0xE8,0xC4,0xE8,0xC4,0xE8,0xC4,0xE8,0xE4,0xE8,0xE4,0xE8,0xA4,0xF0,0x44,0xF0,0x65,0xF0,0x68,0xE9,0xAE,0xEB,0xB6,0xF5,
  0x1B,0xEF,0xBF,0xF7,0x9F,0xF7,0x7E,0xF7,0x7D,0xEF,0x7D,0xEF,0x9D,0xF7,0x7D,0xF7,0x7D,0xEF,0x7D,0xEF,0x7D,0xEF,0x7D,0xEF,
  0x7D,0xEF,0x7D,0xEF,0x7D,0xEF,0x7D,0xEF,0x7E,0xEF,0x7E,0xF7,0x7E,0xEF,0x9D,0xEF,0x9D,0xEF,0x7D,0xEF,0x9E,0xF7,0x7D,0xEF,
  0xBE,0xF7,0x9F,0xF7,0x55,0x6B,0x11,0x21,0xB3,0x31,0x92,0x29,0x92,0x29,0x72,0x29,0x72,0x31,0x92,0x31,0x91,0x29,0x92,0x29,
  0x92,0x29,0x93,0x31,0x2F,0x21,0x59,0xAD,0xDF,0xF7,0xDF,0xF7,0xB5,0x73,0x10,0x42,0x7F,0xEF,0x7D,0xEF,0x7D,0xEF,0x7D,0xEF,
  0x7D,0xEF,0x7D,0xEF,0x7D,0xEF,0x7D,0xEF,0x7D,0xEF,0x7D,0xEF,0x7D,0xEF,0x7D,0xEF,0x7D,0xEF,0x7D,0xEF,0x7D,0xEF,0x7D,0xEF,
  0x7D,0xEF,0x7D,0xEF,0x7D,0xEF,0x7D,0xEF,0x7D,0xEF,0x7D,0xEF,0x7D,0xEF,0x7D,0xEF,0x7D,0xEF,0x7D,0xEF,0x7D,0xEF,0x7D,0xEF,
  0x7D,0xEF,0x7D,0xEF,0x7D,0xEF,0x7D,0xEF,0x7D,0xEF,0x7D,0xEF,0x7D,0xEF,0x7D,0xEF,0x7D,0xEF,0x7D,0xEF,0x7D,0xEF,0x7D,0xEF,
  0x7D,0xEF,0x7D,0xEF,0x7D,0xEF,0x7D,0xEF,0x7D,0xEF,0x7D,0xEF,0x7D,0xEF,0x7D,0xEF,0x7D,0xEF,0x7D,0xEF,0x7D,0xEF,0x7D,0xEF,
  0x7D,0xEF,0x7D,0xEF,0x7D,0xEF,0x7D,0xEF,0x7D,0xEF,0x7D,0xEF,0x7D,0xEF,0x7D,0xEF,0x7D,0xEF,0x7D,0xEF,0x7D,0xEF,0x7D,0xEF,
  0x7D,0xEF,0x7D,0xEF,0x7D,0xEF,0x7D,0xEF,0x7D,0xEF,0x7D,0xEF,0x7D,0xEF,0x7D,0xEF,0x7D,0xEF,0x7D,0xEF,0x7D,0xEF,0x7D,0xEF,
  0x7D,0xEF,0x7D,0xEF,0x7D,0xEF,0xBE,0xF7,0x9D,0xD6,0x6F,0x31,0xF8,0x9C,0xDF,0xF7,0x9E,0xF7,0x77,0x8C,0x50,0x29,0x92,0x29,
  0x92,0x29,0x92,0x29,0x92,0x29,0x92,0x29,0x92,0x29,0x92,0x29,0xB2,0x31,0x72,0x29,0xB2,0x31,0x10,0x21,0xB6,0x73,0x9F,0xEF,
  0x7D,0xF7,0x7E,0xF7,0x7D,0xEF,0x9D,0xEF,0x9E,0xEF,0x9E,0xEF,0x7D,0xEF,0x7D,0xEF,0x7D,0xEF,0x7D,0xEF,0x7D,0xEF,0x7D,0xEF,
  0x7D,0xEF,0x7D,0xEF,0x7D,0xEF,0x7D,0xEF,0x7E,0xF7,0x7E,0xF7,0x7E,0xEF,0x7D,0xEF,0x7D,0xEF,0x9E,0xEF,0xBF,0xF7,0x5E,0xEF,
  0xFB,0xEE,0xBA,0xEE,0xDA,0xEE,0x58,0xEE,0x92,0xEC,0xAB,0xEA,0x46,0xE1,0xA3,0xE8,0x83,0xE8,0xE4,0xE8,0xE4,0xE8,0xC4,0xE8,
  0xC4,0xE8,0xC4,0xE8,0xC4,0xE8,0xC4,0xE8,0xC4,0xE8,0xC4,0xE8,0xC4,0xE8,0xC4,0xE8,0xC4,0xE8,0xE4,0xE8,0xA4,0xD8,0x0E,0xEB,
  0x7D,0xFF,0x9E,0xEF,0x7E,0xF7,0x9D,0xEF,0x9D,0xEF,0x7D,0xF7,0x9D,0xEF,0x9D,0xEF,0x7D,0xEF,0x7D,0xEF,0x7D,0xEF,0x7D,0xEF,
  0x7D,0xEF,0x7D,0xEF,0x7D,0xEF,0x7D,0xEF,0x7D,0xEF,0x7D,0xEF,0x7D,0xEF,0x7E,0xF7,0x7E,0xF7,0x7D,0xEF,0x7D,0xF7,0x7E,0xF7,
  0xFB,0xFE,0xE8,0xD9,0xA3,0xE8,0xE4,0xE8,0xC4,0xE8,0xC4,0xE8,0xC4,0xE8,0xC4,0xE8,0xC4,0xE8,0xC4,0xE8,0xC4,0xE8,0xC4,0xE8,
  0xC5,0xE8,0xE5,0xE8,0xE4,0xE8,0xC3,0xF0,0x82,0xE8,0xA3,0xE0,0xA7,0xE1,0x4E,0xE3,0x75,0xF5,0x79,0xEE,0xBB,0xF6,0xBA,0xEE,
  0x1C,0xEF,0xBE,0xF7,0xBE,0xEF,0x7E,0xEF,0x7E,0xEF,0x7E,0xF7,0x7E,0xF7,0x7D,0xEF,0x7D,0xEF,0x7D,0xEF,0x7D,0xEF,0x7D,0xEF,
  0x7D,0xEF,0x7D,0xEF,0x7D,0xEF,0x7D,0xEF,0x7D,0xEF,0x7D,0xF7,0x7E,0xEF,0x7D,0xEF,0x7D,0xEF,0x7E,0xF7,0x9E,0xF7,0x7C,0xEF,
  0xDF,0xFF,0xDB,0xBD,0x70,0x31,0x92,0x29,0xB2,0x31,0x92,0x29,0x92,0x29,0x72,0x31,0x72,0x31,0x72,0x31,0x92,0x29,0x91,0x29,
  0x92,0x31,0x51,0x29,0xB2,0x52,0x1E,0xDF,0xDE,0xF7,0xBE,0xD6,0xCF,0x39,0x76,0x84,0xFF,0xFF,0x5D,0xEF,0x7D,0xEF,0x7D,0xEF,
  0x7D,0xEF,0x7D,0xEF,0x7D,0xEF,0x7D,0xEF,0x7D,0xEF,0x7D,0xEF,0x7D,0xEF,0x7D,0xEF,0x7D,0xEF,0x7D,0xEF,0x7D,0xEF,0x7D,0xEF,
  0x7D,0xEF,0x7D,0xEF,0x7D,0xEF,0x7D,0xEF,0x7D,0xEF,0x7D,0xEF,0x7D,0xEF,0x7D,0xEF,0x7D,0xEF,0x7D,0xEF,0x7D,0xEF,0x7D,0xEF,
  0x7D,0xEF,0x7D,0xEF,0x7D,0xEF,0x7D,0xEF,0x7D,0xEF,0x7D,0xEF,0x7D,0xEF,0x7D,0xEF,0x7D,0xEF,0x7D,0xEF,0x7D,0xEF,0x7D,0xEF,
  0x7D,0xEF,0x7D,0xEF,0x7D,0xEF,0x7D,0xEF,0x7D,0xEF,0x7D,0xEF,0x7D,0xEF,0x7D,0xEF,0x7D,0xEF,0x7D,0xEF,0x7D,0xEF,0x7D,0xEF,
  0x7D,0xEF,0x7D,0xEF,0x7D,0xEF,0x7D,0xEF,0x7D,0xEF,0x7D,0xEF,0x7D,0xEF,0x7D,0xEF,0x7D,0xEF,0x7D,0xEF,0x7D,0xEF,0x7D,0xEF,
  0x7D,0xEF,0x7D,0xEF,0x7D,0xEF,0x7D,0xEF,0x7D,0xEF,0x7D,0xEF,0x7D,0xEF,0x7D,0xEF,0x7D,0xEF,0x7D,0xEF,0x7D,0xEF,0x7D,0xEF,
  0x7D,0xEF,0x7D,0xEF,0x7D,0xEF,0x7C,0xEF,0xBF,0xF7,0x14,0x63,0x92,0x52,0x5F,0xEF,0xBE,0xF7,0x7D,0xCE,0xB1,0x31,0xB2,0x29,
  0x92,0x29,0x92,0x29,0x92,0x29,0x92,0x29,0x72,0x29,0x92,0x29,0x92,0x29,0x91,0x29,0x92,0x31,0x92,0x29,0x90,0x31,0x3B,0xC6,
  0xDF,0xFF,0x7D,0xF7,0x7D,0xF7,0x9D,0xEF,0x9E,0xEF,0x7E,0xEF,0x7D,0xEF,0x7D,0xEF,0x7D,0xEF,0x7D,0xEF,0x7D,0xEF,0x7D,0xEF,
  0x7D,0xEF,0x7D,0xEF,0x7D,0xEF,0x7D,0xEF,0x9D,0xEF,0xBD,0xEF,0x9E,0xF7,0x7E,0xF7,0x9E,0xEF,0x5C,0xFF,0x54,0xF5,0x8A,0xE2,
  0x46,0xE1,0x25,0xF1,0x46,0xE9,0x29,0xEA,0x4D,0xEB,0x71,0xF4,0x91,0xEC,0x2D,0xE3,0xE9,0xE9,0x05,0xF1,0xA4,0xE8,0xE4,0xF0,
  0xC4,0xE8,0xC4,0xE8,0xC4,0xE8,0xC4,0xE8,0xC4,0xE8,0xC4,0xE8,0xC4,0xE8,0xC4,0xE8,0xC4,0xE8,0xE4,0xE8,0xC4,0xD8,0x6F,0xEB,
  0x9D,0xFF,0x9E,0xEF,0x9E,0xF7,0x9D,0xEF,0x9D,0xEF,0x9D,0xEF,0x9D,0xEF,0x9D,0xEF,0x7D,0xEF,0x7D,0xEF,0x7D,0xEF,0x7D,0xEF,
  0x7D,0xEF,0x7D,0xEF,0x7D,0xEF,0x7D,0xEF,0x7D,0xEF,0x7D,0xEF,0x7D,0xEF,0x7E,0xF7,0x7E,0xF7,0x7D,0xEF,0x7D,0xF7,0x7E,0xF7,
  0xFB,0xFE,0xE8,0xD9,0xA3,0xE8,0xE4,0xE8,0xC4,0xE8,0xC4,0xE8,0xC4,0xE8,0xC4,0xE8,0xC4,0xE8,0xC4,0xE8,0xC4,0xE8,0xC4,0xE8,
  0xC4,0xE8,0xC4,0xE8,0xC4,0xE8,0x26,0xE9,0x4A,0xE2,0xD0,0xF3,0xF3,0xEC,0x51,0xF4,0x0C,0xE3,0xE8,0xE1,0x46,0xE9,0xE5,0xF0,
  0x67,0xE1,0x6E,0xE3,0x38,0xF6,0xBE,0xF7,0x7E,0xF7,0x5D,0xF7,0x9D,0xEF,0x9D,0xEF,0x7D,0xEF,0x7D,0xEF,0x7D,0xEF,0x7D,0xEF,
  0x7D,0xEF,0x7D,0xEF,0x7D,0xEF,0x7D,0xEF,0x7D,0xF7,0x7D,0xF7,0x7E,0xF7,0x7E,0xEF,0x7E,0xEF,0x7E,0xEF,0x9D,0xF7,0x9D,0xEF,
  0x7F,0xEF,0xF4,0x62,0x30,0x21,0xB1,0x29,0x91,0x29,0x92,0x29,0x92,0x31,0x72,0x31,0x72,0x31,0x72,0x31,0x92,0x29,0x91,0x29,
  0xB2,0x31,0x30,0x21,0x98,0x8C,0xDF,0xF7,0xBF,0xF7,0xF9,0x9C,0x4E,0x29,0x9D,0xCE,0x9E,0xF7,0x7D,0xF7,0x7E,0xEF,0x7D,0xEF,
  0x7D,0xEF,0x7D,0xEF,0x7D,0xEF,0x7D,0xEF,0x7D,0xEF,0x7D,0xEF,0x7D,0xEF,0x7D,0xEF,0x7D,0xEF,0x7D,0xEF,0x7D,0xEF,0x7D,0xEF,
  0x7D,0xEF,0x7D,0xEF,0x7D,0xEF,0x7D,0xEF,0x7D,0xEF,0x7D,0xEF,0x7D,0xEF,0x7D,0xEF,0x7D,0xEF,0x7D,0xEF,0x7D,0xEF,0x7D,0xEF,
  0x7D,0xEF,0x7D,0xEF,0x7D,0xEF,0x7D,0xEF,0x7D,0xEF,0x7D,0xEF,0x7D,0xEF,0x7D,0xEF,0x7D,0xEF,0x7D,0xEF,0x7D,0xEF,0x7D,0xEF,
  0x7D,0xEF,0x7D,0xEF,0x7D,0xEF,0x7D,0xEF,0x7D,0xEF,0x7D,0xEF,0x7D,0xEF,0x7D,0xEF,0x7D,0xEF,0x7D,0xEF,0x7D,0xEF,0x7D,0xEF,
  0x7D,0xEF,0x7D,0xEF,0x7D,0xEF,0x7D,0xEF,0x7D,0xEF,0x7D,0xEF,0x7D,0xEF,0x7D,0xEF,0x7D,0xEF,0x7D,0xEF,0x7D,0xEF,0x7D,0xEF,
  0x7D,0xEF,0x7D,0xEF,0x7D,0xEF,0x7D,0xEF,0x7D,0xEF,0x7D,0xEF,0x7D,0xEF,0x7D,0xEF,0x7D,0xEF,0x7D,0xEF,0x7D,0xEF,0x7D,0xEF,
  0x7D,0xEF,0x7D,0xEF,0x7D,0xEF,0x7D,0xEF,0xDF,0xF7,0x9A,0xB5,0x4E,0x29,0x1B,0xBE,0xBE,0xF7,0x7F,0xF7,0x95,0x73,0x50,0x21,
  0x92,0x31,0x92,0x29,0x92,0x29,0x92,0x29,0x72,0x29,0x92,0x29,0x92,0x29,0x92,0x29,0x92,0x29,0xB2,0x31,0x2F,0x21,0x95,0x73,
  0x9F,0xF7,0x7D,0xEF,0x7E,0xF7,0x7E,0xEF,0x9D,0xEF,0x9E,0xEF,0x7E,0xEF,0x7D,0xEF,0x7D,0xEF,0x7D,0xEF,0x7D,0xEF,0x7D,0xEF,
  0x7D,0xEF,0x7D,0xEF,0x7D,0xEF,0x7D,0xEF,0x7D,0xEF,0x9D,0xF7,0x5D,0xF7,0xBE,0xEF,0x7D,0xFF,0x30,0xEC,0x04,0xD1,0x63,0xE8,
  0xA4,0xE8,0xC4,0xF0,0xA3,0xE8,0xA3,0xE8,0x62,0xE8,0x83,0xE8,0x25,0xE1,0x6A,0xEA,0x0D,0xEB,0x6A,0xEA,0x46,0xE9,0xC4,0xF0,
  0xC4,0xE8,0xC4,0xE8,0xC4,0xE8,0xC4,0xE8,0xC4,0xE8,0xC4,0xE8,0xC4,0xE8,0xC4,0xE8,0xC4,0xE8,0xE4,0xE8,0xC3,0xD8,0xD0,0xE3,
  0x9E,0xFF,0x9E,0xEF,0x7D,0xEF,0x7D,0xF7,0x7D,0xEF,0x7E,0xEF,0x9D,0xEF,0x7D,0xEF,0x7D,0xEF,0x7D,0xEF,0x7D,0xEF,0x7D,0xEF,
  0x7D,0xEF,0x7D,0xEF,0x7D,0xEF,0x7D,0xEF,0x7D,0xEF,0x7E,0xEF,0x7E,0xEF,0x7E,0xEF,0x7E,0xEF,0x9D,0xEF,0x7D,0xEF,0x7D,0xEF,
  0x1C,0xFF,0xE9,0xD9,0x83,0xE8,0xE4,0xE8,0xC4,0xE8,0xC4,0xE8,0xC4,0xE8,0xC4,0xE8,0xC4,0xE8,0xC4,0xE8,0xC4,0xE8,0xE4,0xE8,
  0x04,0xE9,0xC4,0xE8,0x67,0xE9,0x8B,0xEA,0x2C,0xEB,0x29,0xEA,0xC4,0xE8,0x63,0xE8,0x63,0xE8,0xA3,0xE8,0xC4,0xE8,0xA3,0xF0,
  0xA3,0xE8,0x83,0xE8,0x67,0xD9,0xB6,0xF5,0x9E,0xFF,0x5E,0xEF,0x9D,0xEF,0x9D,0xEF,0x7D,0xEF,0x7D,0xEF,0x7D,0xEF,0x7D,0xEF,
  0x7D,0xEF,0x7D,0xEF,0x7D,0xEF,0x7D,0xEF,0x7E,0xEF,0x7E,0xEF,0x9D,0xEF,0x7D,0xEF,0x7E,0xEF,0x7E,0xF7,0x7C,0xEF,0xDF,0xF7,
  0x9A,0xAD,0x70,0x29,0x92,0x31,0x92,0x29,0x92,0x29,0x92,0x29,0x92,0x29,0x92,0x29,0x92,0x29,0x92,0x29,0x92,0x29,0x92,0x29,
  0x71,0x29,0xD1,0x39,0x9E,0xD6,0xBE,0xF7,0x5F,0xE7,0x52,0x4A,0x54,0x6B,0xBF,0xF7,0x7D,0xEF,0x7E,0xEF,0x7D,0xEF,0x7D,0xEF,
  0x7D,0xEF,0x7D,0xEF,0x7D,0xEF,0x7D,0xEF,0x7D,0xEF,0x7D,0xEF,0x7D,0xEF,0x7D,0xEF,0x7D,0xEF,0x7D,0xEF,0x7D,0xEF,0x7D,0xEF,
  0x7D,0xEF,0x7D,0xEF,0x7D,0xEF,0x7D,0xEF,0x7D,0xEF,0x7D,0xEF,0x7D,0xEF,0x7D,0xEF,0x7D,0xEF,0x7D,0xEF,0x7D,0xEF,0x7D,0xEF,
  0x7D,0xEF,0x7D,0xEF,0x7D,0xEF,0x7D,0xEF,0x7D,0xEF,0x7D,0xEF,0x7D,0xEF,0x7D,0xEF,0x7D,0xEF,0x7D,0xEF,0x7D,0xEF,0x7D,0xEF,
  0x7D,0xEF,0x7D,0xEF,0x7D,0xEF,0x7D,0xEF,0x7D,0xEF,0x7D,0xEF,0x7D,0xEF,0x7D,0xEF,0x7D,0xEF,0x7D,0xEF,0x7D,0xEF,0x7D,0xEF,
  0x7D,0xEF,0x7D,0xEF,0x7D,0xEF,0x7D,0xEF,0x7D,0xEF,0x7D,0xEF,0x7D,0xEF,0x7D,0xEF,0x7D,0xEF,0x7D,0xEF,0x7D,0xEF,0x7D,0xEF,
  0x7D,0xEF,0x7D,0xEF,0x7D,0xEF,0x7D,0xEF,0x7D,0xEF,0x7D,0xEF,0x7D,0xEF,0x7D,0xEF,0x7D,0xEF,0x7D,0xEF,0x7D,0xEF,0x7D,0xEF,
  0x7D,0xEF,0x7D,0xEF,0x9D,0xEF,0x7D,0xEF,0x7E,0xEF,0x5F,0xEF,0x91,0x52,0x33,0x63,0xBF,0xF7,0xBE,0xF7,0x1C,0xC6,0x91,0x31,
  0x72,0x29,0x92,0x29,0x92,0x29,0x72,0x29,0x92,0x29,0x92,0x29,0x92,0x29,0x92,0x29,0x92,0x29,0x91,0x29,0x92,0x29,0x6F,0x29,
  0xDB,0xB5,0xDF,0xFF,0x7D,0xEF,0x7E,0xF7,0x9D,0xEF,0x9D,0xEF,0x9E,0xEF,0x7E,0xEF,0x7D,0xEF,0x7D,0xEF,0x7D,0xEF,0x7D,0xEF,
  0x7D,0xEF,0x7D,0xEF,0x7D,0xEF,0x7E,0xEF,0x7D,0xEF,0x7D,0xF7,0x9D,0xEF,0xBE,0xF7,0x15,0xF5,0xE5,0xD0,0xA4,0xF0,0xE5,0xF8,
  0xC4,0xE8,0xE4,0xE8,0xE4,0xE8,0xE4,0xE8,0xE4,0xF0,0xC4,0xF0,0xA3,0xE8,0x83,0xE8,0x62,0xE0,0x05,0xF1,0xE4,0xE8,0xC4,0xE8,
  0xE4,0xE8,0xC4,0xE8,0xC4,0xE8,0xC4,0xE8,0xC4,0xE8,0xC4,0xE8,0xC4,0xE8,0xC4,0xE8,0xC4,0xE8,0xE4,0xF0,0xA3,0xD0,0x11,0xE4,
  0x9E,0xFF,0x7D,0xEF,0x7D,0xEF,0x7D,0xF7,0x7D,0xF7,0x7E,0xEF,0x9D,0xEF,0x7D,0xEF,0x7D,0xEF,0x7D,0xEF,0x7D,0xEF,0x7D,0xEF,
  0x7D,0xEF,0x7D,0xEF,0x7D,0xEF,0x7D,0xEF,0x7D,0xEF,0x9D,0xEF,0x7E,0xEF,0x7E,0xEF,0x7E,0xEF,0x9D,0xEF,0x7D,0xEF,0x7D,0xEF,
  0x7D,0xFF,0x4A,0xDA,0x83,0xE8,0xE4,0xE8,0xC4,0xE8,0xC4,0xE8,0xC4,0xE8,0xC4,0xE8,0xC4,0xE8,0xC4,0xE8,0xC4,0xE8,0xC4,0xE8,
  0xE4,0xE8,0xE4,0xE8,0x05,0xE9,0xE5,0xE8,0x63,0xE0,0x84,0xE8,0xC4,0xE8,0xE4,0xE8,0xC4,0xE8,0xE5,0xE8,0xE4,0xE8,0xE4,0xE8,
  0xE4,0xE8,0xE4,0xF0,0x83,0xE0,0x4A,0xD2,0xDB,0xFE,0x9E,0xF7,0x7E,0xF7,0x7E,0xF7,0x7D,0xEF,0x7D,0xEF,0x7D,0xEF,0x7D,0xEF,
  0x7D,0xEF,0x7D,0xEF,0x7D,0xEF,0x7D,0xEF,0x7E,0xEF,0x7E,0xEF,0x7D,0xEF,0x7D,0xEF,0x7D,0xEF,0x7D,0xEF,0x9D,0xF7,0x5F,0xE7,
  0x92,0x52,0x50,0x21,0x92,0x29,0x92,0x29,0x92,0x29,0x92,0x29,0x92,0x29,0x92,0x29,0x92,0x29,0x92,0x29,0x92,0x29,0xB2,0x31,
  0x30,0x21,0xD6,0x7B,0xBF,0xF7,0xDE,0xF7,0xBB,0xB5,0x2E,0x29,0xDC,0xBD,0xDE,0xF7,0x5C,0xEF,0x7E,0xF7,0x7D,0xEF,0x7D,0xEF,
  0x7D,0xEF,0x7D,0xEF,0x7D,0xEF,0x7D,0xEF,0x7D,0xEF,0x7D,0xEF,0x7D,0xEF,0x7D,0xEF,0x7D,0xEF,0x7D,0xEF,0x7D,0xEF,0x7D,0xEF,
  0x7D,0xEF,0x7D,0xEF,0x7D,0xEF,0x7D,0xEF,0x7D,0xEF,0x7D,0xEF,0x7D,0xEF,0x7D,0xEF,0x7D,0xEF,0x7D,0xEF,0x7D,0xEF,0x7D,0xEF,
  0x7D,0xEF,0x7D,0xEF,0x7D,0xEF,0x7D,0xEF,0x7D,0xEF,0x7D,0xEF,0x7D,0xEF,0x7D,0xEF,0x7D,0xEF,0x7D,0xEF,0x7D,0xEF,0x7D,0xEF,
  0x7D,0xEF,0x7D,0xEF,0x7D,0xEF,0x7D,0xEF,0x7D,0xEF,0x7D,0xEF,0x7D,0xEF,0x7D,0xEF,0x7D,0xEF,0x7D,0xEF,0x7D,0xEF,0x7D,0xEF,
  0x7D,0xEF,0x7D,0xEF,0x7D,0xEF,0x7D,0xEF,0x7D,0xEF,0x7D,0xEF,0x7D,0xEF,0x7D,0xEF,0x7D,0xEF,0x7D,0xEF,0x7D,0xEF,0x7D,0xEF,
  0x7D,0xEF,0x7D,0xEF,0x7D,0xEF,0x7D,0xEF,0x7D,0xEF,0x7D,0xEF,0x7D,0xEF,0x7D,0xEF,0x7D,0xEF,0x7D,0xEF,0x7D,0xEF,0x7D,0xEF,
  0x7D,0xEF,0x7D,0xEF,0x9D,0xEF,0x7D,0xEF,0x5D,0xEF,0xFF,0xFF,0xF8,0x9C,0x4E,0x29,0x3D,0xC6,0xDD,0xF7,0x7E,0xEF,0x34,0x63,
  0x50,0x21,0xB2,0x31,0xB2,0x31,0x92,0x29,0x92,0x29,0x92,0x29,0x92,0x29,0x92,0x29,0x92,0x29,0x91,0x29,0xB2,0x31,0x52,0x29,
  0xB3,0x52,0x5F,0xEF,0x9D,0xF7,0x7E,0xEF,0x7E,0xF7,0x9D,0xEF,0x9E,0xEF,0x7E,0xEF,0x7D,0xEF,0x7D,0xEF,0x7D,0xEF,0x7D,0xEF,
  0x7D,0xEF,0x7D,0xEF,0x7D,0xEF,0x7D,0xEF,0x7D,0xEF,0x9E,0xF7,0x7D,0xEF,0x7D,0xFF,0x0C,0xDB,0x63,0xD8,0xE4,0xF0,0xC3,0xE8,
  0xC3,0xE0,0xE4,0xE8,0xE4,0xF0,0xC4,0xF0,0xC4,0xF0,0xE5,0xF0,0xC4,0xE8,0xE4,0xE8,0x04,0xF1,0xC3,0xE8,0xC3,0xE8,0xE4,0xF0,
  0xC4,0xE8,0xC4,0xE8,0xC4,0xE8,0xC4,0xE8,0xC4,0xE8,0xC4,0xE8,0xC4,0xE8,0xC4,0xE8,0xC4,0xE8,0xE4,0xF0,0xC3,0xD0,0x92,0xE4,
  0xBE,0xFF,0x5D,0xEF,0x7D,0xEF,0x7D,0xF7,0x7D,0xF7,0x9E,0xEF,0x7D,0xEF,0x7D,0xEF,0x7D,0xEF,0x7D,0xEF,0x7D,0xEF,0x7D,0xEF,
  0x7D,0xEF,0x7D,0xEF,0x7D,0xEF,0x7D,0xEF,0x7D,0xEF,0x7D,0xEF,0x7E,0xEF,0x7D,0xEF,0x7D,0xEF,0x7D,0xEF,0x7D,0xEF,0x7D,0xEF,
  0x9E,0xFF,0xCB,0xE2,0x83,0xE0,0xE4,0xE8,0xC4,0xE8,0xC4,0xE8,0xC4,0xE8,0xC4,0xE8,0xC4,0xE8,0xC4,0xE8,0xC4,0xE8,0xC4,0xE8,
  0xC4,0xF0,0xC4,0xE8,0xC4,0xE8,0xC4,0xE8,0x04,0xF1,0xE4,0xE8,0xE4,0xE8,0xE4,0xE8,0xC4,0xE8,0xC4,0xE8,0xC4,0xE8,0xC4,0xF0,
  0xE4,0xE8,0xE4,0xE8,0xE4,0xF0,0xA4,0xC8,0x55,0xF5,0xBE,0xFF,0x5D,0xEF,0x7D,0xF7,0x7D,0xEF,0x7D,0xEF,0x7D,0xEF,0x7D,0xEF,
  0x7D,0xEF,0x7D,0xEF,0x7D,0xEF,0x7D,0xEF,0x7D,0xEF,0x7E,0xEF,0x7D,0xEF,0x7D,0xEF,0x9D,0xF7,0x5C,0xEF,0xDF,0xFF,0x98,0x94,
  0x4F,0x29,0xB3,0x31,0x92,0x29,0x92,0x29,0x92,0x29,0x92,0x29,0x92,0x29,0x92,0x29,0x92,0x29,0x92,0x29,0x92,0x29,0x71,0x29,
  0xB1,0x39,0x7D,0xCE,0xBD,0xF7,0x9F,0xF7,0xD2,0x5A,0xB2,0x5A,0x7F,0xEF,0x9D,0xEF,0x7D,0xEF,0x7E,0xEF,0x7D,0xEF,0x7D,0xEF,
  0x7D,0xEF,0x7D,0xEF,0x7D,0xEF,0x7D,0xEF,0x7D,0xEF,0x7D,0xEF,0x7D,0xEF,0x7D,0xEF,0x7D,0xEF,0x7D,0xEF,0x7D,0xEF,0x7D,0xEF,
  0x7D,0xEF,0x7D,0xEF,0x7D,0xEF,0x7D,0xEF,0x7D,0xEF,0x7D,0xEF,0x7D,0xEF,0x7D,0xEF,0x7D,0xEF,0x7D,0xEF,0x7D,0xEF,0x7D,0xEF,
  0x7D,0xEF,0x7D,0xEF,0x7D,0xEF,0x7D,0xEF,0x7D,0xEF,0x7D,0xEF,0x7D,0xEF,0x7D,0xEF,0x7D,0xEF,0x7D,0xEF,0x7D,0xEF,0x7D,0xEF,
  0x7D,0xEF,0x7D,0xEF,0x7D,0xEF,0x7D,0xEF,0x7D,0xEF,0x7D,0xEF,0x7D,0xEF,0x7D,0xEF,0x7D,0xEF,0x7D,0xEF,0x7D,0xEF,0x7D,0xEF,
  0x7D,0xEF,0x7D,0xEF,0x7D,0xEF,0x7D,0xEF,0x7D,0xEF,0x7D,0xEF,0x7D,0xEF,0x7D,0xEF,0x7D,0xEF,0x7D,0xEF,0x7D,0xEF,0x7D,0xEF,
  0x7D,0xEF,0x7D,0xEF,0x7D,0xEF,0x7D,0xEF,0x7D,0xEF,0x7D,0xEF,0x7D,0xEF,0x7D,0xEF,0x7D,0xEF,0x7D,0xEF,0x7D,0xEF,0x7D,0xEF,
  0x7D,0xEF,0x7D,0xEF,0x7D,0xEF,0x7E,0xEF,0x7D,0xF7,0x9D,0xF7,0x3E,0xDF,0xF1,0x39,0xB5,0x7B,0x9E,0xF7,0xBF,0xF7,0xFB,0xBD,
  0x90,0x29,0x72,0x29,0x92,0x29,0x92,0x29,0x92,0x29,0x92,0x29,0x92,0x29,0x92,0x29,0x92,0x29,0xB2,0x31,0x72,0x29,0xD3,0x31,
  0x2F,0x21,0xB8,0x94,0xDF,0xFF,0x5D,0xEF,0x7E,0xF7,0x7E,0xEF,0x9D,0xEF,0x9D,0xEF,0x7D,0xEF,0x7D,0xEF,0x7D,0xEF,0x7D,0xEF,
  0x7D,0xEF,0x7D,0xEF,0x7D,0xEF,0x7D,0xEF,0x7D,0xEF,0x9E,0xF7,0x7D,0xF7,0x9A,0xF6,0x09,0xDA,0xC4,0xE8,0xE4,0xE8,0xE4,0xE8,
  0xC4,0xE8,0xC4,0xE8,0xC4,0xE8,0xC4,0xE8,0xC4,0xE8,0xC4,0xE8,0xC5,0xE8,0xC5,0xF0,0xC4,0xE8,0xE5,0xF0,0xC4,0xE8,0xC4,0xE8,
  0xC4,0xE8,0xC4,0xE8,0xC4,0xE8,0xC4,0xE8,0xC4,0xE8,0xC4,0xE8,0xC4,0xE8,0xC4,0xE8,0xE4,0xE8,0xE4,0xF0,0xE3,0xD0,0x14,0xE5,
  0xBE,0xFF,0x7E,0xF7,0x7D,0xEF,0x7D,0xF7,0x7D,0xF7,0x9E,0xEF,0x7D,0xF7,0x7D,0xF7,0x7D,0xEF,0x7D,0xEF,0x7D,0xEF,0x7D,0xEF,
  0x7D,0xEF,0x7D,0xEF,0x7D,0xEF,0x7D,0xEF,0x7D,0xEF,0x7D,0xEF,0x7E,0xEF,0x9D,0xEF,0x7D,0xEF,0x7D,0xEF,0x9D,0xF7,0x7E,0xEF,
  0xBF,0xF7,0x0D,0xE3,0xA3,0xE0,0xE4,0xE8,0xC4,0xE8,0xC4,0xE8,0xC4,0xE8,0xC4,0xE8,0xC4,0xE8,0xC4,0xE8,0xC4,0xE8,0xE4,0xE8,
  0x05,0xE9,0xE4,0xE0,0xE4,0xE8,0xC4,0xE8,0xE4,0xF0,0xC4,0xE8,0xC4,0xE8,0xC4,0xF0,0xE4,0xE8,0xE4,0xE8,0xC4,0xE8,0xC4,0xE8,
  0xC4,0xE8,0xE4,0xE8,0xE4,0xF0,0xC4,0xD8,0x11,0xEC,0x7E,0xFF,0x5D,0xEF,0x7D,0xEF,0x7D,0xEF,0x7D,0xEF,0x7D,0xEF,0x7D,0xEF,
  0x7D,0xEF,0x7D,0xEF,0x7D,0xEF,0x7D,0xEF,0x7D,0xEF,0x7D,0xEF,0x7E,0xEF,0x7E,0xEF,0x7D,0xEF,0xBE,0xF7,0x5C,0xCE,0x11,0x42,
  0x72,0x29,0x92,0x29,0x92,0x29,0x92,0x29,0x92,0x29,0x92,0x29,0x92,0x29,0x92,0x29,0x92,0x29,0x92,0x29,0x92,0x31,0x50,0x21,
  0xD5,0x7B,0xBF,0xF7,0xBE,0xF7,0xFC,0xC5,0x6D,0x29,0x39,0xA5,0xDF,0xFF,0x7D,0xEF,0x7D,0xEF,0x7D,0xEF,0x7D,0xEF,0x7D,0xEF,
  0x7D,0xEF,0x7D,0xEF,0x7D,0xEF,0x7D,0xEF,0x7D,0xEF,0x7D,0xEF,0x7D,0xEF,0x7D,0xEF,0x7D,0xEF,0x7D,0xEF,0x7D,0xEF,0x7D,0xEF,
  0x7D,0xEF,0x7D,0xEF,0x7D,0xEF,0x7D,0xEF,0x7D,0xEF,0x7D,0xEF,0x7D,0xEF,0x7D,0xEF,0x7D,0xEF,0x7D,0xEF,0x7D,0xEF,0x7D,0xEF,
  0x7D,0xEF,0x7D,0xEF,0x7D,0xEF,0x7D,0xEF,0x7D,0xEF,0x7D,0xEF,0x7D,0xEF,0x7D,0xEF,0x7D,0xEF,0x7D,0xEF,0x7D,0xEF,0x7D,0xEF,
  0x7D,0xEF,0x7D,0xEF,0x7D,0xEF,0x7D,0xEF,0x7D,0xEF,0x7D,0xEF,0x7D,0xEF,0x7D,0xEF,0x7D,0xEF,0x7D,0xEF,0x7D,0xEF,0x7D,0xEF,
  0x7D,0xEF,0x7D,0xEF,0x7D,0xEF,0x7D,0xEF,0x7D,0xEF,0x7D,0xEF,0x7D,0xEF,0x7D,0xEF,0x7D,0xEF,0x7D,0xEF,0x7D,0xEF,0x7D,0xEF,
  0x7D,0xEF,0x7D,0xEF,0x7D,0xEF,0x7D,0xEF,0x7D,0xEF,0x7D,0xEF,0x7D,0xEF,0x7D,0xEF,0x7D,0xEF,0x7D,0xEF,0x7D,0xEF,0x7D,0xEF,
  0x7D,0xEF,0x7D,0xEF,0x7D,0xEF,0x9E,0xF7,0x7E,0xF7,0x5C,0xEF,0xDF,0xF7,0x98,0x8C,0x6E,0x29,0x9E,0xD6,0xBE,0xF7,0x9F,0xEF,
  0x35,0x63,0x51,0x29,0x92,0x31,0x92,0x29,0x92,0x29,0x92,0x29,0x92,0x29,0x92,0x29,0x92,0x29,0x72,0x29,0x92,0x31,0x91,0x29,
  0x92,0x29,0xF1,0x39,0x7D,0xCE,0xBE,0xF7,0x5D,0xEF,0x7E,0xEF,0x9E,0xEF,0x7D,0xEF,0x7D,0xEF,0x7D,0xEF,0x7D,0xEF,0x7D,0xEF,
  0x7D,0xEF,0x7D,0xEF,0x7D,0xEF,0x7D,0xEF,0x9D,0xF7,0x5D,0xEF,0xBF,0xFF,0xF7,0xF5,0x25,0xC9,0xC4,0xF0,0xC4,0xE8,0xC4,0xF0,
  0xA4,0xF0,0xE4,0xE8,0xE5,0xE8,0xE4,0xE8,0xE4,0xE8,0xE4,0xE8,0xC4,0xE8,0xC4,0xE8,0xC5,0xF0,0xC4,0xE8,0xC4,0xE8,0xC4,0xE8,
  0xC4,0xE8,0xC4,0xE8,0xC4,0xE8,0xC4,0xE8,0xC4,0xE8,0xC4,0xE8,0xC4,0xE8,0xC4,0xE8,0xE4,0xE8,0xC4,0xE8,0x04,0xD1,0x75,0xED,
  0x9E,0xFF,0x7D,0xEF,0x7D,0xF7,0x7D,0xF7,0x7D,0xF7,0x7E,0xEF,0x7D,0xEF,0x7D,0xEF,0x7D,0xEF,0x7D,0xEF,0x7D,0xEF,0x7D,0xEF,
  0x7D,0xEF,0x7D,0xEF,0x7D,0xEF,0x7D,0xEF,0x7D,0xEF,0x7D,0xEF,0x7D,0xF7,0x9D,0xEF,0x7D,0xEF,0x7D,0xF7,0x9D,0xF7,0x9D,0xEF,
  0xBE,0xF7,0x8F,0xEB,0xC4,0xE0,0xE4,0xE8,0xC4,0xE8,0xC4,0xE8,0xC4,0xE8,0xC4,0xE8,0xC4,0xE8,0xC4,0xE8,0xC4,0xE8,0xC4,0xE8,
  0xC4,0xE8,0xE5,0xE8,0xC4,0xE0,0xC4,0xE8,0xC4,0xE8,0xC4,0xE8,0xE5,0xE8,0xC4,0xE8,0xC4,0xE8,0xE4,0xE8,0xC4,0xE8,0xE4,0xE8,
  0xC4,0xE8,0xC4,0xF0,0xC4,0xE8,0xA3,0xE0,0xEC,0xDA,0xBE,0xFF,0x9D,0xF7,0x7D,0xEF,0x7D,0xEF,0x7D,0xEF,0x7D,0xEF,0x7D,0xEF,
  0x7D,0xEF,0x7D,0xEF,0x7D,0xEF,0x7D,0xEF,0x7D,0xEF,0x9E,0xF7,0x7E,0xEF,0x7E,0xEF,0x7D,0xEF,0xBF,0xF7,0x95,0x73,0x30,0x21,
  0x93,0x31,0x92,0x29,0x91,0x29,0x92,0x29,0x92,0x29,0x92,0x29,0x92,0x29,0x72,0x29,0x92,0x29,0x92,0x29,0x72,0x29,0xB1,0x31,
  0x7C,0xD6,0xBE,0xF7,0x9F,0xEF,0x13,0x63,0x50,0x4A,0x7F,0xEF,0x9D,0xEF,0x5D,0xEF,0x7D,0xEF,0x7D,0xEF,0x7D,0xEF,0x7D,0xEF,
  0x7D,0xEF,0x7D,0xEF,0x7D,0xEF,0x7D,0xEF,0x7D,0xEF,0x7D,0xEF,0x7D,0xEF,0x7D,0xEF,0x7D,0xEF,0x7D,0xEF,0x7D,0xEF,0x7D,0xEF,
  0x7D,0xEF,0x7D,0xEF,0x7D,0xEF,0x7D,0xEF,0x7D,0xEF,0x7D,0xEF,0x7D,0xEF,0x7D,0xEF,0x7D,0xEF,0x7D,0xEF,0x7D,0xEF,0x7D,0xEF,
  0x7D,0xEF,0x7D,0xEF,0x7D,0xEF,0x7D,0xEF,0x7D,0xEF,0x7D,0xEF,0x7D,0xEF,0x7D,0xEF,0x7D,0xEF,0x7D,0xEF,0x7D,0xEF,0x7D,0xEF,
  0x7D,0xEF,0x7D,0xEF,0x7D,0xEF,0x7D,0xEF,0x7D,0xEF,0x7D,0xEF,0x7D,0xEF,0x7D,0xEF,0x7D,0xEF,0x7D,0xEF,0x7D,0xEF,0x7D,0xEF,
  0x7D,0xEF,0x7D,0xEF,0x7D,0xEF,0x7D,0xEF,0x7D,0xEF,0x7D,0xEF,0x7D,0xEF,0x7D,0xEF,0x7D,0xEF,0x7D,0xEF,0x7D,0xEF,0x7D,0xEF,
  0x7D,0xEF,0x7D,0xEF,0x7D,0xEF,0x7D,0xEF,0x7D,0xEF,0x7D,0xEF,0x7D,0xEF,0x7D,0xEF,0x7D,0xEF,0x7D,0xEF,0x7D,0xEF,0x7D,0xEF,
  0x7D,0xEF,0x7D,0xEF,0x9D,0xEF,0x7D,0xEF,0x7E,0xEF,0x7D,0xEF,0x9E,0xF7,0xFE,0xDE,0xD0,0x39,0xD6,0x7B,0xDF,0xF7,0x9F,0xF7,
  0xFC,0xBD,0x91,0x31,0x72,0x29,0xB2,0x31,0x92,0x29,0x92,0x29,0x92,0x29,0x92,0x29,0x92,0x29,0x92,0x29,0x92,0x29,0x92,0x29,
  0x92,0x29,0x51,0x29,0x55,0x63,0x9F,0xEF,0x9D,0xEF,0x7E,0xEF,0x9D,0xEF,0x7D,0xEF,0x7D,0xEF,0x7D,0xEF,0x7D,0xEF,0x7D,0xEF,
  0x7D,0xEF,0x7D,0xEF,0x7D,0xEF,0x7D,0xEF,0x7E,0xF7,0x7E,0xEF,0xBF,0xF7,0x55,0xF5,0x04,0xC9,0xE4,0xE8,0xC4,0xE8,0xE4,0xE8,
  0xC4,0xF0,0xE4,0xE8,0xE4,0xE8,0xC4,0xE8,0xC4,0xE8,0xC4,0xE8,0xC4,0xE8,0xC4,0xE8,0xC4,0xE8,0xC4,0xE8,0xC4,0xE8,0xC4,0xE8,
  0xC4,0xE8,0xC4,0xE8,0xC4,0xE8,0xC4,0xE8,0xC4,0xE8,0xC4,0xE8,0xC4,0xE8,0xC4,0xE8,0xE4,0xE8,0xA4,0xF0,0x46,0xD1,0xD7,0xED,
  0x9E,0xFF,0x7C,0xEF,0x7E,0xF7,0x7D,0xF7,0x9D,0xEF,0x7E,0xF7,0x9D,0xEF,0x9D,0xEF,0x7D,0xEF,0x7D,0xEF,0x7D,0xEF,0x7D,0xEF,
  0x7D,0xEF,0x7D,0xEF,0x7D,0xEF,0x7D,0xEF,0x7D,0xEF,0x7D,0xF7,0x7D,0xF7,0x7D,0xEF,0x7D,0xF7,0x7D,0xF7,0x9D,0xEF,0x7D,0xEF,
  0xBD,0xFF,0x52,0xF4,0xC4,0xD8,0xE4,0xF0,0xC4,0xE8,0xC4,0xE8,0xC4,0xE8,0xC4,0xE8,0xC4,0xE8,0xC4,0xE8,0xC4,0xE8,0xC4,0xE8,
  0xE4,0xE8,0xC4,0xE8,0xC4,0xE8,0xC4,0xE8,0xC4,0xE8,0xC4,0xE8,0xC4,0xE8,0xC4,0xE8,0xC4,0xE8,0xC4,0xE8,0xE4,0xE8,0xC4,0xE8,
  0xC4,0xF0,0xC4,0xF0,0xE4,0xE8,0xA3,0xE8,0x29,0xDA,0x9D,0xF7,0x7D,0xEF,0x7D,0xF7,0x7D,0xEF,0x7D,0xEF,0x7D,0xEF,0x7D,0xEF,
  0x7D,0xEF,0x7D,0xEF,0x7D,0xEF,0x7D,0xEF,0x9D,0xF7,0x7D,0xEF,0x9E,0xF7,0x5D,0xEF,0xDF,0xFF,0x5A,0xA5,0x50,0x21,0x92,0x29,
  0x92,0x29,0x92,0x31,0x92,0x29,0x92,0x29,0x92,0x29,0x91,0x29,0x92,0x29,0x92,0x29,0x71,0x29,0xB3,0x31,0x30,0x21,0xF6,0x7B,
  0x9E,0xF7,0xDF,0xF7,0x1C,0xBE,0x4E,0x29,0x5A,0xAD,0xDF,0xFF,0x7C,0xEF,0x7E,0xF7,0x7E,0xF7,0x7D,0xF7,0x7D,0xEF,0x7D,0xEF,
  0x7D,0xEF,0x7D,0xEF,0x7D,0xEF,0x7D,0xEF,0x7D,0xEF,0x7D,0xEF,0x7D,0xEF,0x7D,0xEF,0x7D,0xEF,0x7D,0xEF,0x7D,0xEF,0x7D,0xEF,
  0x7D,0xEF,0x7D,0xEF,0x7D,0xEF,0x7D,0xEF,0x7D,0xEF,0x7D,0xEF,0x7D,0xEF,0x7D,0xEF,0x7D,0xEF,0x7D,0xEF,0x7D,0xEF,0x7D,0xEF,
  0x7D,0xEF,0x7D,0xEF,0x7D,0xEF,0x7D,0xEF,0x7D,0xEF,0x7D,0xEF,0x7D,0xEF,0x7D,0xEF,0x7D,0xEF,0x7D,0xEF,0x7D,0xEF,0x7D,0xEF,
  0x7D,0xEF,0x7D,0xEF,0x7D,0xEF,0x7D,0xEF,0x7D,0xEF,0x7D,0xEF,0x7D,0xEF,0x7D,0xEF,0x7D,0xEF,0x7D,0xEF,0x7D,0xEF,0x7D,0xEF,
  0x7D,0xEF,0x7D,0xEF,0x7D,0xEF,0x7D,0xEF,0x7D,0xEF,0x7D,0xEF,0x7D,0xEF,0x7D,0xEF,0x7D,0xEF,0x7D,0xEF,0x7D,0xEF,0x7D,0xEF,
  0x7D,0xEF,0x7D,0xEF,0x7D,0xEF,0x7D,0xEF,0x7D,0xEF,0x7D,0xEF,0x7D,0xEF,0x7D,0xEF,0x7D,0xEF,0x7D,0xEF,0x7D,0xEF,0x7D,0xEF,
  0x7D,0xEF,0x7D,0xEF,0x7E,0xF7,0x7D,0xF7,0x9D,0xEF,0x7E,0xEF,0x7E,0xEF,0xFF,0xFF,0x97,0x94,0x6D,0x29,0x7D,0xCE,0xBE,0xF7,
  0xBF,0xF7,0xD6,0x7B,0x30,0x21,0xB3,0x31,0x92,0x29,0x92,0x29,0x92,0x29,0x92,0x29,0x92,0x29,0x91,0x29,0x92,0x29,0x92,0x29,
  0x71,0x29,0x91,0x29,0x2F,0x21,0xD9,0x9C,0xDF,0xF7,0x7C,0xEF,0x9E,0xF7,0x7D,0xEF,0x9D,0xF7,0x7D,0xEF,0x7D,0xEF,0x7D,0xEF,
  0x7D,0xEF,0x7D,0xEF,0x7D,0xEF,0x7D,0xEF,0x7D,0xF7,0x7D,0xEF,0x9E,0xFF,0x92,0xF4,0xE3,0xD0,0xE4,0xE8,0xC4,0xE8,0xE4,0xE8,
  0xC4,0xF0,0xC4,0xE8,0xC4,0xE8,0xC4,0xE8,0xC4,0xE8,0xC4,0xE8,0xC4,0xE8,0xC4,0xE8,0xC4,0xE8,0xC4,0xE8,0xC4,0xE8,0xC4,0xE8,
  0xC4,0xE8,0xC4,0xE8,0xC4,0xE8,0xC4,0xE8,0xC4,0xE8,0xC4,0xE8,0xC4,0xE8,0xC4,0xE8,0xE4,0xE8,0xA4,0xE8,0xA7,0xD9,0x59,0xF6,
  0x9E,0xF7,0x7D,0xEF,0x9E,0xF7,0x7D,0xF7,0x9D,0xEF,0x7E,0xF7,0x7D,0xEF,0x7D,0xEF,0x7D,0xEF,0x7D,0xEF,0x7D,0xEF,0x7D,0xEF,
  0x7D,0xEF,0x7D,0xEF,0x7D,0xEF,0x7D,0xEF,0x7D,0xEF,0x7D,0xEF,0x7D,0xEF,0x9D,0xEF,0x7E,0xF7,0x7D,0xEF,0x9D,0xEF,0x7D,0xEF,
  0xBE,0xFF,0xD3,0xF4,0xC4,0xD0,0xE4,0xF0,0xC4,0xE8,0xC4,0xE8,0xC4,0xE8,0xC4,0xE8,0xC4,0xE8,0xC4,0xE8,0xC4,0xE8,0xC4,0xE8,
  0xC4,0xE8,0xC4,0xE8,0xC4,0xE8,0xC4,0xE8,0xC4,0xE8,0xC4,0xE8,0xC4,0xE8,0xC4,0xE8,0xC4,0xE8,0xC4,0xE8,0xC4,0xE8,0xC4,0xE8,
  0xC4,0xF0,0xC4,0xE8,0xE4,0xE8,0xA3,0xE8,0x09,0xDA,0x1B,0xFF,0x7D,0xF7,0x7D,0xEF,0x7D,0xEF,0x7D,0xEF,0x7D,0xEF,0x7D,0xEF,
  0x7D,0xEF,0x7D,0xEF,0x7D,0xEF,0x7D,0xEF,0x9E,0xF7,0x7D,0xEF,0x7D,0xEF,0xBE,0xF7,0xBE,0xD6,0x11,0x42,0x71,0x29,0xB3,0x31,
  0x92,0x29,0x92,0x29,0x72,0x29,0x91,0x29,0x91,0x29,0x92,0x29,0x92,0x29,0x91,0x29,0x92,0x29,0x72,0x29,0xF1,0x39,0xDD,0xD6,
  0xDE,0xF7,0x9F,0xF7,0x34,0x63,0x51,0x4A,0x7F,0xEF,0x9D,0xF7,0x7E,0xEF,0x7D,0xEF,0x7D,0xEF,0x7E,0xEF,0x7D,0xEF,0x7D,0xEF,
  0x7D,0xEF,0x7D,0xEF,0x7D,0xEF,0x7D,0xEF,0x7D,0xEF,0x7D,0xEF,0x7D,0xEF,0x7D,0xEF,0x7D,0xEF,0x7D,0xEF,0x7D,0xEF,0x7D,0xEF,
  0x7D,0xEF,0x7D,0xEF,0x7D,0xEF,0x7D,0xEF,0x7D,0xEF,0x7D,0xEF,0x7D,0xEF,0x7D,0xEF,0x7D,0xEF,0x7D,0xEF,0x7D,0xEF,0x7D,0xEF,
  0x7D,0xEF,0x7D,0xEF,0x7D,0xEF,0x7D,0xEF,0x7D,0xEF,0x7D,0xEF,0x7D,0xEF,0x7D,0xEF,0x7D,0xEF,0x7D,0xEF,0x7D,0xEF,0x7D,0xEF,
  0x7D,0xEF,0x7D,0xEF,0x7D,0xEF,0x7D,0xEF,0x7D,0xEF,0x7D,0xEF,0x7D,0xEF,0x7D,0xEF,0x7D,0xEF,0x7D,0xEF,0x7D,0xEF,0x7D,0xEF,
  0x7D,0xEF,0x7D,0xEF,0x7D,0xEF,0x7D,0xEF,0x7D,0xEF,0x7D,0xEF,0x7D,0xEF,0x7D,0xEF,0x7D,0xEF,0x7D,0xEF,0x7D,0xEF,0x7D,0xEF,
  0x7D,0xEF,0x7D,0xEF,0x7D,0xEF,0x7D,0xEF,0x7D,0xEF,0x7D,0xEF,0x7D,0xEF,0x7D,0xEF,0x7D,0xEF,0x7D,0xEF,0x7D,0xEF,0x7D,0xEF,
  0x7D,0xEF,0x7D,0xEF,0x7E,0xF7,0x7D,0xEF,0x9D,0xEF,0x7E,0xEF,0x7E,0xEF,0x9D,0xF7,0x1F,0xE7,0x10,0x42,0x55,0x6B,0xBF,0xF7,
  0xBE,0xF7,0x7D,0xCE,0xD0,0x39,0x51,0x29,0x92,0x29,0x91,0x29,0x92,0x29,0x92,0x29,0x92,0x29,0x92,0x29,0x72,0x29,0x92,0x29,
  0x92,0x29,0x92,0x29,0x92,0x29,0xD1,0x31,0x5D,0xC6,0xFF,0xFF,0x5D,0xEF,0x9E,0xF7,0x7D,0xEF,0x7D,0xEF,0x7D,0xEF,0x7D,0xEF,
  0x7D,0xEF,0x7D,0xEF,0x7D,0xEF,0x7D,0xEF,0x7D,0xEF,0x7D,0xEF,0x9E,0xFF,0xAF,0xEB,0xC3,0xD8,0xE4,0xE8,0xC4,0xE8,0xE4,0xE8,
  0xC4,0xF0,0xC4,0xE8,0xC4,0xE8,0xC4,0xE8,0xC4,0xE8,0xC4,0xE8,0xC4,0xE8,0xC4,0xE8,0xC4,0xE8,0xC4,0xE8,0xC4,0xE8,0xC4,0xE8,
  0xC4,0xE8,0xC4,0xE8,0xC4,0xE8,0xC4,0xE8,0xC4,0xE8,0xC4,0xE8,0xC4,0xE8,0xC4,0xE8,0xE4,0xE8,0xA4,0xE8,0x09,0xDA,0xFB,0xFE,
  0x7D,0xF7,0x7D,0xEF,0x7E,0xEF,0x7D,0xF7,0x9D,0xEF,0x7E,0xEF,0x7D,0xEF,0x7D,0xEF,0x7D,0xEF,0x7D,0xEF,0x7D,0xEF,0x7D,0xEF,
  0x7D,0xEF,0x7D,0xEF,0x7D,0xEF,0x7D,0xEF,0x7D,0xEF,0x7D,0xEF,0x9D,0xEF,0x9E,0xEF,0x7E,0xF7,0x7D,0xEF,0x7D,0xEF,0x7D,0xEF,
  0xBE,0xF7,0x96,0xF5,0x05,0xC9,0xE4,0xF0,0xC4,0xE8,0xC4,0xE8,0xC4,0xE8,0xC4,0xE8,0xC4,0xE8,0xC4,0xE8,0xC4,0xE8,0xC4,0xE8,
  0xC4,0xE8,0xC4,0xE8,0xC4,0xE8,0xC4,0xE8,0xC4,0xE8,0xC4,0xE8,0xC4,0xE8,0xC4,0xE8,0xC4,0xE8,0xC4,0xE8,0xC4,0xE8,0xC4,0xF0,
  0xC4,0xE8,0xC4,0xE8,0xE4,0xE8,0xA3,0xE8,0xA8,0xD9,0x9A,0xF6,0x9E,0xF7,0x7D,0xEF,0x7D,0xEF,0x7D,0xEF,0x7D,0xEF,0x7D,0xEF,
  0x7D,0xEF,0x7D,0xEF,0x7D,0xEF,0x7D,0xEF,0x7E,0xEF,0x7E,0xF7,0x7D,0xEF,0xBF,0xF7,0x54,0x63,0x30,0x21,0xB3,0x31,0x51,0x29,
  0x92,0x31,0x92,0x29,0x92,0x29,0x91,0x29,0x91,0x29,0x92,0x29,0x92,0x29,0x91,0x29,0xB2,0x31,0x30,0x21,0x97,0x8C,0xBE,0xF7,
  0xBE,0xF7,0xDB,0xBD,0x2D,0x21,0x5B,0xAD,0xDF,0xFF,0x7D,0xEF,0x7E,0xF7,0x9D,0xEF,0x9D,0xEF,0x7E,0xEF,0x7D,0xEF,0x7D,0xEF,
  0x7D,0xEF,0x7D,0xEF,0x7D,0xEF,0x7D,0xEF,0x7D,0xEF,0x7D,0xEF,0x7D,0xEF,0x7D,0xEF,0x7D,0xEF,0x7D,0xEF,0x7D,0xEF,0x7D,0xEF,
  0x7D,0xEF,0x7D,0xEF,0x7D,0xEF,0x7D,0xEF,0x7D,0xEF,0x7D,0xEF,0x7D,0xEF,0x7D,0xEF,0x7D,0xEF,0x7D,0xEF,0x7D,0xEF,0x7D,0xEF,
  0x7D,0xEF,0x7D,0xEF,0x7D,0xEF,0x7D,0xEF,0x7D,0xEF,0x7D,0xEF,0x7D,0xEF,0x7D,0xEF,0x7D,0xEF,0x7D,0xEF,0x7D,0xEF,0x7D,0xEF,
  0x7D,0xEF,0x7D,0xEF,0x7D,0xEF,0x7D,0xEF,0x7D,0xEF,0x7D,0xEF,0x7D,0xEF,0x7D,0xEF,0x7D,0xEF,0x7D,0xEF,0x7D,0xEF,0x7D,0xEF,
  0x7D,0xEF,0x7D,0xEF,0x7D,0xEF,0x7D,0xEF,0x7D,0xEF,0x7D,0xEF,0x7D,0xEF,0x7D,0xEF,0x7D,0xEF,0x7D,0xEF,0x7D,0xEF,0x7D,0xEF,
  0x7D,0xEF,0x7D,0xEF,0x7D,0xEF,0x7D,0xEF,0x7D,0xEF,0x7D,0xEF,0x7D,0xEF,0x7D,0xEF,0x7D,0xEF,0x7D,0xEF,0x7D,0xEF,0x7D,0xEF,
  0x7D,0xEF,0x7D,0xEF,0x7D,0xF7,0x7D,0xEF,0x9D,0xEF,0x7E,0xEF,0x7D,0xF7,0x7D,0xEF,0xDF,0xFF,0xF9,0xA4,0x4E,0x29,0xFB,0xBD,
  0x9E,0xF7,0xDF,0xF7,0x97,0x8C,0x50,0x29,0x92,0x31,0x91,0x29,0x92,0x29,0x92,0x29,0x92,0x29,0x72,0x29,0x92,0x29,0x91,0x31,
  0x72,0x29,0x92,0x29,0xB3,0x31,0x51,0x21,0xD3,0x52,0x1E,0xE7,0x7D,0xEF,0x7D,0xEF,0x7D,0xEF,0x7D,0xEF,0x7D,0xEF,0x7D,0xEF,
  0x7D,0xEF,0x7D,0xEF,0x7D,0xEF,0x7D,0xEF,0x7D,0xEF,0x7D,0xEF,0x9E,0xFF,0x2E,0xE3,0xA3,0xE0,0xE4,0xE8,0xE4,0xE8,0xE4,0xE8,
  0xC4,0xE8,0xC4,0xF0,0xC4,0xE8,0xC4,0xE8,0xC4,0xE8,0xC4,0xE8,0xC4,0xE8,0xC4,0xE8,0xC4,0xE8,0xC4,0xE8,0xC4,0xE8,0xC4,0xE8,
  0xC4,0xE8,0xC4,0xE8,0xC4,0xE8,0xC4,0xE8,0xC4,0xE8,0xC4,0xE8,0xC4,0xE8,0xC4,0xE8,0xE4,0xE8,0x84,0xE8,0x4A,0xDA,0x7D,0xFF,
  0x7D,0xEF,0x7D,0xEF,0x7E,0xEF,0x7D,0xEF,0x7D,0xEF,0x7E,0xEF,0x7D,0xF7,0x7D,0xEF,0x7D,0xEF,0x7D,0xEF,0x7D,0xEF,0x7D,0xEF,
  0x7D,0xEF,0x7D,0xEF,0x7D,0xEF,0x7D,0xEF,0x7D,0xEF,0x9D,0xEF,0x9D,0xEF,0x9E,0xEF,0x7E,0xF7,0x7E,0xF7,0x9E,0xEF,0x7E,0xEF,
  0xBE,0xF7,0x18,0xF6,0x45,0xC9,0xC4,0xF0,0xC4,0xE8,0xC4,0xE8,0xC4,0xE8,0xC4,0xE8,0xC4,0xE8,0xC4,0xE8,0xC4,0xE8,0xC4,0xE8,
  0xC4,0xE8,0xC4,0xE8,0xC4,0xE8,0xC4,0xE8,0xC4,0xE8,0xC4,0xE8,0xC4,0xE8,0xC4,0xE8,0xC4,0xE8,0xC4,0xE8,0xC4,0xF0,0xC4,0xF0,
  0xE4,0xE8,0xC4,0xE8,0xE4,0xE8,0xC4,0xE8,0x67,0xD9,0x39,0xF6,0xBE,0xFF,0x7D,0xEF,0x7D,0xEF,0x7D,0xEF,0x7D,0xEF,0x7D,0xEF,
  0x7D,0xEF,0x7D,0xEF,0x7D,0xEF,0x7D,0xEF,0x7D,0xF7,0x7D,0xEF,0xDF,0xFF,0xB7,0x94,0x70,0x29,0x93,0x31,0x92,0x31,0x92,0x31,
  0x92,0x31,0x92,0x31,0x92,0x31,0x92,0x31,0x92,0x31,0x92,0x29,0x91,0x29,0xB2,0x31,0x52,0x21,0x92,0x4A,0x1E,0xDF,0xBE,0xF7,
  0x7F,0xEF,0x92,0x52,0xB2,0x52,0x7F,0xEF,0x7D,0xF7,0x7D,0xF7,0x7D,0xF7,0x7E,0xEF,0x9D,0xEF,0x9D,0xEF,0x7D,0xEF,0x7D,0xEF,
  0x7D,0xEF,0x7D,0xEF,0x7D,0xEF,0x7D,0xEF,0x7D,0xEF,0x7D,0xEF,0x7D,0xEF,0x7D,0xEF,0x7D,0xEF,0x7D,0xEF,0x7D,0xEF,0x7D,0xEF,
  0x7D,0xEF,0x7D,0xEF,0x7D,0xEF,0x7D,0xEF,0x7D,0xEF,0x7D,0xEF,0x7D,0xEF,0x7D,0xEF,0x7D,0xEF,0x7D,0xEF,0x7D,0xEF,0x7D,0xEF,
  0x7D,0xEF,0x7D,0xEF,0x7D,0xEF,0x7D,0xEF,0x7D,0xEF,0x7D,0xEF,0x7D,0xEF,0x7D,0xEF,0x7D,0xEF,0x7D,0xEF,0x7D,0xEF,0x7D,0xEF,
  0x7D,0xEF,0x7D,0xEF,0x7D,0xEF,0x7D,0xEF,0x7D,0xEF,0x7D,0xEF,0x7D,0xEF,0x7D,0xEF,0x7D,0xEF,0x7D,0xEF,0x7D,0xEF,0x7D,0xEF,
  0x7D,0xEF,0x7D,0xEF,0x7D,0xEF,0x7D,0xEF,0x7D,0xEF,0x7D,0xEF,0x7D,0xEF,0x7D,0xEF,0x7D,0xEF,0x7D,0xEF,0x7D,0xEF,0x7D,0xEF,
  0x7D,0xEF,0x7D,0xEF,0x7D,0xEF,0x7D,0xEF,0x7D,0xEF,0x7D,0xEF,0x7D,0xEF,0x7D,0xEF,0x7D,0xEF,0x7D,0xEF,0x7D,0xEF,0x7D,0xEF,
  0x7D,0xEF,0x7D,0xEF,0x7D,0xF7,0x7D,0xEF,0x9D,0xEF,0x9D,0xEF,0x7D,0xEF,0x7D,0xF7,0x9D,0xF7,0x7F,0xEF,0x72,0x4A,0x93,0x52,
  0x9F,0xF7,0xBD,0xF7,0x3E,0xE7,0x52,0x4A,0x71,0x29,0x92,0x29,0x92,0x31,0x72,0x29,0x92,0x29,0x93,0x29,0x92,0x29,0x91,0x29,
  0x72,0x29,0x72,0x29,0x92,0x29,0x92,0x31,0x2F,0x21,0xD5,0x7B,0xBF,0xF7,0x7D,0xEF,0x7D,0xEF,0x9D,0xF7,0x7D,0xEF,0x9E,0xEF,
  0x9D,0xEF,0x9D,0xEF,0x9E,0xEF,0x7D,0xEF,0x9D,0xEF,0x7D,0xEF,0x9D,0xFF,0x8B,0xDA,0xA3,0xE8,0xE4,0xF0,0xC4,0xE8,0xC4,0xE8,
  0xE4,0xE8,0xC4,0xE8,0xC4,0xE8,0xC4,0xE8,0xC4,0xE8,0xC4,0xE8,0xC4,0xE8,0xC4,0xE8,0xC4,0xE8,0xC4,0xE8,0xC4,0xE8,0xC4,0xE8,
  0xC4,0xE8,0xC4,0xE8,0xC4,0xE8,0xC4,0xE8,0xC4,0xE8,0xC4,0xE8,0xC4,0xE8,0xC4,0xE8,0xE4,0xE8,0xA3,0xE0,0xEC,0xE2,0x9E,0xFF,
  0x9E,0xEF,0x7E,0xF7,0x7D,0xEF,0x9D,0xEF,0x7D,0xEF,0x9E,0xEF,0x7E,0xF7,0x7D,0xF7,0x7D,0xEF,0x7D,0xEF,0x7D,0xEF,0x7D,0xEF,
  0x7D,0xEF,0x7D,0xEF,0x7D,0xEF,0x7D,0xEF,0x7D,0xEF,0x9D,0xEF,0x9E,0xEF,0x7D,0xF7,0x7E,0xF7,0x9E,0xF7,0x7D,0xEF,0x9E,0xF7,
  0x9E,0xFF,0x5A,0xF6,0xA8,0xD1,0xC4,0xE8,0xE4,0xE8,0xE4,0xE8,0xC4,0xE8,0xC4,0xE8,0xC4,0xF0,0xC4,0xE8,0xC4,0xE8,0xC4,0xE8,
  0xC4,0xE8,0xC4,0xE8,0xC4,0xE8,0xC4,0xE8,0xC4,0xE8,0xC4,0xE8,0xC4,0xE8,0xC4,0xE8,0xC4,0xE8,0xC4,0xE8,0xC4,0xF0,0xC4,0xE8,
  0xC4,0xE8,0xC4,0xE8,0xC4,0xE8,0xC4,0xF0,0x46,0xD1,0xB6,0xED,0xBE,0xFF,0x7D,0xEF,0x7D,0xF7,0x7D,0xEF,0x9D,0xEF,0x7E,0xEF,
  0x7D,0xEF,0x9E,0xF7,0x9E,0xEF,0x9E,0xEF,0x5D,0xEF,0xDE,0xFF,0xFB,0xBD,0x8F,0x31,0x92,0x29,0x72,0x29,0x72,0x29,0x72,0x31,
  0x72,0x31,0x92,0x29,0x92,0x29,0x72,0x29,0x72,0x29,0x92,0x29,0x91,0x29,0x92,0x29,0x50,0x29,0x9B,0xB5,0xBE,0xF7,0xDF,0xFF,
  0x1A,0xA5,0x2D,0x21,0xFC,0xBD,0xDE,0xFF,0x7C,0xEF,0x7E,0xEF,0x7D,0xEF,0x7E,0xEF,0x7E,0xEF,0x7D,0xEF,0x7D,0xEF,0x7D,0xEF,
  0x7D,0xEF,0x7D,0xEF,0x7D,0xEF,0x7D,0xEF,0x7D,0xEF,0x7D,0xEF,0x7D,0xEF,0x7D,0xEF,0x7D,0xEF,0x7D,0xEF,0x7D,0xEF,0x7D,0xEF,
  0x7D,0xEF,0x7D,0xEF,0x7D,0xEF,0x7D,0xEF,0x7D,0xEF,0x7D,0xEF,0x7D,0xEF,0x7D,0xEF,0x7D,0xEF,0x7D,0xEF,0x7D,0xEF,0x7D,0xEF,
  0x7D,0xEF,0x7D,0xEF,0x7D,0xEF,0x7D,0xEF,0x7D,0xEF,0x7D,0xEF,0x7D,0xEF,0x7D,0xEF,0x7D,0xEF,0x7D,0xEF,0x7D,0xEF,0x7D,0xEF,
  0x7D,0xEF,0x7D,0xEF,0x7D,0xEF,0x7D,0xEF,0x7D,0xEF,0x7D,0xEF,0x7D,0xEF,0x7D,0xEF,0x7D,0xEF,0x7D,0xEF,0x7D,0xEF,0x7D,0xEF,
  0x7D,0xEF,0x7D,0xEF,0x7D,0xEF,0x7D,0xEF,0x7D,0xEF,0x7D,0xEF,0x7D,0xEF,0x7D,0xEF,0x7D,0xEF,0x7D,0xEF,0x7D,0xEF,0x7D,0xEF,
  0x7D,0xEF,0x7D,0xEF,0x7D,0xEF,0x7D,0xEF,0x7D,0xEF,0x7D,0xEF,0x7D,0xEF,0x7D,0xEF,0x7D,0xEF,0x7D,0xEF,0x7D,0xEF,0x7D,0xEF,
  0x7D,0xEF,0x7D,0xEF,0x7D,0xF7,0x7D,0xEF,0x9D,0xEF,0x9D,0xEF,0x7E,0xEF,0x9D,0xF7,0x7D,0xEF,0xBF,0xF7,0xBC,0xB5,0x4E,0x29,
  0xF8,0x9C,0xBF,0xF7,0xBE,0xF7,0x7B,0xAD,0x50,0x29,0x92,0x29,0x92,0x29,0x92,0x31,0x92,0x29,0x72,0x29,0x92,0x29,0x91,0x29,
  0x92,0x29,0x92,0x29,0x92,0x29,0xB2,0x31,0x72,0x29,0x70,0x29,0xD9,0x94,0xDF,0xF7,0x7D,0xEF,0x9D,0xF7,0x9D,0xF7,0x9E,0xF7,
  0x9D,0xEF,0x7E,0xEF,0x7E,0xEF,0x7E,0xF7,0x7D,0xEF,0x9D,0xEF,0x5C,0xFF,0x29,0xDA,0xA3,0xE8,0xE4,0xF0,0xC4,0xE8,0xC4,0xE8,
  0xE4,0xE8,0xC4,0xE8,0xC4,0xE8,0xC4,0xE8,0xC4,0xE8,0xC4,0xE8,0xC4,0xE8,0xC4,0xE8,0xC4,0xE8,0xC4,0xE8,0xC4,0xE8,0xC4,0xE8,
  0xC4,0xE8,0xC4,0xE8,0xC4,0xE8,0xC4,0xE8,0xC4,0xE8,0xC4,0xE8,0xC4,0xE8,0xC4,0xE8,0xE4,0xE8,0xA3,0xD8,0xAF,0xEB,0x9E,0xFF,
  0x7D,0xEF,0x7D,0xF7,0x7D,0xEF,0x9D,0xEF,0x7D,0xF7,0x9E,0xEF,0x7E,0xF7,0x7D,0xF7,0x7D,0xEF,0x7D,0xEF,0x7D,0xEF,0x7D,0xEF,
  0x7D,0xEF,0x7D,0xEF,0x7D,0xEF,0x7D,0xEF,0x7D,0xEF,0x7E,0xEF,0x7D,0xF7,0x7D,0xF7,0x7D,0xF7,0x7E,0xF7,0x7D,0xEF,0x9D,0xF7,
  0x7D,0xFF,0xBC,0xFE,0x4A,0xDA,0xA3,0xE8,0xE5,0xF0,0xE5,0xE8,0xC4,0xE8,0xC4,0xE8,0xC4,0xF0,0xC4,0xE8,0xC4,0xE8,0xC4,0xE8,
  0xC4,0xE8,0xC4,0xE8,0xC4,0xE8,0xC4,0xE8,0xC4,0xE8,0xC4,0xE8,0xC4,0xE8,0xC4,0xE8,0xC4,0xE8,0xC4,0xE8,0xC4,0xF0,0xC4,0xE8,
  0xC4,0xF0,0xE4,0xE8,0xC4,0xE8,0xC4,0xF0,0xE4,0xD0,0x34,0xED,0xBE,0xFF,0x7E,0xEF,0x7D,0xF7,0x9D,0xEF,0x9D,0xEF,0x7E,0xEF,
  0x9E,0xF7,0x5D,0xEF,0x7D,0xF7,0x9D,0xEF,0xBE,0xF7,0xBD,0xD6,0x30,0x42,0x51,0x29,0xB3,0x29,0x72,0x29,0x92,0x31,0x72,0x31,
  0x92,0x29,0x92,0x29,0x92,0x29,0xB2,0x31,0x91,0x31,0x91,0x29,0xB2,0x31,0x30,0x21,0xB5,0x73,0x9F,0xF7,0xBE,0xF7,0xFE,0xDE,
  0xD0,0x39,0x74,0x6B,0xBF,0xF7,0x9D,0xEF,0x7D,0xEF,0x7D,0xEF,0x9D,0xEF,0x7E,0xEF,0x7E,0xF7,0x7D,0xF7,0x7D,0xEF,0x7D,0xEF,
  0x7D,0xEF,0x7D,0xEF,0x7D,0xEF,0x7D,0xEF,0x7D,0xEF,0x7D,0xEF,0x7D,0xEF,0x7D,0xEF,0x7D,0xEF,0x7D,0xEF,0x7D,0xEF,0x7D,0xEF,
  0x7D,0xEF,0x7D,0xEF,0x7D,0xEF,0x7D,0xEF,0x7D,0xEF,0x7D,0xEF,0x7D,0xEF,0x7D,0xEF,0x7D,0xEF,0x7D,0xEF,0x7D,0xEF,0x7D,0xEF,
  0x7D,0xEF,0x7D,0xEF,0x7D,0xEF,0x7D,0xEF,0x7D,0xEF,0x7D,0xEF,0x7D,0xEF,0x7D,0xEF,0x7D,0xEF,0x7D,0xEF,0x7D,0xEF,0x7D,0xEF,
  0x7D,0xEF,0x7D,0xEF,0x7D,0xEF,0x7D,0xEF,0x7D,0xEF,0x7D,0xEF,0x7D,0xEF,0x7D,0xEF,0x7D,0xEF,0x7D,0xEF,0x7D,0xEF,0x7D,0xEF,
  0x7D,0xEF,0x7D,0xEF,0x7D,0xEF,0x7D,0xEF,0x7D,0xEF,0x7D,0xEF,0x7D,0xEF,0x7D,0xEF,0x7D,0xEF,0x7D,0xEF,0x7D,0xEF,0x7D,0xEF,
  0x7D,0xEF,0x7D,0xEF,0x7D,0xEF,0x7D,0xEF,0x7D,0xEF,0x7D,0xEF,0x7D,0xEF,0x7D,0xEF,0x7D,0xEF,0x7D,0xEF,0x7D,0xEF,0x7D,0xEF,
  0x7D,0xEF,0x7D,0xEF,0x7D,0xEF,0x9D,0xEF,0x9D,0xEF,0x9D,0xEF,0x7E,0xEF,0x9E,0xF7,0x7D,0xEF,0x5D,0xEF,0xDF,0xF7,0x73,0x6B,
  0xF0,0x39,0x1F,0xDF,0x9D,0xEF,0x9F,0xF7,0xB6,0x73,0x51,0x21,0xB3,0x29,0x92,0x29,0x92,0x31,0x92,0x31,0x92,0x29,0x91,0x31,
  0x92,0x31,0x92,0x29,0x91,0x29,0x92,0x29,0x93,0x29,0x72,0x29,0xB1,0x31,0xBB,0xB5,0xDF,0xFF,0x7C,0xEF,0x9D,0xF7,0x7D,0xEF,
  0x7E,0xF7,0x7E,0xEF,0x7E,0xEF,0x7E,0xF7,0x7E,0xEF,0x9E,0xEF,0xDA,0xFE,0xE8,0xD9,0xA3,0xE8,0xE4,0xE8,0xC4,0xE8,0xC4,0xE8,
  0xC4,0xE8,0xC4,0xE8,0xC4,0xE8,0xC4,0xE8,0xC4,0xE8,0xC4,0xE8,0xC4,0xE8,0xC4,0xE8,0xC4,0xE8,0xC4,0xE8,0xC4,0xE8,0xC4,0xE8,
  0xC4,0xE8,0xC4,0xE8,0xC4,0xE8,0xC4,0xE8,0xC4,0xE8,0xC4,0xE8,0xC4,0xE8,0xC4,0xE8,0xE4,0xF0,0xE4,0xD8,0x72,0xF4,0x9E,0xFF,
  0x7D,0xE7,0x7D,0xF7,0x7D,0xF7,0x9D,0xEF,0x7D,0xF7,0x9E,0xEF,0x7D,0xF7,0x7D,0xF7,0x7D,0xEF,0x7D,0xEF,0x7D,0xEF,0x7D,0xEF,
  0x7D,0xEF,0x7D,0xEF,0x7D,0xEF,0x7D,0xEF,0x7D,0xEF,0x9D,0xEF,0x7D,0xF7,0x9D,0xEF,0x7D,0xEF,0x7E,0xF7,0x7D,0xF7,0x7D,0xF7,
  0x7D,0xEF,0x7D,0xFF,0xCC,0xE2,0x63,0xE8,0xE5,0xF0,0xC4,0xE8,0xC4,0xE8,0xC4,0xE8,0xC4,0xE8,0xC4,0xE8,0xC4,0xE8,0xC4,0xF0,
  0xC4,0xE8,0xC4,0xE8,0xC4,0xE8,0xC4,0xE8,0xC4,0xE8,0xC4,0xE8,0xC4,0xE8,0xC4,0xE8,0xC4,0xE8,0xC4,0xE8,0xC4,0xE8,0xC4,0xE8,
  0xC4,0xE8,0xC4,0xE8,0xC4,0xE8,0xE4,0xF0,0xC4,0xD0,0xD3,0xEC,0xBF,0xFF,0x7E,0xEF,0x7E,0xEF,0x7D,0xEF,0x9D,0xEF,0x7E,0xEF,
  0x5E,0xEF,0x9E,0xF7,0x7C,0xEF,0x9D,0xF7,0x3E,0xE7,0xF3,0x5A,0x30,0x21,0x93,0x31,0x72,0x29,0x92,0x29,0x92,0x29,0x92,0x29,
  0x91,0x29,0x92,0x29,0x92,0x29,0x92,0x29,0x91,0x29,0x92,0x29,0x73,0x29,0xF1,0x39,0xBD,0xD6,0xBD,0xF7,0xBF,0xF7,0xB5,0x73,
  0xAF,0x39,0xBE,0xD6,0xDE,0xF7,0x7D,0xEF,0x9E,0xF7,0x9D,0xEF,0x9D,0xEF,0x7E,0xEF,0x7E,0xF7,0x7D,0xF7,0x7D,0xEF,0x7D,0xEF,
  0x7D,0xEF,0x7D,0xEF,0x7D,0xEF,0x7D,0xEF,0x7D,0xEF,0x7D,0xEF,0x7D,0xEF,0x7D,0xEF,0x7D,0xEF,0x7D,0xEF,0x7D,0xEF,0x7D,0xEF,
  0x7D,0xEF,0x7D,0xEF,0x7D,0xEF,0x7D,0xEF,0x7D,0xEF,0x7D,0xEF,0x7D,0xEF,0x7D,0xEF,0x7D,0xEF,0x7D,0xEF,0x7D,0xEF,0x7D,0xEF,
  0x7D,0xEF,0x7D,0xEF,0x7D,0xEF,0x7D,0xEF,0x7D,0xEF,0x7D,0xEF,0x7D,0xEF,0x7D,0xEF,0x7D,0xEF,0x7D,0xEF,0x7D,0xEF,0x7D,0xEF,
  0x7D,0xEF,0x7D,0xEF,0x7D,0xEF,0x7D,0xEF,0x7D,0xEF,0x7D,0xEF,0x7D,0xEF,0x7D,0xEF,0x7D,0xEF,0x7D,0xEF,0x7D,0xEF,0x7D,0xEF,
  0x7D,0xEF,0x7D,0xEF,0x7D,0xEF,0x7D,0xEF,0x7D,0xEF,0x7D,0xEF,0x7D,0xEF,0x7D,0xEF,0x7D,0xEF,0x7D,0xEF,0x7D,0xEF,0x7D,0xEF,
  0x7D,0xEF,0x7D,0xEF,0x7D,0xEF,0x7D,0xEF,0x7D,0xEF,0x7D,0xEF,0x7D,0xEF,0x7D,0xEF,0x7D,0xEF,0x7D,0xEF,0x7D,0xEF,0x7D,0xEF,
  0x7D,0xEF,0x7D,0xEF,0x7D,0xEF,0x7D,0xEF,0x7E,0xEF,0x7D,0xEF,0x7E,0xEF,0x7D,0xEF,0x9E,0xF7,0x7D,0xEF,0xBE,0xF7,0x9D,0xD6,
  0x6F,0x31,0xD5,0x73,0xDF,0xF7,0xBE,0xF7,0x1E,0xDF,0x10,0x42,0x71,0x21,0x92,0x29,0x72,0x29,0x92,0x31,0x92,0x29,0x92,0x31,
  0x72,0x31,0x92,0x31,0x92,0x29,0x91,0x29,0xB2,0x31,0xB3,0x29,0x71,0x29,0xF0,0x39,0x7D,0xCE,0xDF,0xFF,0x5D,0xEF,0x7E,0xF7,
  0x7E,0xF7,0x7E,0xEF,0x7E,0xEF,0x7E,0xEF,0x7D,0xEF,0x9E,0xF7,0x39,0xF6,0x87,0xD9,0xA3,0xE8,0xC4,0xF0,0xC4,0xE8,0xC4,0xE8,
  0xC4,0xE8,0xC4,0xE8,0xC4,0xE8,0xC4,0xE8,0xC4,0xE8,0xC4,0xE8,0xC4,0xE8,0xC4,0xE8,0xC4,0xE8,0xC4,0xE8,0xC4,0xE8,0xC4,0xE8,
  0xC4,0xE8,0xC4,0xE8,0xC4,0xE8,0xC4,0xE8,0xC4,0xE8,0xC4,0xE8,0xC4,0xE8,0xC4,0xE8,0xE4,0xF0,0x04,0xC9,0x55,0xF5,0xBF,0xFF,
  0x9D,0xEF,0x7D,0xF7,0x7E,0xF7,0x7E,0xEF,0x7E,0xF7,0x7E,0xEF,0x7D,0xEF,0x7D,0xEF,0x7D,0xEF,0x7D,0xEF,0x7D,0xEF,0x7D,0xEF,
  0x7D,0xEF,0x7D,0xEF,0x7D,0xEF,0x7D,0xEF,0x7D,0xEF,0x7D,0xEF,0x7D,0xF7,0x9D,0xEF,0x9D,0xEF,0x7E,0xEF,0x7E,0xF7,0x7D,0xEF,
  0x7D,0xEF,0xDE,0xFF,0x8E,0xE3,0x62,0xE0,0xE4,0xE8,0xC4,0xE8,0xC4,0xF0,0xC4,0xE8,0xE4,0xE8,0xE4,0xE8,0xC4,0xE8,0xC4,0xE8,
  0xC4,0xE8,0xC4,0xE8,0xC4,0xE8,0xC4,0xE8,0xC4,0xE8,0xC4,0xE8,0xC4,0xE8,0xC4,0xE8,0xC4,0xE8,0xC4,0xE8,0xC4,0xE8,0xC4,0xF0,
  0xC4,0xE8,0xC4,0xE8,0xC4,0xF0,0xE4,0xF0,0xA3,0xD0,0x11,0xE4,0x9E,0xFF,0x7D,0xEF,0x7E,0xEF,0x7E,0xEF,0x7D,0xEF,0x7D,0xF7,
  0x7E,0xF7,0x7D,0xEF,0x9E,0xF7,0x9F,0xF7,0x95,0x73,0x30,0x21,0xB3,0x31,0x72,0x29,0x92,0x31,0x92,0x29,0x92,0x29,0x92,0x29,
  0x91,0x29,0x91,0x29,0xB2,0x31,0x92,0x29,0x93,0x31,0x73,0x29,0x31,0x21,0x3A,0xA5,0xDE,0xF7,0x9D,0xF7,0xFC,0xBD,0x4E,0x29,
  0x77,0x8C,0xFF,0xFF,0x7C,0xEF,0x9D,0xF7,0x7E,0xF7,0x7D,0xEF,0x7D,0xEF,0x7E,0xEF,0x7E,0xF7,0x7D,0xF7,0x7D,0xEF,0x7D,0xEF,
  0x7D,0xEF,0x7D,0xEF,0x7D,0xEF,0x7D,0xEF,0x7D,0xEF,0x7D,0xEF,0x7D,0xEF,0x7D,0xEF,0x7D,0xEF,0x7D,0xEF,0x7D,0xEF,0x7D,0xEF,
  0x7D,0xEF,0x7D,0xEF,0x7D,0xEF,0x7D,0xEF,0x7D,0xEF,0x7D,0xEF,0x7D,0xEF,0x7D,0xEF,0x7D,0xEF,0x7D,0xEF,0x7D,0xEF,0x7D,0xEF,
  0x7D,0xEF,0x7D,0xEF,0x7D,0xEF,0x7D,0xEF,0x7D,0xEF,0x7D,0xEF,0x7D,0xEF,0x7D,0xEF,0x7D,0xEF,0x7D,0xEF,0x7D,0xEF,0x7D,0xEF,
  0x7D,0xEF,0x7D,0xEF,0x7D,0xEF,0x7D,0xEF,0x7D,0xEF,0x7D,0xEF,0x7D,0xEF,0x7D,0xEF,0x7D,0xEF,0x7D,0xEF,0x7D,0xEF,0x7D,0xEF,
  0x7D,0xEF,0x7D,0xEF,0x7D,0xEF,0x7D,0xEF,0x7D,0xEF,0x7D,0xEF,0x7D,0xEF,0x7D,0xEF,0x7D,0xEF,0x7D,0xEF,0x7D,0xEF,0x7D,0xEF,
  0x7D,0xEF,0x7D,0xEF,0x7D,0xEF,0x7D,0xEF,0x7D,0xEF,0x7D,0xEF,0x7D,0xEF,0x7D,0xEF,0x7D,0xEF,0x7D,0xEF,0x7D,0xEF,0x7D,0xEF,
  0x7D,0xEF,0x7D,0xEF,0x7D,0xEF,0x7E,0xEF,0x7E,0xEF,0x7D,0xF7,0x7D,0xEF,0x7E,0xEF,0x7E,0xEF,0x9D,0xF7,0x7D,0xEF,0xBF,0xFF,
  0x19,0x9D,0x6D,0x29,0xBC,0xB5,0xBF,0xF7,0xBE,0xF7,0xBB,0xB5,0x70,0x29,0xB2,0x29,0x91,0x29,0x91,0x29,0x92,0x29,0x92,0x29,
  0x72,0x31,0x72,0x31,0x72,0x31,0x72,0x29,0x92,0x29,0x92,0x29,0x92,0x31,0x51,0x29,0x72,0x4A,0xBD,0xD6,0xBF,0xF7,0x7E,0xEF,
  0x9E,0xF7,0x9D,0xEF,0x9D,0xEF,0x9D,0xEF,0x7D,0xEF,0x9E,0xFF,0xD8,0xF5,0x46,0xD1,0xA3,0xE8,0xC4,0xF0,0xC4,0xF0,0xC4,0xE8,
  0xC4,0xF0,0xC4,0xE8,0xC4,0xE8,0xC4,0xE8,0xC4,0xE8,0xC4,0xE8,0xC4,0xE8,0xC4,0xE8,0xC4,0xE8,0xC4,0xE8,0xC4,0xE8,0xC4,0xE8,
  0xC4,0xE8,0xC4,0xE8,0xC4,0xE8,0xC4,0xE8,0xC4,0xE8,0xC4,0xE8,0xC4,0xE8,0xC4,0xE8,0xC4,0xF0,0x25,0xC9,0xF8,0xF5,0x7E,0xF7,
  0x7D,0xEF,0x7D,0xEF,0x7D,0xF7,0x9E,0xEF,0x7E,0xEF,0x7E,0xF7,0x9D,0xEF,0x7D,0xEF,0x7D,0xEF,0x7D,0xEF,0x7D,0xEF,0x7D,0xEF,
  0x7D,0xEF,0x7D,0xEF,0x7D,0xEF,0x7D,0xEF,0x7D,0xEF,0x9D,0xEF,0x7D,0xF7,0x7D,0xF7,0x9D,0xEF,0x7E,0xEF,0x7E,0xF7,0x7D,0xEF,
  0x9D,0xEF,0xDE,0xF7,0x10,0xEC,0xC3,0xE0,0xE5,0xE8,0xC4,0xE8,0xC4,0xF0,0xC4,0xE8,0xE4,0xE8,0xE4,0xE8,0xC4,0xE8,0xC4,0xE8,
  0xC4,0xE8,0xC4,0xE8,0xC4,0xE8,0xC4,0xE8,0xC4,0xE8,0xC4,0xE8,0xC4,0xE8,0xC4,0xE8,0xC4,0xE8,0xC4,0xE8,0xC4,0xE8,0xC4,0xF0,
  0xC4,0xE8,0xC4,0xE8,0xC4,0xE8,0xC4,0xF0,0xA4,0xD8,0x6F,0xE3,0x7D,0xFF,0x9D,0xEF,0x7D,0xEF,0x7E,0xEF,0x7D,0xEF,0x9D,0xEF,
  0x7D,0xEF,0x9D,0xEF,0xDF,0xF7,0x37,0x84,0x30,0x21,0xB2,0x31,0x72,0x29,0x92,0x31,0x91,0x31,0x91,0x29,0x92,0x29,0x92,0x29,
  0x92,0x29,0x92,0x29,0x92,0x29,0x92,0x29,0xB2,0x31,0x50,0x21,0x95,0x6B,0x9E,0xEF,0x9D,0xF7,0x3F,0xEF,0x71,0x4A,0xB2,0x4A,
  0x9F,0xEF,0x9D,0xF7,0x7D,0xEF,0x7E,0xF7,0x9D,0xF7,0x7E,0xF7,0x7E,0xEF,0x9D,0xEF,0x7D,0xF7,0x7E,0xF7,0x7D,0xEF,0x7D,0xEF,
  0x7D,0xEF,0x7D,0xEF,0x7D,0xEF,0x7D,0xEF,0x7D,0xEF,0x7D,0xEF,0x7D,0xEF,0x7D,0xEF,0x7D,0xEF,0x7D,0xEF,0x7D,0xEF,0x7D,0xEF,
  0x7D,0xEF,0x7D,0xEF,0x7D,0xEF,0x7D,0xEF,0x7D,0xEF,0x7D,0xEF,0x7D,0xEF,0x7D,0xEF,0x7D,0xEF,0x7D,0xEF,0x7D,0xEF,0x7D,0xEF,
  0x7D,0xEF,0x7D,0xEF,0x7D,0xEF,0x7D,0xEF,0x7D,0xEF,0x7D,0xEF,0x7D,0xEF,0x7D,0xEF,0x7D,0xEF,0x7D,0xEF,0x7D,0xEF,0x7D,0xEF,
  0x7D,0xEF,0x7D,0xEF,0x7D,0xEF,0x7D,0xEF,0x7D,0xEF,0x7D,0xEF,0x7D,0xEF,0x7D,0xEF,0x7D,0xEF,0x7D,0xEF,0x7D,0xEF,0x7D,0xEF,
  0x7D,0xEF,0x7D,0xEF,0x7D,0xEF,0x7D,0xEF,0x7D,0xEF,0x7D,0xEF,0x7D,0xEF,0x7D,0xEF,0x7D,0xEF,0x7D,0xEF,0x7D,0xEF,0x7D,0xEF,
  0x7D,0xEF,0x7D,0xEF,0x7D,0xEF,0x7D,0xEF,0x7D,0xEF,0x7D,0xEF,0x7D,0xEF,0x7D,0xEF,0x7D,0xEF,0x7D,0xEF,0x7D,0xEF,0x7D,0xEF,
  0x7D,0xEF,0x7D,0xEF,0x7D,0xEF,0x7E,0xEF,0x7D,0xEF,0x7D,0xEF,0x7D,0xEF,0x7E,0xEF,0x7D,0xEF,0x7D,0xEF,0x7D,0xEF,0x7D,0xEF,
  0x9F,0xEF,0xF3,0x5A,0x11,0x42,0x3F,0xE7,0x7D,0xEF,0xBF,0xFF,0xF6,0x7B,0x50,0x29,0x92,0x31,0x92,0x31,0x92,0x29,0x92,0x29,
  0x92,0x31,0x92,0x29,0x92,0x29,0x72,0x29,0x92,0x29,0x92,0x29,0x92,0x29,0x92,0x31,0x30,0x29,0xF3,0x5A,0x1E,0xE7,0xBE,0xF7,
  0x7D,0xEF,0x7D,0xEF,0x7D,0xEF,0x7D,0xEF,0x7E,0xEF,0xBF,0xFF,0x55,0xE5,0x04,0xC9,0xC4,0xE8,0xC4,0xE8,0xE4,0xE8,0xC4,0xF0,
  0xC4,0xE8,0xC4,0xF0,0xC4,0xE8,0xC4,0xE8,0xC4,0xE8,0xC4,0xE8,0xC4,0xE8,0xC4,0xE8,0xC4,0xE8,0xC4,0xE8,0xC4,0xE8,0xC4,0xE8,
  0xC4,0xF0,0xE4,0xE8,0xE4,0xE8,0xC4,0xE8,0xC4,0xE8,0xC4,0xE8,0xE4,0xE8,0xE4,0xE8,0xC3,0xE8,0xC7,0xC9,0x7A,0xF6,0x7D,0xFF,
  0x9D,0xEF,0x7D,0xEF,0x7E,0xEF,0x7D,0xF7,0x7D,0xF7,0x7D,0xF7,0x7E,0xEF,0x7E,0xEF,0x7D,0xEF,0x7D,0xEF,0x7D,0xEF,0x7D,0xEF,
  0x7D,0xEF,0x7D,0xEF,0x7D,0xEF,0x7D,0xEF,0x7D,0xEF,0x7D,0xEF,0x7D,0xF7,0x7D,0xEF,0x7D,0xEF,0x7D,0xEF,0x7D,0xEF,0x7D,0xEF,
  0x7D,0xEF,0xBE,0xF7,0x14,0xF5,0x05,0xD9,0xC4,0xF0,0xC4,0xE8,0xA4,0xE8,0xE4,0xE8,0xE4,0xE8,0xC4,0xE8,0xC4,0xE8,0xC4,0xE8,
  0xC4,0xE8,0xC4,0xE8,0xC4,0xE8,0xC4,0xE8,0xC4,0xE8,0xC4,0xE8,0xC4,0xE8,0xC4,0xE8,0xC4,0xE8,0xC4,0xE8,0xC4,0xE8,0xC4,0xE8,
  0xC4,0xF0,0xE4,0xE8,0xE4,0xE8,0xE5,0xF0,0xC3,0xD8,0x0C,0xEB,0x5D,0xFF,0x7D,0xEF,0x9D,0xF7,0x7D,0xEF,0x9E,0xEF,0x7D,0xEF,
  0x9D,0xF7,0xBF,0xF7,0x78,0x8C,0x50,0x21,0x93,0x31,0x92,0x29,0x92,0x29,0x92,0x31,0x91,0x29,0x92,0x29,0x92,0x29,0x92,0x29,
  0x92,0x29,0x92,0x29,0x92,0x29,0x92,0x31,0x51,0x29,0x32,0x42,0xDD,0xDE,0x9C,0xEF,0xDF,0xF7,0x58,0x84,0x6E,0x29,0x7D,0xC6,
  0xBF,0xF7,0x7D,0xEF,0x9E,0xF7,0x7D,0xEF,0x7D,0xEF,0x7E,0xEF,0x7E,0xEF,0x7D,0xEF,0x7D,0xEF,0x7E,0xEF,0x7D,0xEF,0x7D,0xEF,
  0x7D,0xEF,0x7D,0xEF,0x7D,0xEF,0x7D,0xEF,0x7D,0xEF,0x7D,0xEF,0x7D,0xEF,0x7D,0xEF,0x7D,0xEF,0x7D,0xEF,0x7D,0xEF,0x7D,0xEF,
  0x7D,0xEF,0x7D,0xEF,0x7D,0xEF,0x7D,0xEF,0x7D,0xEF,0x7D,0xEF,0x7D,0xEF,0x7D,0xEF,0x7D,0xEF,0x7D,0xEF,0x7D,0xEF,0x7D,0xEF,
  0x7D,0xEF,0x7D,0xEF,0x7D,0xEF,0x7D,0xEF,0x7D,0xEF,0x7D,0xEF,0x7D,0xEF,0x7D,0xEF,0x7D,0xEF,0x7D,0xEF,0x7D,0xEF,0x7D,0xEF,
  0x7D,0xEF,0x7D,0xEF,0x7D,0xEF,0x7D,0xEF,0x7D,0xEF,0x7D,0xEF,0x7D,0xEF,0x7D,0xEF,0x7D,0xEF,0x7D,0xEF,0x7D,0xEF,0x7D,0xEF,
  0x7D,0xEF,0x7D,0xEF,0x7D,0xEF,0x7D,0xEF,0x7D,0xEF,0x7D,0xEF,0x7D,0xEF,0x7D,0xEF,0x7D,0xEF,0x7D,0xEF,0x7D,0xEF,0x7D,0xEF,
  0x7D,0xEF,0x7D,0xEF,0x7D,0xEF,0x7D,0xEF,0x7D,0xEF,0x7D,0xEF,0x7D,0xEF,0x7D,0xEF,0x7D,0xEF,0x7D,0xEF,0x7D,0xEF,0x7D,0xEF,
  0x7D,0xEF,0x7D,0xEF,0x7D,0xEF,0x7D,0xEF,0x7D,0xEF,0x7D,0xEF,0x7D,0xEF,0x7D,0xEF,0x7D,0xEF,0x7D,0xEF,0x7D,0xEF,0x7D,0xEF,
  0x9E,0xF7,0x9E,0xD6,0xAF,0x31,0x75,0x6B,0xBF,0xF7,0x9D,0xF7,0x1F,0xE7,0xB2,0x52,0x50,0x29,0xB3,0x31,0x92,0x29,0x92,0x29,
  0x72,0x29,0x72,0x29,0x92,0x29,0x92,0x29,0x92,0x29,0x92,0x29,0x92,0x29,0x91,0x29,0xB2,0x31,0x30,0x21,0x13,0x63,0x3E,0xE7,
  0xBE,0xF7,0x3C,0xEF,0x9E,0xF7,0x7E,0xF7,0x7E,0xEF,0xBF,0xFF,0xD3,0xE4,0xC4,0xC8,0xE4,0xF0,0xC4,0xE8,0xE4,0xE8,0xC4,0xF0,
  0xC4,0xE8,0xC4,0xF0,0xC4,0xE8,0xC4,0xE8,0xC4,0xE8,0xC4,0xE8,0xC4,0xE8,0xC4,0xE8,0xC4,0xE8,0xC4,0xE8,0xC4,0xE8,0xC4,0xE8,
  0xC4,0xF0,0xC4,0xE8,0xC4,0xE8,0xC4,0xF0,0xC4,0xE8,0xE4,0xE8,0xE4,0xE8,0xE4,0xE8,0xA3,0xE8,0x6A,0xD2,0x1C,0xFF,0x9D,0xF7,
  0x9E,0xEF,0x7E,0xEF,0x9E,0xF7,0x7D,0xEF,0x9D,0xEF,0x7D,0xF7,0x7D,0xEF,0x7D,0xEF,0x7D,0xEF,0x7D,0xEF,0x7D,0xEF,0x7D,0xEF,
  0x7D,0xEF,0x7D,0xEF,0x7D,0xEF,0x7D,0xEF,0x7D,0xEF,0x7D,0xEF,0x7D,0xEF,0x7D,0xEF,0x7D,0xEF,0x7D,0xEF,0x7D,0xEF,0x7D,0xEF,
  0x7D,0xEF,0xBE,0xF7,0xD7,0xFD,0x26,0xD1,0xC4,0xF0,0xE4,0xE8,0xC4,0xE8,0xE4,0xE8,0xE4,0xE8,0xC4,0xF0,0xC4,0xE8,0xC4,0xE8,
  0xC4,0xE8,0xC4,0xE8,0xC4,0xE8,0xC4,0xE8,0xC4,0xE8,0xC4,0xE8,0xC4,0xE8,0xC4,0xE8,0xC4,0xE8,0xC4,0xF0,0xC4,0xE8,0xC4,0xE8,
  0xC4,0xF0,0xE4,0xE8,0xE4,0xE8,0xE5,0xF0,0xC3,0xE0,0x8A,0xE2,0x3D,0xFF,0x7E,0xEF,0x7E,0xF7,0x7E,0xEF,0x9D,0xF7,0x9D,0xEF,
  0xBF,0xF7,0x77,0x8C,0x4F,0x29,0x92,0x29,0x92,0x29,0x92,0x29,0x92,0x29,0x92,0x29,0x92,0x29,0x92,0x29,0x92,0x29,0x92,0x29,
  0x92,0x29,0x92,0x29,0x72,0x29,0xB2,0x31,0x6F,0x29,0xDC,0xBD,0xBF,0xF7,0xBF,0xF7,0xDC,0xB5,0x4D,0x21,0xB7,0x94,0xFF,0xFF,
  0x7D,0xEF,0x7D,0xEF,0x7D,0xEF,0x7D,0xEF,0x7D,0xEF,0x7D,0xEF,0x7D,0xEF,0x7D,0xEF,0x7D,0xEF,0x7D,0xEF,0x7D,0xEF,0x7D,0xEF,
  0x7D,0xEF,0x7D,0xEF,0x7D,0xEF,0x7D,0xEF,0x7D,0xEF,0x7D,0xEF,0x7D,0xEF,0x7D,0xEF,0x7D,0xEF,0x7D,0xEF,0x7D,0xEF,0x7D,0xEF,
  0x7D,0xEF,0x7D,0xEF,0x7D,0xEF,0x7D,0xEF,0x7D,0xEF,0x7D,0xEF,0x7D,0xEF,0x7D,0xEF,0x7D,0xEF,0x7D,0xEF,0x7D,0xEF,0x7D,0xEF,
  0x7D,0xEF,0x7D,0xEF,0x7D,0xEF,0x7D,0xEF,0x7D,0xEF,0x7D,0xEF,0x7D,0xEF,0x7D,0xEF,0x7D,0xEF,0x7D,0xEF,0x7D,0xEF,0x7D,0xEF,
  0x7D,0xEF,0x7D,0xEF,0x7D,0xEF,0x7D,0xEF,0x7D,0xEF,0x7D,0xEF,0x7D,0xEF,0x7D,0xEF,0x7D,0xEF,0x7D,0xEF,0x7D,0xEF,0x7D,0xEF,
  0x7D,0xEF,0x7D,0xEF,0x7D,0xEF,0x7D,0xEF,0x7D,0xEF,0x7D,0xEF,0x7D,0xEF,0x7D,0xEF,0x7D,0xEF,0x7D,0xEF,0x7D,0xEF,0x7D,0xEF,
  0x7D,0xEF,0x7D,0xEF,0x7D,0xEF,0x7D,0xEF,0x7D,0xEF,0x7D,0xEF,0x7D,0xEF,0x7D,0xEF,0x7D,0xEF,0x7D,0xEF,0x7D,0xEF,0x7D,0xEF,
  0x7D,0xEF,0x7D,0xEF,0x7D,0xEF,0x7D,0xEF,0x7D,0xEF,0x7D,0xEF,0x7D,0xEF,0x7D,0xEF,0x7D,0xEF,0x7D,0xEF,0x7D,0xEF,0x7D,0xEF,
  0x7D,0xF7,0xFF,0xFF,0x1A,0x9D,0x0D,0x21,0x7A,0xAD,0xBE,0xF7,0xBE,0xF7,0x5C,0xCE,0xF1,0x39,0x52,0x21,0x92,0x29,0x92,0x31,
  0x92,0x29,0x92,0x31,0x92,0x31,0x92,0x29,0x92,0x29,0x92,0x29,0x92,0x29,0x72,0x29,0xB3,0x31,0xB2,0x29,0x2F,0x21,0x34,0x63,
  0x1E,0xE7,0xDE,0xFF,0x5C,0xEF,0x9E,0xF7,0x7E,0xEF,0x9E,0xFF,0x11,0xE4,0xA4,0xD0,0xE4,0xF0,0xC4,0xE8,0xC4,0xE8,0xC4,0xE8,
  0xC4,0xE8,0xC4,0xE8,0xC4,0xE8,0xC4,0xE8,0xC4,0xE8,0xC4,0xE8,0xC4,0xE8,0xC4,0xE8,0xC4,0xE8,0xC4,0xE8,0xC4,0xE8,0xC4,0xE8,
  0xC4,0xE8,0xC4,0xE8,0xC4,0xF0,0xC4,0xF0,0xC4,0xE8,0xE4,0xE8,0xC4,0xE8,0xE5,0xF0,0x83,0xE8,0xEC,0xDA,0x9D,0xFF,0x7D,0xEF,
  0x7D,0xEF,0x7D,0xEF,0x7E,0xF7,0x9D,0xEF,0x9D,0xEF,0x7D,0xF7,0x9D,0xEF,0x7D,0xEF,0x7D,0xEF,0x7D,0xEF,0x7D,0xEF,0x7D,0xEF,
  0x7D,0xEF,0x7D,0xEF,0x7D,0xEF,0x7D,0xEF,0x7D,0xEF,0x7D,0xEF,0x7D,0xEF,0x7D,0xEF,0x7D,0xEF,0x7D,0xEF,0x7D,0xEF,0x7D,0xEF,
  0x7D,0xEF,0x9E,0xF7,0x9A,0xFE,0x87,0xC9,0xC4,0xE8,0xE4,0xE8,0xC4,0xE8,0xC4,0xE8,0xC4,0xE8,0xC4,0xE8,0xC4,0xE8,0xC4,0xE8,
  0xC4,0xE8,0xC4,0xE8,0xC4,0xE8,0xC4,0xE8,0xC4,0xE8,0xC4,0xE8,0xC4,0xE8,0xC4,0xE8,0xC4,0xE8,0xC4,0xF0,0xC4,0xE8,0xC4,0xE8,
  0xC4,0xF0,0xC4,0xE8,0xE4,0xE8,0xC5,0xE8,0xC4,0xE8,0xC7,0xD9,0xFC,0xFE,0xBE,0xF7,0x7E,0xEF,0x7D,0xF7,0x5C,0xEF,0xBF,0xF7,
  0x78,0x8C,0x50,0x21,0xB2,0x29,0x92,0x29,0x92,0x29,0x92,0x29,0x92,0x29,0x92,0x29,0x92,0x29,0x92,0x29,0x92,0x29,0x92,0x29,
  0x92,0x29,0x92,0x29,0x93,0x29,0x30,0x21,0x98,0x94,0xBF,0xF7,0x9E,0xF7,0xDF,0xDE,0x31,0x42,0xD2,0x5A,0x9F,0xF7,0x7D,0xF7,
  0x7D,0xEF,0x9E,0xEF,0x7D,0xEF,0x7D,0xEF,0x7D,0xEF,0x7D,0xEF,0x7D,0xEF,0x7D,0xEF,0x7D,0xEF,0x7D,0xEF,0x7D,0xEF,0x7D,0xEF,
  0x7D,0xEF,0x7D,0xEF,0x7D,0xEF,0x7D,0xEF,0x7D,0xEF,0x7D,0xEF,0x7D,0xEF,0x7D,0xEF,0x7D,0xEF,0x7D,0xEF,0x7D,0xEF,0x7D,0xEF,
  0x7D,0xEF,0x7D,0xEF,0x7D,0xEF,0x7D,0xEF,0x7D,0xEF,0x7D,0xEF,0x7D,0xEF,0x7D,0xEF,0x7D,0xEF,0x7D,0xEF,0x7D,0xEF,0x7D,0xEF,
  0x7D,0xEF,0x7D,0xEF,0x7D,0xEF,0x7D,0xEF,0x7D,0xEF,0x7D,0xEF,0x7D,0xEF,0x7D,0xEF,0x7D,0xEF,0x7D,0xEF,0x7D,0xEF,0x7D,0xEF,
  0x7D,0xEF,0x7D,0xEF,0x7D,0xEF,0x7D,0xEF,0x7D,0xEF,0x7D,0xEF,0x7D,0xEF,0x7D,0xEF,0x7D,0xEF,0x7D,0xEF,0x7D,0xEF,0x7D,0xEF,
  0x7D,0xEF,0x7D,0xEF,0x7D,0xEF,0x7D,0xEF,0x7D,0xEF,0x7D,0xEF,0x7D,0xEF,0x7D,0xEF,0x7D,0xEF,0x7D,0xEF,0x7D,0xEF,0x7D,0xEF,
  0x7D,0xEF,0x7D,0xEF,0x7D,0xEF,0x7D,0xEF,0x7D,0xEF,0x7D,0xEF,0x7D,0xEF,0x7D,0xEF,0x7D,0xEF,0x7D,0xEF,0x7D,0xEF,0x7D,0xEF,
  0x7D,0xEF,0x7D,0xEF,0x7D,0xEF,0x7D,0xEF,0x7D,0xEF,0x7D,0xEF,0x7D,0xEF,0x7D,0xEF,0x7D,0xEF,0x7D,0xEF,0x7D,0xEF,0x7D,0xEF,
  0x7E,0xF7,0x7E,0xEF,0xBF,0xF7,0x95,0x6B,0x6E,0x29,0x9D,0xD6,0x9E,0xF7,0xBF,0xF7,0x5A,0xAD,0x70,0x29,0x71,0x29,0x92,0x29,
  0x92,0x29,0x72,0x29,0x92,0x29,0x92,0x29,0x92,0x29,0x92,0x29,0x92,0x29,0x93,0x31,0x52,0x29,0xB2,0x31,0xB2,0x31,0x10,0x21,
  0xF3,0x62,0x1E,0xE7,0xDE,0xFF,0x7D,0xEF,0x7E,0xEF,0x7D,0xFF,0x4E,0xEB,0xA4,0xD8,0x04,0xF1,0xE4,0xE8,0xC4,0xE8,0xC4,0xE8,
  0xC4,0xE8,0xC4,0xE8,0xC4,0xE8,0xC4,0xE8,0xC4,0xE8,0xC4,0xE8,0xC4,0xE8,0xC4,0xE8,0xC4,0xE8,0xC4,0xE8,0xC4,0xE8,0xC4,0xE8,
  0xC4,0xE8,0xC4,0xE8,0xC4,0xE8,0xC4,0xE8,0xC4,0xE8,0xE4,0xE8,0xC4,0xE8,0xE5,0xF0,0x83,0xE0,0xCF,0xE3,0xDF,0xF7,0x7D,0xEF,
  0x7D,0xEF,0x7D,0xF7,0x7D,0xF7,0x9D,0xEF,0x7E,0xEF,0x7D,0xF7,0x7D,0xEF,0x7D,0xEF,0x7D,0xEF,0x7D,0xEF,0x7D,0xEF,0x7D,0xEF,
  0x7D,0xEF,0x7D,0xEF,0x7D,0xEF,0x7D,0xEF,0x7D,0xEF,0x7D,0xEF,0x7D,0xEF,0x7D,0xEF,0x7D,0xEF,0x7D,0xEF,0x7D,0xEF,0x7D,0xEF,
  0x7D,0xEF,0x7E,0xF7,0x1C,0xFF,0x4A,0xD2,0xA4,0xE0,0xE4,0xE8,0xC4,0xE8,0xC4,0xE8,0xC4,0xF0,0xC4,0xE8,0xC4,0xE8,0xC4,0xE8,
  0xC4,0xE8,0xC4,0xE8,0xC4,0xE8,0xC4,0xE8,0xC4,0xE8,0xC4,0xE8,0xC4,0xE8,0xC4,0xE8,0xC4,0xE8,0xC4,0xF0,0xC4,0xF0,0xE4,0xE8,
  0xC4,0xE8,0xC4,0xF0,0xC4,0xF0,0xE4,0xE8,0xC4,0xE8,0x46,0xD9,0x9A,0xFE,0x9D,0xF7,0x7D,0xEF,0x7D,0xF7,0xBF,0xFF,0x77,0x8C,
  0x4F,0x21,0x92,0x29,0x92,0x29,0x92,0x29,0x92,0x29,0x92,0x29,0x92,0x29,0x92,0x29,0x92,0x29,0x92,0x29,0x92,0x29,0x92,0x29,
  0x92,0x29,0xB2,0x31,0x30,0x21,0x55,0x63,0x9F,0xF7,0x9D,0xEF,0x7F,0xEF,0x54,0x6B,0xAE,0x31,0xBD,0xD6,0xBE,0xF7,0x3C,0xEF,
  0x9E,0xF7,0x7D,0xEF,0x7D,0xEF,0x7D,0xEF,0x7D,0xEF,0x7D,0xEF,0x7D,0xEF,0x7D,0xEF,0x7D,0xEF,0x7D,0xEF,0x7D,0xEF,0x7D,0xEF,
  0x7D,0xEF,0x7D,0xEF,0x7D,0xEF,0x7D,0xEF,0x7D,0xEF,0x7D,0xEF,0x7D,0xEF,0x7D,0xEF,0x7D,0xEF,0x7D,0xEF,0x7D,0xEF,0x7D,0xEF,
  0x7D,0xEF,0x7D,0xEF,0x7D,0xEF,0x7D,0xEF,0x7D,0xEF,0x7D,0xEF,0x7D,0xEF,0x7D,0xEF,0x7D,0xEF,0x7D,0xEF,0x7D,0xEF,0x7D,0xEF,
  0x7D,0xEF,0x7D,0xEF,0x7D,0xEF,0x7D,0xEF,0x7D,0xEF,0x7D,0xEF,0x7D,0xEF,0x7D,0xEF,0x7D,0xEF,0x7D,0xEF,0x7D,0xEF,0x7D,0xEF,
  0x7D,0xEF,0x7D,0xEF,0x7D,0xEF,0x7D,0xEF,0x7D,0xEF,0x7D,0xEF,0x7D,0xEF,0x7D,0xEF,0x7D,0xEF,0x7D,0xEF,0x7D,0xEF,0x7D,0xEF,
  0x7D,0xEF,0x7D,0xEF,0x7D,0xEF,0x7D,0xEF,0x7D,0xEF,0x7D,0xEF,0x7D,0xEF,0x7D,0xEF,0x7D,0xEF,0x7D,0xEF,0x7D,0xEF,0x7D,0xEF,
  0x7D,0xEF,0x7D,0xEF,0x7D,0xEF,0x7D,0xEF,0x7D,0xEF,0x7D,0xEF,0x7D,0xEF,0x7D,0xEF,0x7D,0xEF,0x7D,0xEF,0x7D,0xEF,0x7D,0xEF,
  0x7D,0xEF,0x7D,0xEF,0x7D,0xEF,0x7D,0xEF,0x7D,0xEF,0x7D,0xEF,0x7D,0xEF,0x7D,0xEF,0x7D,0xEF,0x7D,0xEF,0x7D,0xEF,0x7D,0xEF,
  0x9E,0xEF,0x7E,0xEF,0x9D,0xEF,0x3E,0xDF,0x32,0x42,0x73,0x52,0x3E,0xE7,0x7D,0xEF,0xBF,0xFF,0x77,0x8C,0x51,0x29,0x92,0x29,
  0x92,0x29,0x72,0x29,0x92,0x29,0x92,0x29,0x92,0x29,0x92,0x29,0x92,0x29,0x91,0x31,0x72,0x31,0x72,0x29,0x92,0x29,0xB2,0x29,
  0x31,0x21,0x93,0x52,0xBE,0xD6,0xBF,0xFF,0x7D,0xEF,0x3C,0xFF,0xCC,0xE2,0x83,0xE0,0xC3,0xE8,0xE4,0xE8,0xC4,0xE8,0xE4,0xE8,
  0xC4,0xE8,0xC4,0xE8,0xC4,0xE8,0xC4,0xE8,0xC4,0xE8,0xC4,0xE8,0xC4,0xE8,0xC4,0xE8,0xC4,0xE8,0xC4,0xE8,0xC4,0xE8,0xC4,0xE8,
  0xC4,0xE8,0xE4,0xE8,0xC4,0xE8,0xC4,0xE8,0xE4,0xE8,0xC4,0xE8,0xC4,0xE8,0xC5,0xE8,0xE4,0xD8,0x92,0xF4,0xBF,0xF7,0x7D,0xEF,
  0x7D,0xEF,0x9D,0xF7,0x7D,0xEF,0x9E,0xEF,0x7E,0xF7,0x7D,0xF7,0x9D,0xEF,0x9D,0xEF,0x7D,0xEF,0x7D,0xEF,0x7D,0xEF,0x7D,0xEF,
  0x7D,0xEF,0x7D,0xEF,0x7D,0xEF,0x7D,0xEF,0x7D,0xEF,0x7D,0xEF,0x7D,0xEF,0x7D,0xEF,0x7D,0xEF,0x7D,0xEF,0x7D,0xEF,0x7D,0xEF,
  0x7D,0xEF,0x7D,0xF7,0x3C,0xFF,0x0D,0xDB,0x84,0xE0,0xE4,0xE8,0xC4,0xE8,0xC4,0xF0,0xC4,0xF0,0xC4,0xE8,0xC4,0xE8,0xC4,0xE8,
  0xC4,0xE8,0xC4,0xE8,0xC4,0xE8,0xC4,0xE8,0xC4,0xE8,0xC4,0xE8,0xC4,0xE8,0xC4,0xE8,0xC4,0xE8,0xC4,0xE8,0xC4,0xF0,0xC4,0xE8,
  0xC4,0xE8,0xC4,0xF0,0xA4,0xE8,0xE4,0xF0,0xC3,0xE8,0x25,0xD9,0x39,0xF6,0x7E,0xF7,0x9E,0xF7,0x7F,0xEF,0x16,0x84,0x70,0x29,
  0x92,0x29,0x92,0x29,0x91,0x29,0x91,0x31,0x92,0x31,0x92,0x29,0x92,0x29,0x92,0x29,0x92,0x29,0x92,0x29,0x92,0x29,0x92,0x29,
  0xB2,0x31,0x51,0x21,0x92,0x52,0x1E,0xE7,0x9D,0xF7,0xBF,0xF7,0x98,0x94,0x2D,0x21,0x7A,0xAD,0xDF,0xFF,0x7C,0xEF,0x9D,0xF7,
  0x7D,0xEF,0x7D,0xEF,0x7D,0xEF,0x7D,0xEF,0x7D,0xEF,0x7D,0xEF,0x7D,0xEF,0x7D,0xEF,0x7D,0xEF,0x7D,0xEF,0x7D,0xEF,0x7D,0xEF,
  0x7D,0xEF,0x7D,0xEF,0x7D,0xEF,0x7D,0xEF,0x7D,0xEF,0x7D,0xEF,0x7D,0xEF,0x7D,0xEF,0x7D,0xEF,0x7D,0xEF,0x7D,0xEF,0x7D,0xEF,
  0x7D,0xEF,0x7D,0xEF,0x7D,0xEF,0x7D,0xEF,0x7D,0xEF,0x7D,0xEF,0x7D,0xEF,0x7D,0xEF,0x7D,0xEF,0x7D,0xEF,0x7D,0xEF,0x7D,0xEF,
  0x7D,0xEF,0x7D,0xEF,0x7D,0xEF,0x7D,0xEF,0x7D,0xEF,0x7D,0xEF,0x7D,0xEF,0x7D,0xEF,0x7D,0xEF,0x7D,0xEF,0x7D,0xEF,0x7D,0xEF,
  0x7D,0xEF,0x7D,0xEF,0x7D,0xEF,0x7D,0xEF,0x7D,0xEF,0x7D,0xEF,0x7D,0xEF,0x7D,0xEF,0x7D,0xEF,0x7D,0xEF,0x7D,0xEF,0x7D,0xEF,
  0x7D,0xEF,0x7D,0xEF,0x7D,0xEF,0x7D,0xEF,0x7D,0xEF,0x7D,0xEF,0x7D,0xEF,0x7D,0xEF,0x7D,0xEF,0x7D,0xEF,0x7D,0xEF,0x7D,0xEF,
  0x7D,0xEF,0x7D,0xEF,0x7D,0xEF,0x7D,0xEF,0x7D,0xEF,0x7D,0xEF,0x7D,0xEF,0x7D,0xEF,0x7D,0xEF,0x7D,0xEF,0x7D,0xEF,0x7D,0xEF,
  0x7D,0xEF,0x7D,0xEF,0x7D,0xEF,0x7D,0xEF,0x7D,0xEF,0x7D,0xEF,0x7D,0xEF,0x7D,0xEF,0x7D,0xEF,0x7D,0xEF,0x7D,0xEF,0x7D,0xEF,
  0x9D,0xF7,0x7E,0xEF,0x7D,0xEF,0xBD,0xF7,0x3C,0xC6,0x4F,0x29,0xD6,0x73,0xBF,0xF7,0x9D,0xF7,0x7F,0xEF,0x95,0x6B,0x30,0x21,
  0xB4,0x31,0x72,0x29,0xB2,0x29,0x92,0x29,0x92,0x29,0x92,0x29,0x92,0x31,0x91,0x31,0x92,0x31,0x92,0x29,0x91,0x29,0x92,0x29,
  0xB3,0x31,0x31,0x21,0x72,0x4A,0x3C,0xC6,0xFF,0xFF,0xFB,0xFE,0x0A,0xDA,0xA4,0xE0,0xE4,0xE8,0xC4,0xE8,0xC4,0xE8,0xE4,0xE8,
  0xC4,0xE8,0xC5,0xE8,0xC5,0xF0,0xC4,0xE8,0xC4,0xE8,0xC4,0xE8,0xC4,0xE8,0xC4,0xE8,0xC4,0xE8,0xC4,0xE8,0xC4,0xE8,0xC4,0xE8,
  0xC4,0xE8,0xE4,0xE8,0xC4,0xE8,0xC4,0xE8,0xE4,0xE8,0xA4,0xE8,0xE5,0xE8,0xE4,0xE8,0x05,0xD1,0x76,0xFD,0xBE,0xF7,0x7D,0xEF,
  0x7D,0xEF,0x7D,0xEF,0x7D,0xEF,0x7D,0xEF,0x7D,0xEF,0x7D,0xEF,0x7D,0xEF,0x7D,0xEF,0x7D,0xEF,0x7D,0xEF,0x7D,0xEF,0x7D,0xEF,
  0x7D,0xEF,0x7D,0xEF,0x7D,0xEF,0x7D,0xEF,0x7D,0xEF,0x7D,0xEF,0x7D,0xEF,0x7D,0xEF,0x7D,0xEF,0x7D,0xEF,0x7D,0xEF,0x7D,0xEF,
  0x7D,0xEF,0x7D,0xEF,0xBE,0xFF,0x11,0xE4,0x63,0xE0,0xE4,0xF0,0xC4,0xE8,0xC4,0xF0,0xE4,0xE8,0xE4,0xE8,0xC4,0xF0,0xC4,0xE8,
  0xC4,0xE8,0xC4,0xE8,0xC4,0xE8,0xC4,0xE8,0xC4,0xE8,0xC4,0xE8,0xC4,0xE8,0xC4,0xE8,0xC4,0xE8,0xE4,0xE8,0xC4,0xE8,0xA5,0xF0,
  0xE4,0xF0,0xC3,0xE8,0xE4,0xE8,0xE5,0xE0,0xE5,0xF0,0x05,0xD9,0x35,0xED,0xDE,0xFF,0x3E,0xE7,0x95,0x73,0x2F,0x21,0xB2,0x29,
  0xB2,0x29,0x92,0x29,0x92,0x29,0x72,0x31,0x92,0x31,0x92,0x29,0x92,0x29,0x92,0x31,0x72,0x31,0x92,0x29,0x92,0x29,0xB2,0x31,
  0x51,0x29,0x12,0x3A,0x5D,0xCE,0xBD,0xF7,0xFE,0xF7,0xFC,0xB5,0x4E,0x21,0xF5,0x7B,0xDF,0xFF,0x7D,0xEF,0x7D,0xEF,0x9E,0xF7,
  0x7E,0xEF,0x7D,0xEF,0x7D,0xEF,0x7D,0xEF,0x7D,0xEF,0x7D,0xEF,0x7D,0xEF,0x7D,0xEF,0x7D,0xEF,0x7D,0xEF,0x7D,0xEF,0x7D,0xEF,
  0x7D,0xEF,0x7D,0xEF,0x7D,0xEF,0x7D,0xEF,0x7D,0xEF,0x7D,0xEF,0x7D,0xEF,0x7D,0xEF,0x7D,0xEF,0x7D,0xEF,0x7D,0xEF,0x7D,0xEF,
  0x7D,0xEF,0x7D,0xEF,0x7D,0xEF,0x7D,0xEF,0x7D,0xEF,0x7D,0xEF,0x7D,0xEF,0x7D,0xEF,0x7D,0xEF,0x7D,0xEF,0x7D,0xEF,0x7D,0xEF,
  0x7D,0xEF,0x7D,0xEF,0x7D,0xEF,0x7D,0xEF,0x7D,0xEF,0x7D,0xEF,0x7D,0xEF,0x7D,0xEF,0x7D,0xEF,0x7D,0xEF,0x7D,0xEF,0x7D,0xEF,
  0x7D,0xEF,0x7D,0xEF,0x7D,0xEF,0x7D,0xEF,0x7D,0xEF,0x7D,0xEF,0x7D,0xEF,0x7D,0xEF,0x7D,0xEF,0x7D,0xEF,0x7D,0xEF,0x7D,0xEF,
  0x7D,0xEF,0x7D,0xEF,0x7D,0xEF,0x7D,0xEF,0x7D,0xEF,0x7D,0xEF,0x7D,0xEF,0x7D,0xEF,0x7D,0xEF,0x7D,0xEF,0x7D,0xEF,0x7D,0xEF,
  0x7D,0xEF,0x7D,0xEF,0x7D,0xEF,0x7D,0xEF,0x7D,0xEF,0x7D,0xEF,0x7D,0xEF,0x7D,0xEF,0x7D,0xEF,0x7D,0xEF,0x7D,0xEF,0x7D,0xEF,
  0x7D,0xEF,0x7D,0xEF,0x7D,0xEF,0x7D,0xEF,0x7D,0xEF,0x7D,0xEF,0x7D,0xEF,0x7D,0xEF,0x7D,0xEF,0x7D,0xEF,0x7D,0xEF,0x7E,0xEF,
  0x9E,0xF7,0x7D,0xF7,0x7D,0xEF,0x9D,0xEF,0xDF,0xF7,0x39,0xA5,0x2D,0x21,0xD9,0x9C,0xBF,0xF7,0x9E,0xEF,0x7F,0xE7,0xF3,0x5A,
  0x30,0x29,0xB3,0x31,0x72,0x29,0x92,0x29,0x92,0x29,0x91,0x29,0x91,0x31,0x92,0x29,0x92,0x29,0x92,0x29,0x91,0x29,0x91,0x29,
  0x92,0x29,0xB3,0x31,0x50,0x29,0xD0,0x39,0x7B,0xAD,0x7E,0xFF,0x0D,0xE3,0x42,0xD8,0xC4,0xF8,0xE5,0xF0,0xE5,0xE8,0xC4,0xE8,
  0xE4,0xF0,0xE3,0xE8,0xC3,0xE8,0xE4,0xE8,0xC4,0xE8,0xC4,0xE8,0xC4,0xE8,0xC4,0xE8,0xC4,0xE8,0xC4,0xE8,0xC4,0xE8,0xC4,0xE8,
  0xC4,0xE8,0xE4,0xE8,0xC4,0xE8,0xC4,0xE8,0xC4,0xE8,0xC4,0xF0,0xC4,0xE8,0xC4,0xE8,0x67,0xD1,0x59,0xFE,0x9E,0xF7,0x7D,0xEF,
  0x7D,0xEF,0x7D,0xEF,0x7D,0xEF,0x7D,0xEF,0x7D,0xEF,0x7D,0xEF,0x7D,0xEF,0x7D,0xEF,0x7D,0xEF,0x7D,0xEF,0x7D,0xEF,0x7D,0xEF,
  0x7D,0xEF,0x7D,0xEF,0x7D,0xEF,0x7D,0xEF,0x7D,0xEF,0x7D,0xEF,0x7D,0xEF,0x7D,0xEF,0x7D,0xEF,0x7D,0xEF,0x7D,0xEF,0x7D,0xEF,
  0x7D,0xEF,0x7D,0xEF,0xDE,0xFF,0xD3,0xEC,0xA4,0xD8,0xE4,0xF0,0xE4,0xE8,0xC4,0xF0,0xE4,0xE8,0xE4,0xE8,0xC4,0xF0,0xC4,0xE8,
  0xC4,0xE8,0xC4,0xE8,0xC4,0xE8,0xC4,0xE8,0xC4,0xE8,0xC4,0xE8,0xC4,0xE8,0xC4,0xE8,0xE4,0xE8,0xC4,0xE8,0xC4,0xF0,0xC4,0xE8,
  0xE4,0xE0,0xE4,0xE0,0xE5,0xE8,0xE5,0xE8,0x83,0xE8,0xE3,0xD0,0xF7,0xFD,0xDF,0xDE,0xF3,0x5A,0x2F,0x21,0x92,0x31,0x92,0x29,
  0x91,0x29,0x92,0x29,0x92,0x29,0x92,0x29,0x92,0x29,0x72,0x31,0x92,0x31,0x92,0x29,0x92,0x29,0x92,0x29,0xB3,0x31,0x71,0x29,
  0xD0,0x39,0xDB,0xB5,0xBE,0xF7,0xBE,0xF7,0x9E,0xCE,0xAF,0x31,0x13,0x63,0x7F,0xEF,0x9E,0xF7,0x5E,0xEF,0x9E,0xEF,0x7D,0xEF,
  0x7D,0xEF,0x7D,0xEF,0x7D,0xEF,0x7D,0xEF,0x7D,0xEF,0x7D,0xEF,0x7D,0xEF,0x7D,0xEF,0x7D,0xEF,0x7D,0xEF,0x7D,0xEF,0x7D,0xEF,
  0x7D,0xEF,0x7D,0xEF,0x7D,0xEF,0x7D,0xEF,0x7D,0xEF,0x7D,0xEF,0x7D,0xEF,0x7D,0xEF,0x7D,0xEF,0x7D,0xEF,0x7D,0xEF,0x7D,0xEF,
  0x7D,0xEF,0x7D,0xEF,0x7D,0xEF,0x7D,0xEF,0x7D,0xEF,0x7D,0xEF,0x7D,0xEF,0x7D,0xEF,0x7D,0xEF,0x7D,0xEF,0x7D,0xEF,0x7D,0xEF,
  0x7D,0xEF,0x7D,0xEF,0x7D,0xEF,0x7D,0xEF,0x7D,0xEF,0x7D,0xEF,0x7D,0xEF,0x7D,0xEF,0x7D,0xEF,0x7D,0xEF,0x7D,0xEF,0x7D,0xEF,
  0x7D,0xEF,0x7D,0xEF,0x7D,0xEF,0x7D,0xEF,0x7D,0xEF,0x7D,0xEF,0x7D,0xEF,0x7D,0xEF,0x7D,0xEF,0x7D,0xEF,0x7D,0xEF,0x7D,0xEF,
  0x7D,0xEF,0x7D,0xEF,0x7D,0xEF,0x7D,0xEF,0x7D,0xEF,0x7D,0xEF,0x7D,0xEF,0x7D,0xEF,0x7D,0xEF,0x7D,0xEF,0x7D,0xEF,0x7D,0xEF,
  0x7D,0xEF,0x7D,0xEF,0x7D,0xEF,0x7D,0xEF,0x7D,0xEF,0x7D,0xEF,0x7D,0xEF,0x7D,0xEF,0x7D,0xEF,0x7D,0xEF,0x7D,0xEF,0x7D,0xEF,
  0x7D,0xEF,0x7D,0xEF,0x7D,0xEF,0x7D,0xEF,0x7D,0xEF,0x7D,0xEF,0x7D,0xEF,0x7D,0xEF,0x7D,0xEF,0x7D,0xEF,0x7D,0xEF,0x7E,0xEF,
  0x5E,0xEF,0x7D,0xF7,0x7D,0xEF,0x7E,0xEF,0x9D,0xF7,0xBF,0xF7,0xF6,0x7B,0x2F,0x29,0xBB,0xB5,0xDE,0xF7,0x9E,0xEF,0xFE,0xDE,
  0x92,0x52,0x50,0x29,0xB2,0x31,0x91,0x29,0x91,0x29,0x92,0x29,0x92,0x29,0x92,0x29,0x92,0x29,0x92,0x29,0x92,0x31,0x92,0x31,
  0x92,0x29,0x92,0x29,0xB2,0x29,0x71,0x21,0x70,0x21,0x97,0x8C,0xFD,0xFE,0x71,0xF4,0x25,0xD1,0x83,0xE0,0xE4,0xF0,0xE4,0xE8,
  0xC4,0xE8,0xE4,0xF0,0xC4,0xF0,0xC4,0xE8,0xC4,0xE8,0xC4,0xE8,0xC4,0xE8,0xC4,0xE8,0xC4,0xE8,0xC4,0xE8,0xC4,0xE8,0xC4,0xE8,
  0xC4,0xE8,0xC4,0xE8,0xC4,0xE8,0xC4,0xE8,0xC4,0xE8,0xC4,0xF0,0xE4,0xE8,0xC4,0xE8,0x09,0xCA,0xFB,0xFE,0x9E,0xF7,0x7D,0xEF,
  0x7D,0xEF,0x7D,0xEF,0x7D,0xEF,0x7D,0xEF,0x7D,0xEF,0x7D,0xEF,0x7D,0xEF,0x7D,0xEF,0x7D,0xEF,0x7D,0xEF,0x7D,0xEF,0x7D,0xEF,
  0x7D,0xEF,0x7D,0xEF,0x7D,0xEF,0x7D,0xEF,0x7D,0xEF,0x7D,0xEF,0x7D,0xEF,0x7D,0xEF,0x7D,0xEF,0x7D,0xEF,0x7D,0xEF,0x7D,0xEF,
  0x7D,0xEF,0x7D,0xEF,0xDE,0xF7,0x96,0xF5,0x25,0xD9,0xC4,0xE8,0xE5,0xF0,0xC4,0xF0,0xC4,0xE8,0xE4,0xE8,0xC4,0xF0,0xC4,0xE8,
  0xC4,0xE8,0xC4,0xE8,0xC4,0xE8,0xC4,0xE8,0xC4,0xE8,0xC4,0xE8,0xC4,0xE8,0xC4,0xE8,0xC4,0xE8,0xC4,0xE8,0xE4,0xE8,0xA4,0xF0,
  0xC4,0xF0,0xE4,0xE8,0xC4,0xF0,0x82,0xE0,0x86,0xD9,0x56,0xFD,0xBB,0xC5,0x52,0x42,0x51,0x21,0xB2,0x31,0x92,0x29,0x92,0x29,
  0x92,0x29,0x92,0x31,0x92,0x29,0x92,0x29,0x92,0x29,0x72,0x31,0x92,0x31,0x91,0x29,0x91,0x29,0xB2,0x31,0x72,0x29,0x70,0x29,
  0x5A,0xAD,0xDF,0xFF,0x9D,0xEF,0x1E,0xE7,0x72,0x52,0x11,0x42,0xFE,0xDE,0xBE,0xF7,0x7C,0xEF,0x7E,0xF7,0x7E,0xEF,0x9D,0xEF,
  0x7D,0xEF,0x7D,0xEF,0x7D,0xEF,0x7D,0xEF,0x7D,0xEF,0x7D,0xEF,0x7D,0xEF,0x7D,0xEF,0x7D,0xEF,0x7D,0xEF,0x7D,0xEF,0x7D,0xEF,
  0x7D,0xEF,0x7D,0xEF,0x7D,0xEF,0x7D,0xEF,0x7D,0xEF,0x7D,0xEF,0x7D,0xEF,0x7D,0xEF,0x7D,0xEF,0x7D,0xEF,0x7D,0xEF,0x7D,0xEF,
  0x7D,0xEF,0x7D,0xEF,0x7D,0xEF,0x7D,0xEF,0x7D,0xEF,0x7D,0xEF,0x7D,0xEF,0x7D,0xEF,0x7D,0xEF,0x7D,0xEF,0x7D,0xEF,0x7D,0xEF,
  0x7D,0xEF,0x7D,0xEF,0x7D,0xEF,0x7D,0xEF,0x7D,0xEF,0x7D,0xEF,0x7D,0xEF,0x7D,0xEF,0x7D,0xEF,0x7D,0xEF,0x7D,0xEF,0x7D,0xEF,
  0x7D,0xEF,0x7D,0xEF,0x7D,0xEF,0x7D,0xEF,0x7D,0xEF,0x7D,0xEF,0x7D,0xEF,0x7D,0xEF,0x7D,0xEF,0x7D,0xEF,0x7D,0xEF,0x7D,0xEF,
  0x7D,0xEF,0x7D,0xEF,0x7D,0xEF,0x7D,0xEF,0x7D,0xEF,0x7D,0xEF,0x7D,0xEF,0x7D,0xEF,0x7D,0xEF,0x7D,0xEF,0x7D,0xEF,0x7D,0xEF,
  0x7D,0xEF,0x7D,0xEF,0x7D,0xEF,0x7D,0xEF,0x7D,0xEF,0x7D,0xEF,0x7D,0xEF,0x7D,0xEF,0x7D,0xEF,0x7D,0xEF,0x7D,0xEF,0x7D,0xEF,
  0x7D,0xEF,0x7D,0xEF,0x7D,0xEF,0x7D,0xEF,0x7D,0xEF,0x7D,0xEF,0x7D,0xEF,0x7D,0xEF,0x7D,0xEF,0x7D,0xEF,0x7D,0xEF,0x7D,0xEF,
  0x7D,0xEF,0x9E,0xF7,0x9E,0xF7,0x9E,0xF7,0x7D,0xEF,0x9D,0xF7,0x9F,0xEF,0x34,0x63,0x8E,0x29,0x3C,0xC6,0xBE,0xFF,0xBE,0xF7,
  0xDE,0xD6,0x51,0x42,0x51,0x29,0x92,0x31,0x92,0x29,0x92,0x29,0x91,0x29,0x92,0x29,0x92,0x29,0x92,0x29,0x72,0x29,0x92,0x29,
  0x91,0x29,0x91,0x29,0x91,0x29,0x92,0x29,0x92,0x29,0x30,0x21,0xB5,0x63,0x1E,0xDF,0x79,0xFE,0xCB,0xDA,0xA3,0xE0,0xA3,0xF0,
  0x05,0xF1,0xC5,0xE8,0xC4,0xE8,0xC4,0xE8,0xC4,0xE8,0xC4,0xE8,0xC4,0xE8,0xC4,0xE8,0xC4,0xE8,0xC4,0xE8,0xC4,0xE8,0xC4,0xE8,
  0xC4,0xE8,0xC4,0xF0,0xC4,0xE8,0xC4,0xE8,0xC4,0xE8,0xC4,0xF0,0xE4,0xE8,0xA4,0xE0,0x0C,0xDB,0x3C,0xFF,0x7D,0xF7,0x7D,0xEF,
  0x7D,0xEF,0x7D,0xEF,0x7D,0xEF,0x7D,0xEF,0x7D,0xEF,0x7D,0xEF,0x7D,0xEF,0x7D,0xEF,0x7D,0xEF,0x7D,0xEF,0x7D,0xEF,0x7D,0xEF,
  0x7D,0xEF,0x7D,0xEF,0x7D,0xEF,0x7D,0xEF,0x7D,0xEF,0x7D,0xEF,0x7D,0xEF,0x7D,0xEF,0x7D,0xEF,0x7D,0xEF,0x7D,0xEF,0x7D,0xEF,
  0x7D,0xEF,0x7D,0xEF,0xBE,0xEF,0x79,0xFE,0xA7,0xD9,0xC4,0xE0,0xE5,0xF0,0xC4,0xF0,0xC4,0xE8,0xE4,0xE8,0xC4,0xE8,0xC4,0xF0,
  0xC4,0xE8,0xC4,0xE8,0xC4,0xE8,0xC4,0xE8,0xC4,0xE8,0xC4,0xE8,0xC4,0xE8,0xC4,0xE8,0xC4,0xE8,0xC4,0xE8,0xC3,0xE8,0xE4,0xF0,
  0xE5,0xE8,0x84,0xE0,0xE5,0xD8,0xAF,0xEB,0xDC,0xFE,0x19,0x9D,0xD1,0x31,0x30,0x21,0xB2,0x31,0xB2,0x29,0x91,0x29,0xB2,0x31,
  0x92,0x29,0x91,0x29,0x92,0x29,0x92,0x29,0x92,0x29,0x92,0x29,0x92,0x29,0x92,0x31,0x92,0x31,0x71,0x29,0x90,0x31,0xF9,0x9C,
  0xDF,0xF7,0x7D,0xEF,0x9F,0xEF,0x13,0x5B,0x8E,0x31,0x5D,0xCE,0xDF,0xFF,0x5D,0xEF,0x9E,0xF7,0x7D,0xEF,0x9E,0xF7,0x9D,0xEF,
  0x7D,0xEF,0x7D,0xEF,0x7D,0xEF,0x7D,0xEF,0x7D,0xEF,0x7D,0xEF,0x7D,0xEF,0x7D,0xEF,0x7D,0xEF,0x7D,0xEF,0x7D,0xEF,0x7D,0xEF,
  0x7D,0xEF,0x7D,0xEF,0x7D,0xEF,0x7D,0xEF,0x7D,0xEF,0x7D,0xEF,0x7D,0xEF,0x7D,0xEF,0x7D,0xEF,0x7D,0xEF,0x7D,0xEF,0x7D,0xEF,
  0x7D,0xEF,0x7D,0xEF,0x7D,0xEF,0x7D,0xEF,0x7D,0xEF,0x7D,0xEF,0x7D,0xEF,0x7D,0xEF,0x7D,0xEF,0x7D,0xEF,0x7D,0xEF,0x7D,0xEF,
  0x7D,0xEF,0x7D,0xEF,0x7D,0xEF,0x7D,0xEF,0x7D,0xEF,0x7D,0xEF,0x7D,0xEF,0x7D,0xEF,0x7D,0xEF,0x7D,0xEF,0x7D,0xEF,0x7D,0xEF,
  0x7D,0xEF,0x7D,0xEF,0x7D,0xEF,0x7D,0xEF,0x7D,0xEF,0x7D,0xEF,0x7D,0xEF,0x7D,0xEF,0x7D,0xEF,0x7D,0xEF,0x7D,0xEF,0x7D,0xEF,
  0x7D,0xEF,0x7D,0xEF,0x7D,0xEF,0x7D,0xEF,0x7D,0xEF,0x7D,0xEF,0x7D,0xEF,0x7D,0xEF,0x7D,0xEF,0x7D,0xEF,0x7D,0xEF,0x7D,0xEF,
  0x7D,0xEF,0x7D,0xEF,0x7D,0xEF,0x7D,0xEF,0x7D,0xEF,0x7D,0xEF,0x7D,0xEF,0x7D,0xEF,0x7D,0xEF,0x7D,0xEF,0x7D,0xEF,0x7D,0xEF,
  0x7D,0xEF,0x7D,0xEF,0x7D,0xEF,0x7D,0xEF,0x7D,0xEF,0x7D,0xEF,0x7D,0xEF,0x7D,0xEF,0x7D,0xEF,0x7D,0xEF,0x7D,0xEF,0x7D,0xEF,
  0x9D,0xF7,0x7E,0xEF,0x7D,0xEF,0x7D,0xF7,0x7E,0xF7,0x5D,0xEF,0x9E,0xEF,0x3F,0xDF,0x93,0x4A,0xD0,0x39,0x9D,0xD6,0xBE,0xF7,
  0xBE,0xF7,0x3D,0xC6,0xF0,0x39,0x70,0x29,0x92,0x29,0x92,0x29,0x92,0x31,0x92,0x29,0x92,0x29,0x92,0x29,0x92,0x29,0x92,0x29,
  0x92,0x29,0x91,0x29,0x91,0x29,0x72,0x31,0x93,0x31,0xB3,0x29,0x30,0x21,0x51,0x42,0x1C,0xB6,0x9F,0xFF,0xB2,0xF4,0x45,0xD9,
  0xA3,0xE0,0xE4,0xE8,0xE4,0xE8,0xC4,0xE8,0xC4,0xE8,0xE5,0xF0,0xC4,0xF0,0xC4,0xF0,0xC4,0xE8,0xE4,0xE8,0xE4,0xE8,0xC4,0xE8,
  0xC4,0xE8,0xC4,0xF0,0xC4,0xE8,0xC4,0xE8,0xC4,0xE8,0xE4,0xE8,0xC4,0xE8,0x83,0xE0,0x10,0xEC,0x9E,0xFF,0x7D,0xEF,0x7D,0xEF,
  0x7D,0xEF,0x7D,0xEF,0x7D,0xEF,0x7D,0xEF,0x7D,0xEF,0x7D,0xEF,0x7D,0xEF,0x7D,0xEF,0x7D,0xEF,0x7D,0xEF,0x7D,0xEF,0x7D,0xEF,
  0x7D,0xEF,0x7D,0xEF,0x7D,0xEF,0x7D,0xEF,0x7D,0xEF,0x7D,0xEF,0x7D,0xEF,0x7D,0xEF,0x7D,0xEF,0x7D,0xEF,0x7D,0xEF,0x7D,0xEF,
  0x7D,0xEF,0x7D,0xEF,0x9E,0xEF,0x1C,0xFF,0x29,0xD2,0xA3,0xE0,0xC4,0xE8,0xC5,0xF0,0xC4,0xE8,0xC4,0xE8,0xC4,0xE8,0xC4,0xF0,
  0xC4,0xE8,0xC4,0xE8,0xC4,0xE8,0xC4,0xE8,0xC4,0xE8,0xE4,0xE8,0xE4,0xE8,0xC4,0xE8,0xC4,0xE8,0xE4,0xE8,0xE4,0xE8,0xA4,0xE8,
  0x83,0xE0,0x4A,0xE2,0xD7,0xFD,0x1E,0xE7,0xB5,0x6B,0x4F,0x21,0x71,0x29,0x92,0x31,0x92,0x31,0x72,0x29,0x92,0x29,0x92,0x29,
  0x92,0x29,0x91,0x29,0x91,0x29,0x92,0x29,0x92,0x29,0x92,0x29,0x92,0x29,0x92,0x29,0x72,0x31,0x50,0x29,0xF9,0x9C,0xBF,0xF7,
  0x9C,0xEF,0x9F,0xF7,0xB5,0x73,0x2E,0x21,0xBC,0xB5,0xDE,0xF7,0x7C,0xEF,0x7E,0xF7,0x7E,0xF7,0x7D,0xEF,0x9D,0xEF,0x9E,0xEF,
  0x9E,0xEF,0x7D,0xEF,0x7D,0xEF,0x7D,0xEF,0x7D,0xEF,0x7D,0xEF,0x7D,0xEF,0x7D,0xEF,0x7D,0xEF,0x7D,0xEF,0x7D,0xEF,0x7D,0xEF,
  0x7D,0xEF,0x7D,0xEF,0x7D,0xEF,0x7D,0xEF,0x7D,0xEF,0x7D,0xEF,0x7D,0xEF,0x7D,0xEF,0x7D,0xEF,0x7D,0xEF,0x7D,0xEF,0x7D,0xEF,
  0x7D,0xEF,0x7D,0xEF,0x7D,0xEF,0x7D,0xEF,0x7D,0xEF,0x7D,0xEF,0x7D,0xEF,0x7D,0xEF,0x7D,0xEF,0x7D,0xEF,0x7D,0xEF,0x7D,0xEF,
  0x7D,0xEF,0x7D,0xEF,0x7D,0xEF,0x7D,0xEF,0x7D,0xEF,0x7D,0xEF,0x7D,0xEF,0x7D,0xEF,0x7D,0xEF,0x7D,0xEF,0x7D,0xEF,0x7D,0xEF,
  0x7D,0xEF,0x7D,0xEF,0x7D,0xEF,0x7D,0xEF,0x7D,0xEF,0x7D,0xEF,0x7D,0xEF,0x7D,0xEF,0x7D,0xEF,0x7D,0xEF,0x7D,0xEF,0x7D,0xEF,
  0x7D,0xEF,0x7D,0xEF,0x7D,0xEF,0x7D,0xEF,0x7D,0xEF,0x7D,0xEF,0x7D,0xEF,0x7D,0xEF,0x7D,0xEF,0x7D,0xEF,0x7D,0xEF,0x7D,0xEF,
  0x7D,0xEF,0x7D,0xEF,0x7D,0xEF,0x7D,0xEF,0x7D,0xEF,0x7D,0xEF,0x7D,0xEF,0x7D,0xEF,0x7D,0xEF,0x7D,0xEF,0x7D,0xEF,0x7D,0xEF,
  0x7D,0xEF,0x7D,0xEF,0x7D,0xEF,0x7D,0xEF,0x7D,0xEF,0x7D,0xEF,0x7D,0xEF,0x7D,0xEF,0x7D,0xEF,0x7D,0xEF,0x7D,0xEF,0x7D,0xEF,
  0x7E,0xF7,0x7E,0xF7,0x7E,0xEF,0x7E,0xEF,0x7E,0xEF,0x7E,0xEF,0x7D,0xEF,0xDF,0xF7,0xBE,0xD6,0x31,0x42,0x32,0x42,0xDE,0xDE,
  0x9E,0xF7,0x9E,0xF7,0x3B,0xC6,0x11,0x42,0x51,0x21,0xB2,0x31,0x92,0x29,0x92,0x29,0x92,0x29,0x92,0x29,0x92,0x29,0x92,0x29,
  0x92,0x29,0x92,0x29,0x92,0x29,0x92,0x29,0x92,0x29,0x72,0x29,0x92,0x29,0x51,0x29,0x70,0x29,0x57,0x7C,0x7F,0xE7,0xBB,0xFE,
  0x0C,0xE3,0xC4,0xD8,0xA4,0xE8,0xE4,0xF0,0x03,0xE9,0xE4,0xE0,0xE5,0xE8,0xE5,0xF0,0xC4,0xF0,0xC4,0xE8,0xE4,0xE8,0xC4,0xE8,
  0xC4,0xE8,0xC4,0xE8,0xE4,0xE8,0xC4,0xF0,0xC4,0xE8,0xE5,0xE8,0xE4,0xF0,0x83,0xD8,0xF4,0xE4,0xDF,0xF7,0x7D,0xEF,0x7D,0xEF,
  0x7D,0xEF,0x7D,0xEF,0x7D,0xEF,0x7D,0xEF,0x7D,0xEF,0x7D,0xEF,0x7D,0xEF,0x7D,0xEF,0x7D,0xEF,0x7D,0xEF,0x7D,0xEF,0x7D,0xEF,
  0x7D,0xEF,0x7D,0xEF,0x7D,0xEF,0x7D,0xEF,0x7D,0xEF,0x7D,0xEF,0x7D,0xEF,0x7D,0xEF,0x7D,0xEF,0x7D,0xEF,0x7D,0xEF,0x7D,0xEF,
  0x7D,0xEF,0x7D,0xEF,0x7E,0xF7,0x7E,0xFF,0x0D,0xD3,0xA3,0xE0,0xE4,0xF0,0xC5,0xE8,0xC4,0xE8,0xE4,0xE8,0xC4,0xE8,0xC4,0xE8,
  0xC4,0xF0,0xC4,0xE8,0xE4,0xE8,0xE4,0xE8,0xC4,0xE8,0xC5,0xE8,0xE4,0xE8,0xE4,0xE8,0xE4,0xF0,0xC5,0xF0,0x84,0xE0,0x47,0xE1,
  0x71,0xF4,0x5D,0xFF,0xDB,0xB5,0x32,0x42,0x10,0x21,0x92,0x29,0x92,0x29,0x92,0x29,0x92,0x29,0x92,0x29,0x92,0x29,0x92,0x29,
  0x92,0x29,0x92,0x29,0x92,0x29,0x92,0x29,0x92,0x29,0x71,0x29,0xB1,0x29,0x72,0x29,0x71,0x29,0xD8,0x9C,0x9F,0xF7,0x5D,0xEF,
  0xDF,0xF7,0x57,0x84,0x0D,0x19,0x3A,0xA5,0xFF,0xF7,0x5D,0xEF,0x7E,0xF7,0x7D,0xF7,0x7D,0xF7,0x7E,0xF7,0x7E,0xEF,0x9D,0xEF,
  0x7D,0xEF,0x7D,0xEF,0x7D,0xEF,0x7D,0xEF,0x7D,0xEF,0x7D,0xEF,0x7D,0xEF,0x7D,0xEF,0x7D,0xEF,0x7D,0xEF,0x7D,0xEF,0x7D,0xEF,
  0x7D,0xEF,0x7D,0xEF,0x7D,0xEF,0x7D,0xEF,0x7D,0xEF,0x7D,0xEF,0x7D,0xEF,0x7D,0xEF,0x7D,0xEF,0x7D,0xEF,0x7D,0xEF,0x7D,0xEF,
  0x7D,0xEF,0x7D,0xEF,0x7D,0xEF,0x7D,0xEF,0x7D,0xEF,0x7D,0xEF,0x7D,0xEF,0x7D,0xEF,0x7D,0xEF,0x7D,0xEF,0x7D,0xEF,0x7D,0xEF,
  0x7D,0xEF,0x7D,0xEF,0x7D,0xEF,0x7D,0xEF,0x7D,0xEF,0x7D,0xEF,0x7D,0xEF,0x7D,0xEF,0x7D,0xEF,0x7D,0xEF,0x7D,0xEF,0x7D,0xEF,
  0x7D,0xEF,0x7D,0xEF,0x7D,0xEF,0x7D,0xEF,0x7D,0xEF,0x7D,0xEF,0x7D,0xEF,0x7D,0xEF,0x7D,0xEF,0x7D,0xEF,0x7D,0xEF,0x7D,0xEF,
  0x7D,0xEF,0x7D,0xEF,0x7D,0xEF,0x7D,0xEF,0x7D,0xEF,0x7D,0xEF,0x7D,0xEF,0x7D,0xEF,0x7D,0xEF,0x7D,0xEF,0x7D,0xEF,0x7D,0xEF,
  0x7D,0xEF,0x7D,0xEF,0x7D,0xEF,0x7D,0xEF,0x7D,0xEF,0x7D,0xEF,0x7D,0xEF,0x7D,0xEF,0x7D,0xEF,0x7D,0xEF,0x7D,0xEF,0x7D,0xEF,
  0x7D,0xEF,0x7D,0xEF,0x7D,0xEF,0x7D,0xEF,0x7D,0xEF,0x7D,0xEF,0x7D,0xEF,0x7D,0xEF,0x7D,0xEF,0x7D,0xEF,0x7D,0xEF,0x7D,0xEF,
  0x7D,0xF7,0x7D,0xF7,0x7D,0xEF,0x7D,0xEF,0x7D,0xEF,0x9E,0xEF,0x9D,0xF7,0x7C,0xEF,0xFF,0xFF,0x5D,0xCE,0xD0,0x39,0x32,0x4A,
  0xDE,0xDE,0xBD,0xF7,0xBE,0xF7,0xFC,0xBD,0x12,0x42,0x31,0x21,0xB3,0x31,0x92,0x29,0x92,0x29,0x92,0x29,0x92,0x29,0x92,0x29,
  0x92,0x29,0x92,0x29,0x92,0x29,0x92,0x29,0x92,0x29,0xB2,0x29,0x71,0x31,0xB2,0x31,0x91,0x29,0x2F,0x21,0x92,0x52,0xDB,0xAD,
  0xFF,0xFF,0x95,0xF5,0x29,0xE2,0x83,0xE0,0xA3,0xE8,0xE4,0xF0,0xE4,0xE0,0x04,0xE9,0xC4,0xE8,0xC4,0xF0,0xC4,0xF0,0xE4,0xE8,
  0xC4,0xE8,0xC4,0xE8,0xE4,0xE8,0xC4,0xE8,0xC4,0xE8,0xE4,0xE8,0xC4,0xE8,0x05,0xD9,0x76,0xF5,0xBF,0xF7,0x7D,0xEF,0x7D,0xEF,
  0x7D,0xEF,0x7D,0xEF,0x7D,0xEF,0x7D,0xEF,0x7D,0xEF,0x7D,0xEF,0x7D,0xEF,0x7D,0xEF,0x7D,0xEF,0x7D,0xEF,0x7D,0xEF,0x7D,0xEF,
  0x7D,0xEF,0x7D,0xEF,0x7D,0xEF,0x7D,0xEF,0x7D,0xEF,0x7D,0xEF,0x7D,0xEF,0x7D,0xEF,0x7D,0xEF,0x7D,0xEF,0x7D,0xEF,0x7D,0xEF,
  0x7D,0xEF,0x7D,0xEF,0x7E,0xEF,0x9E,0xFF,0x31,0xE4,0xC3,0xE0,0xE4,0xF0,0xC4,0xE8,0xC4,0xE8,0xC4,0xE8,0xC4,0xE8,0xC4,0xE8,
  0xC4,0xE8,0xC4,0xE8,0xC4,0xE8,0xE4,0xE8,0xE4,0xE8,0xC4,0xE8,0xC4,0xE8,0xE4,0xF0,0x83,0xE8,0xE5,0xD8,0x6D,0xEB,0xDA,0xFE,
  0x5E,0xDF,0xF6,0x73,0x50,0x29,0x53,0x31,0xB4,0x31,0x72,0x21,0x92,0x29,0x92,0x29,0x92,0x29,0x92,0x29,0x92,0x29,0x92,0x29,
  0x92,0x29,0x92,0x29,0x92,0x29,0x92,0x29,0x92,0x29,0xB2,0x29,0x52,0x29,0x90,0x31,0xD7,0x94,0xDF,0xFF,0x7D,0xEF,0xDF,0xFF,
  0x77,0x8C,0x0E,0x21,0xB8,0x9C,0xBF,0xF7,0x7D,0xEF,0x7D,0xF7,0x7E,0xF7,0x7E,0xF7,0x7E,0xEF,0x7E,0xEF,0x7E,0xF7,0x7D,0xF7,
  0x7D,0xEF,0x7D,0xEF,0x7D,0xEF,0x7D,0xEF,0x7D,0xEF,0x7D,0xEF,0x7D,0xEF,0x7D,0xEF,0x7D,0xEF,0x7D,0xEF,0x7D,0xEF,0x7D,0xEF,
  0x7D,0xEF,0x7D,0xEF,0x7D,0xEF,0x7D,0xEF,0x7D,0xEF,0x7D,0xEF,0x7D,0xEF,0x7D,0xEF,0x7D,0xEF,0x7D,0xEF,0x7D,0xEF,0x7D,0xEF,
  0x7D,0xEF,0x7D,0xEF,0x7D,0xEF,0x7D,0xEF,0x7D,0xEF,0x7D,0xEF,0x7D,0xEF,0x7D,0xEF,0x7D,0xEF,0x7D,0xEF,0x7D,0xEF,0x7D,0xEF,
  0x7D,0xEF,0x7D,0xEF,0x7D,0xEF,0x7D,0xEF,0x7D,0xEF,0x7D,0xEF,0x7D,0xEF,0x7D,0xEF,0x7D,0xEF,0x7D,0xEF,0x7D,0xEF,0x7D,0xEF,
  0x7D,0xEF,0x7D,0xEF,0x7D,0xEF,0x7D,0xEF,0x7D,0xEF,0x7D,0xEF,0x7D,0xEF,0x7D,0xEF,0x7D,0xEF,0x7D,0xEF,0x7D,0xEF,0x7D,0xEF,
  0x7D,0xEF,0x7D,0xEF,0x7D,0xEF,0x7D,0xEF,0x7D,0xEF,0x7D,0xEF,0x7D,0xEF,0x7D,0xEF,0x7D,0xEF,0x7D,0xEF,0x7D,0xEF,0x7D,0xEF,
  0x7D,0xEF,0x7D,0xEF,0x7D,0xEF,0x7D,0xEF,0x7D,0xEF,0x7D,0xEF,0x7D,0xEF,0x7D,0xEF,0x7D,0xEF,0x7D,0xEF,0x7D,0xEF,0x7D,0xEF,
  0x7D,0xEF,0x7D,0xEF,0x7D,0xEF,0x7D,0xEF,0x7D,0xEF,0x7D,0xEF,0x7D,0xEF,0x7D,0xEF,0x7D,0xEF,0x7D,0xEF,0x7D,0xEF,0x7D,0xEF,
  0x7E,0xF7,0x7E,0xF7,0x7D,0xF7,0x9D,0xF7,0x7D,0xEF,0x7D,0xEF,0x7D,0xEF,0x7D,0xEF,0x7D,0xEF,0xDF,0xF7,0x5C,0xC6,0x90,0x31,
  0xD2,0x5A,0x3F,0xE7,0x9E,0xF7,0xDE,0xF7,0x5C,0xC6,0x73,0x4A,0x31,0x21,0xB2,0x31,0x92,0x29,0x92,0x29,0x92,0x29,0x92,0x29,
  0x92,0x29,0x92,0x29,0x92,0x29,0x92,0x29,0x92,0x29,0x92,0x29,0x92,0x29,0x92,0x29,0x92,0x29,0x93,0x31,0x51,0x29,0x70,0x29,
  0xD6,0x73,0x1E,0xD7,0x7D,0xFF,0xF3,0xF4,0xA7,0xD1,0x64,0xE0,0xA4,0xF0,0xE4,0xF0,0xE4,0xE8,0xC4,0xE0,0xE4,0xE8,0xC4,0xE8,
  0xC4,0xF0,0xC4,0xE8,0xE4,0xE8,0xC4,0xE8,0xC4,0xE8,0xE4,0xE8,0xC4,0xE0,0xC8,0xD9,0x59,0xFE,0x9E,0xF7,0x7D,0xEF,0x7D,0xEF,
  0x7D,0xEF,0x7D,0xEF,0x7D,0xEF,0x7D,0xEF,0x7D,0xEF,0x7D,0xEF,0x7D,0xEF,0x7D,0xEF,0x7D,0xEF,0x7D,0xEF,0x7D,0xEF,0x7D,0xEF,
  0x7D,0xEF,0x7D,0xEF,0x7D,0xEF,0x7D,0xEF,0x7D,0xEF,0x7D,0xEF,0x7D,0xEF,0x7D,0xEF,0x7D,0xEF,0x7D,0xEF,0x7D,0xEF,0x7D,0xEF,
  0x7D,0xEF,0x7D,0xEF,0x7D,0xEF,0xBE,0xFF,0x35,0xF5,0xC4,0xD8,0xE4,0xF0,0xC4,0xE8,0xC4,0xE8,0xC4,0xE8,0xC4,0xE8,0xC4,0xE8,
  0xC4,0xE8,0xC4,0xF0,0xC4,0xF0,0xE4,0xE8,0xE4,0xE8,0xA4,0xF0,0x63,0xF0,0xE4,0xD8,0xCB,0xE2,0x17,0xFE,0x9E,0xF7,0x9A,0xA5,
  0xF2,0x39,0xF1,0x20,0x73,0x29,0xB2,0x29,0x91,0x29,0x91,0x31,0x92,0x31,0x72,0x29,0x92,0x29,0x92,0x29,0x92,0x29,0x92,0x29,
  0x92,0x29,0x92,0x29,0x92,0x29,0x92,0x29,0x92,0x31,0x73,0x29,0x50,0x29,0xF8,0x9C,0xDF,0xFF,0x7D,0xEF,0xBF,0xF7,0x57,0x8C,
  0xED,0x20,0x37,0x84,0x9F,0xF7,0x7D,0xF7,0x9D,0xF7,0x7D,0xF7,0x7E,0xEF,0x9D,0xEF,0x9D,0xEF,0x9D,0xEF,0x7E,0xF7,0x7E,0xF7,
  0x7D,0xEF,0x7D,0xEF,0x7D,0xEF,0x7D,0xEF,0x7D,0xEF,0x7D,0xEF,0x7D,0xEF,0x7D,0xEF,0x7D,0xEF,0x7D,0xEF,0x7D,0xEF,0x7D,0xEF,
  0x7D,0xEF,0x7D,0xEF,0x7D,0xEF,0x7D,0xEF,0x7D,0xEF,0x7D,0xEF,0x7D,0xEF,0x7D,0xEF,0x7D,0xEF,0x7D,0xEF,0x7D,0xEF,0x7D,0xEF,
  0x7D,0xEF,0x7D,0xEF,0x7D,0xEF,0x7D,0xEF,0x7D,0xEF,0x7D,0xEF,0x7D,0xEF,0x7D,0xEF,0x7D,0xEF,0x7D,0xEF,0x7D,0xEF,0x7D,0xEF,
  0x7D,0xEF,0x7D,0xEF,0x7D,0xEF,0x7D,0xEF,0x7D,0xEF,0x7D,0xEF,0x7D,0xEF,0x7D,0xEF,0x7D,0xEF,0x7D,0xEF,0x7D,0xEF,0x7D,0xEF,
  0x7D,0xEF,0x7D,0xEF,0x7D,0xEF,0x7D,0xEF,0x7D,0xEF,0x7D,0xEF,0x7D,0xEF,0x7D,0xEF,0x7D,0xEF,0x7D,0xEF,0x7D,0xEF,0x7D,0xEF,
  0x7D,0xEF,0x7D,0xEF,0x7D,0xEF,0x7D,0xEF,0x7D,0xEF,0x7D,0xEF,0x7D,0xEF,0x7D,0xEF,0x7D,0xEF,0x7D,0xEF,0x7D,0xEF,0x7D,0xEF,
  0x7D,0xEF,0x7D,0xEF,0x7D,0xEF,0x7D,0xEF,0x7D,0xEF,0x7D,0xEF,0x7D,0xEF,0x7D,0xEF,0x7D,0xEF,0x7D,0xEF,0x7D,0xEF,0x7D,0xEF,
  0x7D,0xEF,0x7D,0xEF,0x7D,0xEF,0x7D,0xEF,0x7D,0xEF,0x7D,0xEF,0x7D,0xEF,0x7D,0xEF,0x7D,0xEF,0x7D,0xEF,0x7D,0xEF,0x7D,0xEF,
  0x7D,0xF7,0x7E,0xF7,0x7E,0xF7,0x7D,0xF7,0x7D,0xF7,0x7D,0xEF,0x5D,0xEF,0x9E,0xF7,0x7E,0xF7,0x5D,0xEF,0xFF,0xFF,0x5C,0xC6,
  0xCF,0x31,0x91,0x4A,0xDE,0xD6,0xBD,0xF7,0xBE,0xF7,0xBE,0xD6,0xB3,0x52,0x30,0x21,0xB2,0x31,0x92,0x29,0x92,0x29,0x92,0x29,
  0x92,0x29,0x92,0x29,0x92,0x29,0x92,0x29,0x72,0x29,0x72,0x29,0x92,0x29,0x92,0x29,0x72,0x31,0x71,0x31,0x92,0x29,0x92,0x29,
  0x10,0x21,0xD1,0x41,0xF9,0x94,0x9F,0xE7,0x1C,0xFF,0x10,0xEC,0x66,0xD1,0x83,0xE0,0xA4,0xF0,0xE5,0xE8,0xE5,0xE8,0xC4,0xE8,
  0xC4,0xF0,0xC4,0xE8,0xE4,0xE8,0xC4,0xE8,0xC4,0xF0,0xC4,0xF0,0xA3,0xE0,0x4A,0xCA,0x3C,0xFF,0x9D,0xEF,0x7D,0xEF,0x7D,0xEF,
  0x7D,0xEF,0x7D,0xEF,0x7D,0xEF,0x7D,0xEF,0x7D,0xEF,0x7D,0xEF,0x7D,0xEF,0x7D,0xEF,0x7D,0xEF,0x7D,0xEF,0x7D,0xEF,0x7D,0xEF,
  0x7D,0xEF,0x7D,0xEF,0x7D,0xEF,0x7D,0xEF,0x7D,0xEF,0x7D,0xEF,0x7D,0xEF,0x7D,0xEF,0x7D,0xEF,0x7D,0xEF,0x7D,0xEF,0x7D,0xEF,
  0x7D,0xEF,0x7D,0xEF,0x7D,0xEF,0xDE,0xF7,0x18,0xEE,0x05,0xD9,0xE4,0xF0,0xE4,0xE8,0xC4,0xE8,0xC4,0xE8,0xC4,0xE8,0xC4,0xF0,
  0xC4,0xF0,0xC5,0xE8,0xE4,0xE8,0xC4,0xF0,0x83,0xE8,0xE5,0xE0,0xAB,0xE2,0xD7,0xFD,0x9E,0xFF,0x3C,0xBE,0x14,0x5B,0x0F,0x21,
  0x52,0x31,0xB3,0x31,0x92,0x21,0xB1,0x29,0x91,0x29,0x91,0x31,0x92,0x29,0x92,0x29,0x92,0x29,0x92,0x29,0x92,0x29,0x92,0x29,
  0x92,0x29,0x92,0x29,0x92,0x29,0xB2,0x31,0x51,0x21,0x91,0x31,0x39,0xA5,0xBF,0xF7,0x5D,0xEF,0xBF,0xF7,0x98,0x94,0xEE,0x18,
  0x37,0x84,0x9F,0xF7,0x9E,0xEF,0x7E,0xEF,0x7E,0xEF,0x7D,0xF7,0x9D,0xEF,0x9D,0xF7,0x9D,0xEF,0x9D,0xEF,0x7D,0xEF,0x7E,0xEF,
  0x7D,0xEF,0x7D,0xEF,0x7D,0xEF,0x7D,0xEF,0x7D,0xEF,0x7D,0xEF,0x7D,0xEF,0x7D,0xEF,0x7D,0xEF,0x7D,0xEF,0x7D,0xEF,0x7D,0xEF,
  0x7D,0xEF,0x7D,0xEF,0x7D,0xEF,0x7D,0xEF,0x7D,0xEF,0x7D,0xEF,0x7D,0xEF,0x7D,0xEF,0x7D,0xEF,0x7D,0xEF,0x7D,0xEF,0x7D,0xEF,
  0x7D,0xEF,0x7D,0xEF,0x7D,0xEF,0x7D,0xEF,0x7D,0xEF,0x7D,0xEF,0x7D,0xEF,0x7D,0xEF,0x7D,0xEF,0x7D,0xEF,0x7D,0xEF,0x7D,0xEF,
  0x7D,0xEF,0x7D,0xEF,0x7D,0xEF,0x7D,0xEF,0x7D,0xEF,0x7D,0xEF,0x7D,0xEF,0x7D,0xEF,0x7D,0xEF,0x7D,0xEF,0x7D,0xEF,0x7D,0xEF,
  0x7D,0xEF,0x7D,0xEF,0x7D,0xEF,0x7D,0xEF,0x7D,0xEF,0x7D,0xEF,0x7D,0xEF,0x7D,0xEF,0x7D,0xEF,0x7D,0xEF,0x7D,0xEF,0x7D,0xEF,
  0x7D,0xEF,0x7D,0xEF,0x7D,0xEF,0x7D,0xEF,0x7D,0xEF,0x7D,0xEF,0x7D,0xEF,0x7D,0xEF,0x7D,0xEF,0x7D,0xEF,0x7D,0xEF,0x7D,0xEF,
  0x7D,0xEF,0x7D,0xEF,0x7D,0xEF,0x7D,0xEF,0x7D,0xEF,0x7D,0xEF,0x7D,0xEF,0x7D,0xEF,0x7D,0xEF,0x7D,0xEF,0x7D,0xEF,0x7D,0xEF,
  0x7D,0xEF,0x7D,0xEF,0x7D,0xEF,0x7D,0xEF,0x7D,0xEF,0x7D,0xEF,0x7D,0xEF,0x7D,0xEF,0x7D,0xEF,0x7D,0xEF,0x7D,0xEF,0x7D,0xEF,
  0x9D,0xF7,0x7D,0xF7,0x7E,0xF7,0x7E,0xF7,0x7D,0xEF,0x7D,0xF7,0x7D,0xF7,0x7D,0xEF,0x7D,0xEF,0x7E,0xF7,0x5D,0xEF,0xDF,0xF7,
  0x5D,0xC6,0xF0,0x39,0x31,0x42,0xDE,0xDE,0xBD,0xF7,0x9C,0xEF,0x3E,0xE7,0x55,0x6B,0x30,0x21,0x92,0x29,0x93,0x29,0x92,0x29,
  0x92,0x29,0x92,0x29,0x92,0x29,0x92,0x29,0x92,0x29,0x92,0x29,0x92,0x31,0x72,0x29,0x92,0x31,0x91,0x29,0x92,0x31,0x72,0x31,
  0x93,0x31,0x71,0x29,0x30,0x29,0x52,0x4A,0x7A,0xA5,0x9F,0xEF,0xFB,0xFE,0x0F,0xEC,0x87,0xE1,0x83,0xE0,0xA4,0xE8,0x04,0xF1,
  0xE4,0xE8,0xC4,0xE8,0xC4,0xF0,0xC4,0xE8,0xE4,0xE8,0xE3,0xF0,0xA3,0xE0,0xEC,0xD2,0x5D,0xFF,0x7D,0xF7,0x7D,0xEF,0x7D,0xEF,
  0x7D,0xEF,0x7D,0xEF,0x7D,0xEF,0x7D,0xEF,0x7D,0xEF,0x7D,0xEF,0x7D,0xEF,0x7D,0xEF,0x7D,0xEF,0x7D,0xEF,0x7D,0xEF,0x7D,0xEF,
  0x7D,0xEF,0x7D,0xEF,0x7D,0xEF,0x7D,0xEF,0x7D,0xEF,0x7D,0xEF,0x7D,0xEF,0x7D,0xEF,0x7D,0xEF,0x7D,0xEF,0x7D,0xEF,0x7D,0xEF,
  0x7D,0xEF,0x7D,0xEF,0x7D,0xEF,0xBE,0xEF,0x9A,0xF6,0xA7,0xD9,0xC3,0xE8,0xC4,0xE8,0xC4,0xE8,0xC4,0xF0,0xC4,0xE8,0xE4,0xE8,
  0x04,0xE9,0xC4,0xF0,0x63,0xE8,0xC4,0xE0,0x8B,0xEA,0xB6,0xFD,0xBE,0xFF,0xBD,0xC6,0xB6,0x73,0x50,0x29,0x51,0x21,0xB3,0x31,
  0xB2,0x29,0x91,0x29,0x92,0x31,0x72,0x31,0x92,0x29,0xB2,0x29,0x92,0x29,0x91,0x29,0xB2,0x29,0x72,0x29,0x92,0x31,0x92,0x31,
  0x92,0x29,0x72,0x29,0xB3,0x31,0x51,0x21,0x11,0x3A,0x9B,0xB5,0xDE,0xF7,0x9D,0xF7,0x9F,0xF7,0x57,0x8C,0xEE,0x20,0x38,0x84,
  0xBF,0xF7,0x7D,0xEF,0x7D,0xEF,0x9E,0xEF,0x9E,0xF7,0x7D,0xEF,0x9D,0xF7,0x7D,0xEF,0x7E,0xEF,0x7E,0xEF,0x7D,0xEF,0x7D,0xEF,
  0x7D,0xEF,0x7D,0xEF,0x7D,0xEF,0x7D,0xEF,0x7D,0xEF,0x7D,0xEF,0x7D,0xEF,0x7D,0xEF,0x7D,0xEF,0x7D,0xEF,0x7D,0xEF,0x7D,0xEF,
  0x7D,0xEF,0x7D,0xEF,0x7D,0xEF,0x7D,0xEF,0x7D,0xEF,0x7D,0xEF,0x7D,0xEF,0x7D,0xEF,0x7D,0xEF,0x7D,0xEF,0x7D,0xEF,0x7D,0xEF,
  0x7D,0xEF,0x7D,0xEF,0x7D,0xEF,0x7D,0xEF,0x7D,0xEF,0x7D,0xEF,0x7D,0xEF,0x7D,0xEF,0x7D,0xEF,0x7D,0xEF,0x7D,0xEF,0x7D,0xEF,
  0x7D,0xEF,0x7D,0xEF,0x7D,0xEF,0x7D,0xEF,0x7D,0xEF,0x7D,0xEF,0x7D,0xEF,0x7D,0xEF,0x7D,0xEF,0x7D,0xEF,0x7D,0xEF,0x7D,0xEF,
  0x7D,0xEF,0x7D,0xEF,0x7D,0xEF,0x7D,0xEF,0x7D,0xEF,0x7D,0xEF,0x7D,0xEF,0x7D,0xEF,0x7D,0xEF,0x7D,0xEF,0x7D,0xEF,0x7D,0xEF,
  0x7D,0xEF,0x7D,0xEF,0x7D,0xEF,0x7D,0xEF,0x7D,0xEF,0x7D,0xEF,0x7D,0xEF,0x7D,0xEF,0x7D,0xEF,0x7D,0xEF,0x7D,0xEF,0x7D,0xEF,
  0x7D,0xEF,0x7D,0xEF,0x7D,0xEF,0x7D,0xEF,0x7D,0xEF,0x7D,0xEF,0x7D,0xEF,0x7D,0xEF,0x7D,0xEF,0x7D,0xEF,0x7D,0xEF,0x7D,0xEF,
  0x7D,0xEF,0x7D,0xEF,0x7D,0xEF,0x7D,0xEF,0x7D,0xEF,0x7D,0xEF,0x7D,0xEF,0x7D,0xEF,0x7D,0xEF,0x7D,0xEF,0x7D,0xEF,0x7D,0xEF,
  0x7E,0xEF,0x7D,0xEF,0x7D,0xEF,0x7D,0xEF,0x7D,0xEF,0x7D,0xEF,0x7D,0xEF,0x7D,0xEF,0x7E,0xEF,0x7D,0xEF,0x9D,0xF7,0x5D,0xEF,
  0xDF,0xF7,0x3B,0xC6,0xF0,0x41,0x12,0x42,0x7E,0xCE,0xFE,0xFF,0x9E,0xF7,0x5F,0xEF,0xF6,0x7B,0x2F,0x21,0x92,0x29,0xD2,0x29,
  0x92,0x29,0x91,0x29,0x91,0x29,0x92,0x29,0x92,0x29,0x92,0x29,0x92,0x29,0x92,0x29,0x92,0x29,0x92,0x29,0x92,0x29,0x92,0x29,
  0x92,0x29,0x92,0x29,0xB2,0x29,0x52,0x21,0x30,0x29,0xB3,0x52,0x7A,0xA5,0x9F,0xEF,0xFB,0xFE,0x71,0xF4,0xC8,0xE1,0x84,0xE8,
  0x83,0xE8,0xC3,0xE8,0xE5,0xF0,0xE4,0xE8,0x04,0xE9,0xE4,0xF0,0x84,0xD8,0x51,0xE4,0x7E,0xFF,0x5D,0xEF,0x7D,0xEF,0x7D,0xEF,
  0x7D,0xEF,0x7D,0xEF,0x7D,0xEF,0x7D,0xEF,0x7D,0xEF,0x7D,0xEF,0x7D,0xEF,0x7D,0xEF,0x7D,0xEF,0x7D,0xEF,0x7D,0xEF,0x7D,0xEF,
  0x7D,0xEF,0x7D,0xEF,0x7D,0xEF,0x7D,0xEF,0x7D,0xEF,0x7D,0xEF,0x7D,0xEF,0x7D,0xEF,0x7D,0xEF,0x7D,0xEF,0x7D,0xEF,0x7D,0xEF,
  0x7D,0xEF,0x7D,0xEF,0x7E,0xF7,0x9E,0xF7,0x3C,0xFF,0xAB,0xD2,0xA3,0xE0,0xE5,0xF0,0xE5,0xE8,0xE4,0xE8,0xC4,0xF0,0x84,0xF0,
  0x43,0xE8,0x05,0xE1,0x4D,0xEB,0x17,0xFE,0xDF,0xFF,0x7C,0xC6,0xB5,0x73,0x90,0x31,0x31,0x21,0x93,0x29,0x92,0x31,0x92,0x29,
  0x92,0x29,0x92,0x29,0x92,0x29,0x92,0x29,0x92,0x29,0x92,0x29,0x92,0x29,0x92,0x29,0x92,0x29,0x71,0x29,0x92,0x31,0x91,0x29,
  0x92,0x29,0x93,0x29,0x10,0x21,0x52,0x4A,0x3C,0xC6,0xBE,0xFF,0x9C,0xEF,0x7F,0xEF,0xF7,0x7B,0x0E,0x21,0xB9,0x94,0x9F,0xEF,
  0x9D,0xEF,0x7D,0xEF,0x7E,0xF7,0x7D,0xEF,0x7D,0xEF,0x7D,0xEF,0x7D,0xEF,0x7D,0xEF,0x7D,0xEF,0x7D,0xEF,0x7D,0xEF,0x7D,0xEF,
  0x7D,0xEF,0x7D,0xEF,0x7D,0xEF,0x7D,0xEF,0x7D,0xEF,0x7D,0xEF,0x7D,0xEF,0x7D,0xEF,0x7D,0xEF,0x7D,0xEF,0x7D,0xEF,0x7D,0xEF,
  0x7D,0xEF,0x7D,0xEF,0x7D,0xEF,0x7D,0xEF,0x7D,0xEF,0x7D,0xEF,0x7D,0xEF,0x7D,0xEF,0x7D,0xEF,0x7D,0xEF,0x7D,0xEF,0x7D,0xEF,
  0x7D,0xEF,0x7D,0xEF,0x7D,0xEF,0x7D,0xEF,0x7D,0xEF,0x7D,0xEF,0x7D,0xEF,0x7D,0xEF,0x7D,0xEF,0x7D,0xEF,0x7D,0xEF,0x7D,0xEF,
  0x7D,0xEF,0x7D,0xEF,0x7D,0xEF,0x7D,0xEF,0x7D,0xEF,0x7D,0xEF,0x7D,0xEF,0x7D,0xEF,0x7D,0xEF,0x7D,0xEF,0x7D,0xEF,0x7D,0xEF,
  0x7D,0xEF,0x7D,0xEF,0x7D,0xEF,0x7D,0xEF,0x7D,0xEF,0x7D,0xEF,0x7D,0xEF,0x7D,0xEF,0x7D,0xEF,0x7D,0xEF,0x7D,0xEF,0x7D,0xEF,
  0x7D,0xEF,0x7D,0xEF,0x7D,0xEF,0x7D,0xEF,0x7D,0xEF,0x7D,0xEF,0x7D,0xEF,0x7D,0xEF,0x7D,0xEF,0x7D,0xEF,0x7D,0xEF,0x7D,0xEF,
  0x7D,0xEF,0x7D,0xEF,0x7D,0xEF,0x7D,0xEF,0x7D,0xEF,0x7D,0xEF,0x7D,0xEF,0x7D,0xEF,0x7D,0xEF,0x7D,0xEF,0x7D,0xEF,0x7D,0xEF,
  0x7D,0xEF,0x7D,0xEF,0x7D,0xEF,0x7D,0xEF,0x7D,0xEF,0x7D,0xEF,0x7D,0xEF,0x7D,0xEF,0x7D,0xEF,0x7D,0xEF,0x7D,0xEF,0x7D,0xEF,
  0x7D,0xEF,0x7D,0xEF,0x7D,0xEF,0x7D,0xEF,0x7D,0xEF,0x7D,0xEF,0x7D,0xEF,0x7D,0xEF,0x7D,0xEF,0x7E,0xF7,0x9E,0xF7,0x7D,0xEF,
  0x9D,0xEF,0xFE,0xF7,0xBD,0xCE,0x32,0x42,0x70,0x31,0x1C,0xBE,0xDF,0xF7,0x9D,0xF7,0x9F,0xF7,0xF9,0x9C,0x70,0x31,0x31,0x21,
  0x93,0x29,0x92,0x29,0x91,0x29,0x92,0x29,0x72,0x29,0x92,0x29,0x92,0x29,0x92,0x29,0x92,0x29,0x92,0x29,0x92,0x29,0x92,0x29,
  0x92,0x29,0x92,0x29,0x71,0x31,0x72,0x31,0x93,0x31,0x51,0x21,0x50,0x21,0x92,0x4A,0x19,0x95,0x3E,0xDF,0x5D,0xFF,0x54,0xF5,
  0x8A,0xEA,0x25,0xE1,0x63,0xE0,0x83,0xE8,0xC3,0xF0,0xE4,0xF0,0xA4,0xD8,0x76,0xF5,0xBE,0xF7,0x9E,0xE7,0x7D,0xEF,0x7D,0xEF,
  0x7D,0xEF,0x7D,0xEF,0x7D,0xEF,0x7D,0xEF,0x7D,0xEF,0x7D,0xEF,0x7D,0xEF,0x7D,0xEF,0x7D,0xEF,0x7D,0xEF,0x7D,0xEF,0x7D,0xEF,
  0x7D,0xEF,0x7D,0xEF,0x7D,0xEF,0x7D,0xEF,0x7D,0xEF,0x7D,0xEF,0x7D,0xEF,0x7D,0xEF,0x7D,0xEF,0x7D,0xEF,0x7D,0xEF,0x7D,0xEF,
  0x7D,0xEF,0x7D,0xEF,0x7E,0xF7,0x7E,0xEF,0x7E,0xFF,0x4E,0xE3,0x83,0xE0,0x05,0xF1,0xC4,0xE8,0x63,0xE0,0x83,0xE0,0xE9,0xE1,
  0x71,0xEC,0xBA,0xFE,0x9E,0xEF,0x1B,0xB6,0x75,0x63,0x91,0x31,0x11,0x21,0x72,0x29,0xB3,0x31,0x92,0x29,0x92,0x29,0x92,0x29,
  0x92,0x29,0x92,0x29,0x92,0x29,0x92,0x29,0x92,0x29,0x92,0x29,0x92,0x29,0x72,0x29,0x92,0x31,0x91,0x31,0x91,0x29,0xB2,0x29,
  0x92,0x29,0x30,0x21,0x55,0x6B,0xDD,0xD6,0xBD,0xF7,0x9D,0xF7,0x5F,0xE7,0x55,0x6B,0x0E,0x21,0xF9,0x9C,0xDF,0xFF,0x9C,0xF7,
  0x5D,0xEF,0x9E,0xF7,0x9E,0xF7,0x7D,0xEF,0x7D,0xEF,0x7D,0xEF,0x7D,0xEF,0x7D,0xEF,0x7D,0xEF,0x7D,0xEF,0x7D,0xEF,0x7D,0xEF,
  0x7D,0xEF,0x7D,0xEF,0x7D,0xEF,0x7D,0xEF,0x7D,0xEF,0x7D,0xEF,0x7D,0xEF,0x7D,0xEF,0x7D,0xEF,0x7D,0xEF,0x7D,0xEF,0x7D,0xEF,
  0x7D,0xEF,0x7D,0xEF,0x7D,0xEF,0x7D,0xEF,0x7D,0xEF,0x7D,0xEF,0x7D,0xEF,0x7D,0xEF,0x7D,0xEF,0x7D,0xEF,0x7D,0xEF,0x7D,0xEF,
  0x7D,0xEF,0x7D,0xEF,0x7D,0xEF,0x7D,0xEF,0x7D,0xEF,0x7D,0xEF,0x7D,0xEF,0x7D,0xEF,0x7D,0xEF,0x7D,0xEF,0x7D,0xEF,0x7D,0xEF,
  0x7D,0xEF,0x7D,0xEF,0x7D,0xEF,0x7D,0xEF,0x7D,0xEF,0x7D,0xEF,0x7D,0xEF,0x7D,0xEF,0x7D,0xEF,0x7D,0xEF,0x7D,0xEF,0x7D,0xEF,
  0x7D,0xEF,0x7D,0xEF,0x7D,0xEF,0x7D,0xEF,0x7D,0xEF,0x7D,0xEF,0x7D,0xEF,0x7D,0xEF,0x7D,0xEF,0x7D,0xEF,0x7D,0xEF,0x7D,0xEF,
  0x7D,0xEF,0x7D,0xEF,0x7D,0xEF,0x7D,0xEF,0x7D,0xEF,0x7D,0xEF,0x7D,0xEF,0x7D,0xEF,0x7D,0xEF,0x7D,0xEF,0x7D,0xEF,0x7D,0xEF,
  0x7D,0xEF,0x7D,0xEF,0x7D,0xEF,0x7D,0xEF,0x7D,0xEF,0x7D,0xEF,0x7D,0xEF,0x7D,0xEF,0x7D,0xEF,0x7D,0xEF,0x7D,0xEF,0x7D,0xEF,
  0x7D,0xEF,0x7D,0xEF,0x7D,0xEF,0x7D,0xEF,0x7D,0xEF,0x7D,0xEF,0x7D,0xEF,0x7D,0xEF,0x7D,0xEF,0x7D,0xEF,0x7D,0xEF,0x7D,0xEF,
  0x7D,0xEF,0x7D,0xEF,0x7D,0xEF,0x7D,0xEF,0x7D,0xEF,0x7D,0xEF,0x7D,0xEF,0x7D,0xEF,0x7D,0xEF,0x7D,0xEF,0x7D,0xEF,0x7E,0xF7,
  0x7D,0xEF,0x7D,0xEF,0xDF,0xF7,0x1D,0xDF,0x13,0x63,0x2F,0x21,0x3A,0xA5,0xDF,0xFF,0x7C,0xEF,0xBF,0xF7,0xFC,0xBD,0x31,0x42,
  0x31,0x29,0x93,0x31,0x93,0x29,0x72,0x29,0xB2,0x31,0x92,0x29,0x92,0x29,0x92,0x29,0x92,0x29,0x92,0x29,0x92,0x29,0x92,0x29,
  0x92,0x29,0x92,0x29,0x92,0x29,0xB2,0x31,0x91,0x29,0xB2,0x29,0xB2,0x29,0x72,0x21,0x51,0x21,0x12,0x3A,0xF6,0x7B,0x5C,0xC6,
  0xBE,0xF7,0x79,0xF6,0x51,0xF4,0x09,0xF2,0xA3,0xE0,0x83,0xE8,0xA4,0xD0,0xF7,0xFD,0xBE,0xF7,0x9E,0xEF,0x7D,0xEF,0x7D,0xEF,
  0x7D,0xEF,0x7D,0xEF,0x7D,0xEF,0x7D,0xEF,0x7D,0xEF,0x7D,0xEF,0x7D,0xEF,0x7D,0xEF,0x7D,0xEF,0x7D,0xEF,0x7D,0xEF,0x7D,0xEF,
  0x7D,0xEF,0x7D,0xEF,0x7D,0xEF,0x7D,0xEF,0x7D,0xEF,0x7D,0xEF,0x7D,0xEF,0x7D,0xEF,0x7D,0xEF,0x7D,0xEF,0x7D,0xEF,0x7D,0xEF,
  0x7D,0xEF,0x7D,0xEF,0x9D,0xEF,0x7D,0xE7,0xDE,0xFF,0x71,0xEC,0x82,0xD0,0xA3,0xE0,0x45,0xE1,0x2C,0xEB,0xB5,0xFD,0x9D,0xF7,
  0x1D,0xD7,0xF9,0x9C,0x92,0x52,0x50,0x29,0x31,0x21,0x92,0x21,0xB2,0x29,0xB2,0x29,0xB2,0x31,0xB2,0x31,0x92,0x29,0x92,0x29,
  0x92,0x29,0x92,0x29,0x92,0x29,0x92,0x29,0x92,0x29,0x92,0x29,0x92,0x29,0x91,0x31,0x91,0x31,0x72,0x29,0xB3,0x31,0x51,0x21,
  0x70,0x29,0x78,0x8C,0x5F,0xE7,0xBD,0xF7,0xBD,0xF7,0xDE,0xDE,0x73,0x52,0x6F,0x29,0x9A,0xAD,0xFF,0xFF,0x5C,0xEF,0x7E,0xF7,
  0x7D,0xF7,0x9E,0xF7,0x7D,0xEF,0x7D,0xEF,0x7D,0xEF,0x7D,0xEF,0x7D,0xEF,0x7D,0xEF,0x7D,0xEF,0x7D,0xEF,0x7D,0xEF,0x7D,0xEF,
  0x7D,0xEF,0x7D,0xEF,0x7D,0xEF,0x7D,0xEF,0x7D,0xEF,0x7D,0xEF,0x7D,0xEF,0x7D,0xEF,0x7D,0xEF,0x7D,0xEF,0x7D,0xEF,0x7D,0xEF,
  0x7D,0xEF,0x7D,0xEF,0x7D,0xEF,0x7D,0xEF,0x7D,0xEF,0x7D,0xEF,0x7D,0xEF,0x7D,0xEF,0x7D,0xEF,0x7D,0xEF,0x7D,0xEF,0x7D,0xEF,
  0x7D,0xEF,0x7D,0xEF,0x7D,0xEF,0x7D,0xEF,0x7D,0xEF,0x7D,0xEF,0x7D,0xEF,0x7D,0xEF,0x7D,0xEF,0x7D,0xEF,0x7D,0xEF,0x7D,0xEF,
  0x7D,0xEF,0x7D,0xEF,0x7D,0xEF,0x7D,0xEF,0x7D,0xEF,0x7D,0xEF,0x7D,0xEF,0x7D,0xEF,0x7D,0xEF,0x7D,0xEF,0x7D,0xEF,0x7D,0xEF,
  0x7D,0xEF,0x7D,0xEF,0x7D,0xEF,0x7D,0xEF,0x7D,0xEF,0x7D,0xEF,0x7D,0xEF,0x7D,0xEF,0x7D,0xEF,0x7D,0xEF,0x7D,0xEF,0x7D,0xEF,
  0x7D,0xEF,0x7D,0xEF,0x7D,0xEF,0x7D,0xEF,0x7D,0xEF,0x7D,0xEF,0x7D,0xEF,0x7D,0xEF,0x7D,0xEF,0x7D,0xEF,0x7D,0xEF,0x7D,0xEF,
  0x7D,0xEF,0x7D,0xEF,0x7D,0xEF,0x7D,0xEF,0x7D,0xEF,0x7D,0xEF,0x7D,0xEF,0x7D,0xEF,0x7D,0xEF,0x7D,0xEF,0x7D,0xEF,0x7D,0xEF,
  0x7D,0xEF,0x7D,0xEF,0x7D,0xEF,0x7D,0xEF,0x7D,0xEF,0x7D,0xEF,0x7D,0xEF,0x7D,0xEF,0x7D,0xEF,0x7D,0xEF,0x7D,0xEF,0x7D,0xEF,
  0x7D,0xEF,0x7D,0xEF,0x7D,0xEF,0x7D,0xEF,0x7D,0xEF,0x7D,0xEF,0x7D,0xEF,0x7D,0xEF,0x7D,0xEF,0x9D,0xF7,0x7D,0xEF,0x7E,0xF7,
  0x7E,0xF7,0x9E,0xF7,0x7D,0xEF,0xBF,0xF7,0x5F,0xEF,0x95,0x73,0x0F,0x21,0x37,0x8C,0x9F,0xF7,0xBD,0xF7,0xBE,0xF7,0xDD,0xDE,
  0x54,0x6B,0x0F,0x21,0x73,0x29,0x93,0x31,0x71,0x29,0x92,0x29,0x92,0x29,0x92,0x29,0x92,0x29,0x92,0x29,0x92,0x29,0x92,0x29,
  0x92,0x29,0x92,0x29,0x72,0x29,0x93,0x29,0x92,0x29,0x92,0x29,0x92,0x31,0x92,0x31,0x93,0x31,0x52,0x21,0x30,0x19,0x71,0x29,
  0xD4,0x52,0xF9,0x8C,0xDD,0xCE,0x3D,0xF7,0x38,0xFE,0x30,0xEC,0x90,0xE3,0xDB,0xF6,0x7D,0xEF,0x5D,0xF7,0x7D,0xEF,0x7D,0xEF,
  0x7D,0xEF,0x7D,0xEF,0x7D,0xEF,0x7D,0xEF,0x7D,0xEF,0x7D,0xEF,0x7D,0xEF,0x7D,0xEF,0x7D,0xEF,0x7D,0xEF,0x7D,0xEF,0x7D,0xEF,
  0x7D,0xEF,0x7D,0xEF,0x7D,0xEF,0x7D,0xEF,0x7D,0xEF,0x7D,0xEF,0x7D,0xEF,0x7D,0xEF,0x7D,0xEF,0x7D,0xEF,0x7D,0xEF,0x7D,0xEF,
  0x7D,0xEF,0x7D,0xEF,0x9D,0xEF,0x7D,0xEF,0x7E,0xF7,0xD7,0xED,0x8E,0xDB,0x55,0xFD,0xFB,0xFE,0xFD,0xDE,0xDB,0xAD,0x96,0x63,
  0xD2,0x39,0x30,0x21,0x71,0x29,0xB2,0x31,0x92,0x29,0x91,0x31,0x92,0x31,0x71,0x29,0x91,0x29,0x92,0x29,0x92,0x29,0x92,0x29,
  0x92,0x29,0x92,0x29,0x92,0x29,0x92,0x29,0x92,0x29,0x92,0x29,0x92,0x29,0x91,0x29,0x92,0x29,0x92,0x29,0x30,0x19,0x11,0x3A,
  0x7A,0xAD,0xBF,0xF7,0xBD,0xF7,0xBF,0xF7,0xDC,0xBD,0xD1,0x39,0xF0,0x39,0x1C,0xC6,0xFF,0xFF,0x5C,0xEF,0x9E,0xF7,0x7E,0xEF,
  0x7D,0xEF,0x7D,0xEF,0x9E,0xF7,0x7D,0xEF,0x7D,0xEF,0x7D,0xEF,0x7D,0xEF,0x7D,0xEF,0x7D,0xEF,0x7D,0xEF,0x7D,0xEF,0x7D,0xEF,
  0x7D,0xEF,0x7D,0xEF,0x7D,0xEF,0x7D,0xEF,0x7D,0xEF,0x7D,0xEF,0x7D,0xEF,0x7D,0xEF,0x7D,0xEF,0x7D,0xEF,0x7D,0xEF,0x7D,0xEF,
  0x7D,0xEF,0x7D,0xEF,0x7D,0xEF,0x7D,0xEF,0x7D,0xEF,0x7D,0xEF,0x7D,0xEF,0x7D,0xEF,0x7D,0xEF,0x7D,0xEF,0x7D,0xEF,0x7D,0xEF,
  0x7D,0xEF,0x7D,0xEF,0x7D,0xEF,0x7D,0xEF,0x7D,0xEF,0x7D,0xEF,0x7D,0xEF,0x7D,0xEF,0x7D,0xEF,0x7D,0xEF,0x7D,0xEF,0x7D,0xEF,
  0x7D,0xEF,0x7D,0xEF,0x7D,0xEF,0x7D,0xEF,0x7D,0xEF,0x7D,0xEF,0x7D,0xEF,0x7D,0xEF,0x7D,0xEF,0x7D,0xEF,0x7D,0xEF,0x7D,0xEF,
  0x7D,0xEF,0x7D,0xEF,0x7D,0xEF,0x7D,0xEF,0x7D,0xEF,0x7D,0xEF,0x7D,0xEF,0x7D,0xEF,0x7D,0xEF,0x7D,0xEF,0x7D,0xEF,0x7D,0xEF,
  0x7D,0xEF,0x7D,0xEF,0x7D,0xEF,0x7D,0xEF,0x7D,0xEF,0x7D,0xEF,0x7D,0xEF,0x7D,0xEF,0x7D,0xEF,0x7D,0xEF,0x7D,0xEF,0x7D,0xEF,
  0x7D,0xEF,0x7D,0xEF,0x7D,0xEF,0x7D,0xEF,0x7D,0xEF,0x7D,0xEF,0x7D,0xEF,0x7D,0xEF,0x7D,0xEF,0x7D,0xEF,0x7D,0xEF,0x7D,0xEF,
  0x7D,0xEF,0x7D,0xEF,0x7D,0xEF,0x7D,0xEF,0x7D,0xEF,0x7D,0xEF,0x7D,0xEF,0x7D,0xEF,0x7D,0xEF,0x7D,0xEF,0x7D,0xEF,0x7D,0xEF,
  0x7D,0xEF,0x7D,0xEF,0x7D,0xEF,0x7D,0xEF,0x7D,0xEF,0x7D,0xEF,0x7D,0xEF,0x7D,0xEF,0x7D,0xEF,0x9E,0xEF,0x9E,0xF7,0x9D,0xF7,
  0x7D,0xEF,0x7C,0xEF,0x7D,0xEF,0x7D,0xEF,0xBE,0xF7,0xBF,0xF7,0x77,0x94,0x2F,0x21,0x14,0x5B,0x1E,0xDF,0xBE,0xF7,0x9D,0xF7,
  0x7E,0xEF,0xB8,0x94,0xB1,0x31,0x51,0x21,0xB2,0x29,0xB2,0x31,0x71,0x29,0x92,0x29,0x92,0x29,0x92,0x29,0x92,0x29,0x91,0x29,
  0x92,0x29,0x92,0x29,0x92,0x29,0x72,0x29,0x92,0x31,0x92,0x31,0x92,0x29,0x92,0x29,0x92,0x29,0x92,0x29,0xB2,0x31,0x92,0x29,
  0x51,0x21,0x30,0x21,0x90,0x29,0x34,0x5B,0xF9,0x8C,0x5C,0xC6,0x3E,0xEF,0xDF,0xF7,0xFD,0xFF,0xDE,0xFF,0x9E,0xF7,0x9E,0xF7,
  0x7D,0xEF,0x7D,0xEF,0x7D,0xEF,0x7D,0xEF,0x7D,0xEF,0x7D,0xEF,0x7D,0xEF,0x9E,0xF7,0x7D,0xEF,0x7D,0xEF,0x7D,0xEF,0x7D,0xEF,
  0x9E,0xF7,0x7D,0xEF,0x7D,0xEF,0x7D,0xEF,0x9E,0xF7,0x7E,0xEF,0x7D,0xEF,0x7D,0xEF,0x7D,0xEF,0x7D,0xEF,0x7D,0xEF,0x7D,0xEF,
  0x5D,0xEF,0x7E,0xF7,0x9D,0xFF,0xDE,0xFF,0xDF,0xFF,0x9F,0xEF,0xDE,0xD6,0x7A,0xA5,0xF6,0x73,0x52,0x42,0x30,0x21,0x31,0x21,
  0x72,0x29,0xB3,0x29,0x92,0x29,0x91,0x29,0x92,0x31,0x92,0x29,0x92,0x29,0x92,0x29,0x92,0x29,0x92,0x29,0x92,0x29,0x91,0x29,
  0x91,0x29,0x92,0x29,0x92,0x29,0x71,0x29,0x91,0x29,0x92,0x29,0x92,0x31,0x92,0x29,0x72,0x29,0x31,0x21,0x74,0x6B,0xDD,0xD6,
  0xDF,0xFF,0x7D,0xF7,0xBE,0xF7,0x19,0x9D,0x0E,0x21,0xB3,0x5A,0xDE,0xDE,0xFF,0xFF,0x5C,0xEF,0x9E,0xF7,0x9E,0xF7,0x9D,0xEF,
  0x7D,0xEF,0x7D,0xEF,0x7D,0xEF,0x7D,0xEF,0x7D,0xEF,0x7D,0xEF,0x7D,0xEF,0x7D,0xEF,0x7D,0xEF,0x7D,0xEF,0x7D,0xEF,0x7D,0xEF,
  0x7D,0xEF,0x7D,0xEF,0x7D,0xEF,0x7D,0xEF,0x7D,0xEF,0x7D,0xEF,0x7D,0xEF,0x7D,0xEF,0x7D,0xEF,0x7D,0xEF,0x7D,0xEF,0x7D,0xEF,
  0x7D,0xEF,0x7D,0xEF,0x7D,0xEF,0x7D,0xEF,0x7D,0xEF,0x7D,0xEF,0x7D,0xEF,0x7D,0xEF,0x7D,0xEF,0x7D,0xEF,0x7D,0xEF,0x7D,0xEF,
  0x7D,0xEF,0x7D,0xEF,0x7D,0xEF,0x7D,0xEF,0x7D,0xEF,0x7D,0xEF,0x7D,0xEF,0x7D,0xEF,0x7D,0xEF,0x7D,0xEF,0x7D,0xEF,0x7D,0xEF,
  0x7D,0xEF,0x7D,0xEF,0x7D,0xEF,0x7D,0xEF,0x7D,0xEF,0x7D,0xEF,0x7D,0xEF,0x7D,0xEF,0x7D,0xEF,0x7D,0xEF,0x7D,0xEF,0x7D,0xEF,
  0x7D,0xEF,0x7D,0xEF,0x7D,0xEF,0x7D,0xEF,0x7D,0xEF,0x7D,0xEF,0x7D,0xEF,0x7D,0xEF,0x7D,0xEF,0x7D,0xEF,0x7D,0xEF,0x7D,0xEF,
  0x7D,0xEF,0x7D,0xEF,0x7D,0xEF,0x7D,0xEF,0x7D,0xEF,0x7D,0xEF,0x7D,0xEF,0x7D,0xEF,0x7D,0xEF,0x7D,0xEF,0x7D,0xEF,0x7D,0xEF,
  0x7D,0xEF,0x7D,0xEF,0x7D,0xEF,0x7D,0xEF,0x7D,0xEF,0x7D,0xEF,0x7D,0xEF,0x7D,0xEF,0x7D,0xEF,0x7D,0xEF,0x7D,0xEF,0x7D,0xEF,
  0x7D,0xEF,0x7D,0xEF,0x7D,0xEF,0x7D,0xEF,0x7D,0xEF,0x7D,0xEF,0x7D,0xEF,0x7D,0xEF,0x7D,0xEF,0x7D,0xEF,0x7D,0xEF,0x7D,0xEF,
  0x7D,0xEF,0x7D,0xEF,0x7D,0xEF,0x7D,0xEF,0x7D,0xEF,0x7D,0xEF,0x7D,0xEF,0x7D,0xEF,0x7D,0xEF,0x7D,0xEF,0x7D,0xEF,0x7D,0xEF,
  0x7D,0xEF,0x9D,0xEF,0x9D,0xF7,0x9D,0xF7,0x7D,0xEF,0x7E,0xEF,0xDF,0xFF,0xBB,0xB5,0xB0,0x31,0xF1,0x41,0x1C,0xC6,0xDF,0xFF,
  0x9E,0xF7,0xBF,0xF7,0x3B,0xC6,0xD3,0x52,0x31,0x21,0x72,0x29,0xB2,0x31,0x92,0x29,0x91,0x29,0x92,0x29,0x92,0x29,0x92,0x29,
  0x92,0x29,0x91,0x29,0x92,0x29,0x92,0x29,0x92,0x29,0x92,0x29,0x92,0x29,0x92,0x29,0x92,0x29,0x92,0x29,0x92,0x29,0x92,0x29,
  0x72,0x29,0x92,0x31,0x72,0x29,0x11,0x21,0x31,0x21,0x71,0x29,0x73,0x4A,0xB6,0x73,0xF9,0x9C,0x3B,0xC6,0xFB,0xDE,0x7D,0xEF,
  0xDE,0xF7,0xDE,0xFF,0xDE,0xFF,0xDE,0xFF,0xBE,0xF7,0x7E,0xF7,0x7E,0xF7,0x9E,0xF7,0x7D,0xEF,0x7D,0xEF,0x7D,0xEF,0x7D,0xEF,
  0x7D,0xEF,0x7D,0xEF,0x5D,0xEF,0x7D,0xEF,0x7E,0xEF,0x7E,0xF7,0x7E,0xF7,0xBE,0xF7,0xBE,0xFF,0xBE,0xF7,0xBE,0xF7,0xDF,0xFF,
  0xBF,0xF7,0x5D,0xEF,0x7C,0xCE,0x9A,0xAD,0x57,0x84,0xD3,0x5A,0xD1,0x39,0x51,0x29,0xF0,0x20,0x72,0x29,0x92,0x31,0x92,0x31,
  0x92,0x29,0x92,0x29,0x92,0x29,0x92,0x29,0x92,0x29,0x92,0x29,0x92,0x29,0x92,0x29,0x92,0x29,0x92,0x29,0x92,0x31,0x92,0x31,
  0x91,0x31,0x92,0x29,0x92,0x31,0x93,0x31,0x72,0x29,0x92,0x31,0x91,0x29,0x51,0x29,0xD0,0x39,0xF9,0x9C,0x9F,0xEF,0xBD,0xF7,
  0xDD,0xF7,0x3F,0xE7,0x75,0x6B,0x0E,0x21,0xF6,0x7B,0x5F,0xEF,0xBE,0xF7,0x5D,0xEF,0x9E,0xF7,0x7D,0xEF,0x7E,0xEF,0x7D,0xEF,
  0x7D,0xF7,0x7D,0xEF,0x7D,0xEF,0x7D,0xEF,0x7D,0xEF,0x7D,0xEF,0x7D,0xEF,0x7D,0xEF,0x7D,0xEF,0x7D,0xEF,0x7D,0xEF,0x7D,0xEF,
  0x7D,0xEF,0x7D,0xEF,0x7D,0xEF,0x7D,0xEF,0x7D,0xEF,0x7D,0xEF,0x7D,0xEF,0x7D,0xEF,0x7D,0xEF,0x7D,0xEF,0x7D,0xEF,0x7D,0xEF,
  0x7D,0xEF,0x7D,0xEF,0x7D,0xEF,0x7D,0xEF,0x7D,0xEF,0x7D,0xEF,0x7D,0xEF,0x7D,0xEF,0x7D,0xEF,0x7D,0xEF,0x7D,0xEF,0x7D,0xEF,
  0x7D,0xEF,0x7D,0xEF,0x7D,0xEF,0x7D,0xEF,0x7D,0xEF,0x7D,0xEF,0x7D,0xEF,0x7D,0xEF,0x7D,0xEF,0x7D,0xEF,0x7D,0xEF,0x7D,0xEF,
  0x7D,0xEF,0x7D,0xEF,0x7D,0xEF,0x7D,0xEF,0x7D,0xEF,0x7D,0xEF,0x7D,0xEF,0x7D,0xEF,0x7D,0xEF,0x7D,0xEF,0x7D,0xEF,0x7D,0xEF,
  0x7D,0xEF,0x7D,0xEF,0x7D,0xEF,0x7D,0xEF,0x7D,0xEF,0x7D,0xEF,0x7D,0xEF,0x7D,0xEF,0x7D,0xEF,0x7D,0xEF,0x7D,0xEF,0x7D,0xEF,
  0x7D,0xEF,0x7D,0xEF,0x7D,0xEF,0x7D,0xEF,0x7D,0xEF,0x7D,0xEF,0x7D,0xEF,0x7D,0xEF,0x7D,0xEF,0x7D,0xEF,0x7D,0xEF,0x7D,0xEF,
  0x7D,0xEF,0x7D,0xEF,0x7D,0xEF,0x7D,0xEF,0x7D,0xEF,0x7D,0xEF,0x7D,0xEF,0x7D,0xEF,0x7D,0xEF,0x7D,0xEF,0x7D,0xEF,0x7D,0xEF,
  0x7D,0xEF,0x7D,0xEF,0x7D,0xEF,0x7D,0xEF,0x7D,0xEF,0x7D,0xEF,0x7D,0xEF,0x7D,0xEF,0x7D,0xEF,0x7D,0xEF,0x7D,0xEF,0x7D,0xEF,
  0x7D,0xEF,0x7D,0xEF,0x7D,0xEF,0x7D,0xEF,0x7D,0xEF,0x7D,0xEF,0x7D,0xEF,0x7D,0xEF,0x7D,0xEF,0x7D,0xEF,0x9D,0xEF,0x7D,0xEF,
  0x7E,0xEF,0x7D,0xEF,0x9D,0xF7,0x9D,0xEF,0xBE,0xF7,0x5D,0xEF,0x7D,0xEF,0xDE,0xFF,0xBE,0xD6,0xB4,0x52,0x4F,0x21,0xB8,0x94,
  0x7E,0xEF,0x9D,0xF7,0x9E,0xF7,0x5E,0xEF,0x77,0x8C,0xD2,0x31,0x51,0x21,0x72,0x29,0xB2,0x31,0x91,0x29,0x91,0x29,0x92,0x29,
  0x73,0x31,0x72,0x31,0x92,0x29,0x92,0x29,0x92,0x29,0x92,0x29,0x92,0x29,0x92,0x29,0x92,0x29,0x92,0x29,0x92,0x29,0x92,0x29,
  0x91,0x31,0x91,0x29,0xB2,0x31,0x92,0x29,0x92,0x29,0x93,0x29,0x73,0x29,0x31,0x21,0x31,0x19,0xB2,0x31,0x13,0x42,0xD4,0x5A,
  0xF7,0x7B,0xF9,0x9C,0xFB,0xBD,0x7B,0xCE,0xBC,0xD6,0x1D,0xE7,0x7E,0xEF,0xBE,0xF7,0xBE,0xF7,0xFE,0xFF,0xFE,0xFF,0xFE,0xFF,
  0xFE,0xFF,0xFE,0xFF,0xFE,0xFF,0xDE,0xF7,0x9E,0xF7,0x7E,0xEF,0x3D,0xE7,0xDC,0xDE,0x9C,0xD6,0x1B,0xC6,0x39,0xA5,0x58,0x84,
  0x35,0x6B,0x73,0x4A,0xD2,0x31,0x51,0x21,0x31,0x21,0x51,0x21,0x72,0x29,0x91,0x29,0xB1,0x31,0x91,0x29,0x92,0x29,0x92,0x31,
  0x92,0x29,0x92,0x29,0x92,0x29,0x92,0x29,0x92,0x29,0x92,0x29,0x92,0x29,0x92,0x29,0x92,0x29,0x92,0x29,0x92,0x31,0x73,0x31,
  0x92,0x29,0x92,0x29,0x91,0x29,0x92,0x29,0xB3,0x31,0x72,0x29,0x50,0x21,0x34,0x63,0xBD,0xD6,0xBE,0xF7,0x9C,0xEF,0xDF,0xF7,
  0x3B,0xC6,0x31,0x42,0x50,0x31,0x1A,0xA5,0xDF,0xF7,0xBD,0xF7,0x7C,0xEF,0x9D,0xF7,0x7D,0xEF,0x7D,0xEF,0x7D,0xEF,0x7D,0xEF,
  0x7D,0xEF,0x7D,0xEF,0x7D,0xEF,0x7D,0xEF,0x7D,0xEF,0x7D,0xEF,0x7D,0xEF,0x7D,0xEF,0x7D,0xEF,0x7D,0xEF,0x7D,0xEF,0x7D,0xEF,
  0x7D,0xEF,0x7D,0xEF,0x7D,0xEF,0x7D,0xEF,0x7D,0xEF,0x7D,0xEF,0x7D,0xEF,0x7D,0xEF,0x7D,0xEF,0x7D,0xEF,0x7D,0xEF,0x7D,0xEF,
  0x7D,0xEF,0x7D,0xEF,0x7D,0xEF,0x7D,0xEF,0x7D,0xEF,0x7D,0xEF,0x7D,0xEF,0x7D,0xEF,0x7D,0xEF,0x7D,0xEF,0x7D,0xEF,0x7D,0xEF,
  0x7D,0xEF,0x7D,0xEF,0x7D,0xEF,0x7D,0xEF,0x7D,0xEF,0x7D,0xEF,0x7D,0xEF,0x7D,0xEF,0x7D,0xEF,0x7D,0xEF,0x7D,0xEF,0x7D,0xEF,
  0x7D,0xEF,0x7D,0xEF,0x7D,0xEF,0x7D,0xEF,0x7D,0xEF,0x7D,0xEF,0x7D,0xEF,0x7D,0xEF,0x7D,0xEF,0x7D,0xEF,0x7D,0xEF,0x7D,0xEF,
  0x7D,0xEF,0x7D,0xEF,0x7D,0xEF,0x7D,0xEF,0x7D,0xEF,0x7D,0xEF,0x7D,0xEF,0x7D,0xEF,0x7D,0xEF,0x7D,0xEF,0x7D,0xEF,0x7D,0xEF,
  0x7D,0xEF,0x7D,0xEF,0x7D,0xEF,0x7D,0xEF,0x7D,0xEF,0x7D,0xEF,0x7D,0xEF,0x7D,0xEF,0x7D,0xEF,0x7D,0xEF,0x7D,0xEF,0x7D,0xEF,
  0x7D,0xEF,0x7D,0xEF,0x7D,0xEF,0x7D,0xEF,0x7D,0xEF,0x7D,0xEF,0x7D,0xEF,0x7D,0xEF,0x7D,0xEF,0x7D,0xEF,0x7D,0xEF,0x7D,0xEF,
  0x7D,0xEF,0x7D,0xEF,0x7D,0xEF,0x7D,0xEF,0x7D,0xEF,0x7D,0xEF,0x7D,0xEF,0x7D,0xEF,0x7D,0xEF,0x7D,0xEF,0x7D,0xEF,0x7D,0xEF,
  0x7D,0xEF,0x7D,0xEF,0x7D,0xEF,0x7D,0xEF,0x7D,0xEF,0x7D,0xEF,0x7D,0xEF,0x7D,0xEF,0x7D,0xEF,0x7D,0xEF,0x7D,0xEF,0x7D,0xEF,
  0x7E,0xEF,0x7E,0xEF,0x9E,0xF7,0x9D,0xEF,0x7D,0xEF,0x9D,0xF7,0x9D,0xF7,0x5D,0xEF,0xDE,0xF7,0x9F,0xEF,0x37,0x84,0x0E,0x21,
  0xD4,0x5A,0x9D,0xD6,0xDF,0xF7,0x9C,0xF7,0xDE,0xF7,0x7C,0xCE,0x54,0x63,0x30,0x29,0x52,0x29,0x93,0x31,0x92,0x29,0x91,0x29,
  0x92,0x31,0x72,0x31,0x92,0x29,0x92,0x29,0x92,0x29,0x92,0x29,0x92,0x29,0x92,0x29,0x92,0x29,0x92,0x29,0x92,0x29,0x92,0x29,
  0x92,0x29,0x72,0x29,0x92,0x29,0x92,0x29,0x92,0x29,0x92,0x31,0x71,0x29,0x92,0x31,0xD2,0x31,0x72,0x29,0x72,0x29,0x52,0x21,
  0x31,0x21,0x31,0x21,0x31,0x21,0x71,0x29,0xF2,0x39,0x93,0x4A,0xF4,0x52,0x35,0x63,0x56,0x6B,0xB7,0x73,0xF7,0x7B,0xF7,0x7B,
  0xD7,0x7B,0xD7,0x7B,0xB7,0x73,0x76,0x73,0x55,0x6B,0x14,0x5B,0xB4,0x52,0x12,0x42,0xB2,0x31,0x51,0x29,0x31,0x29,0x51,0x29,
  0x31,0x21,0x51,0x29,0x71,0x29,0xB2,0x31,0x92,0x31,0x92,0x31,0xB2,0x31,0x92,0x29,0x91,0x29,0x91,0x29,0xB2,0x31,0x92,0x29,
  0x92,0x29,0x92,0x29,0x92,0x29,0x92,0x29,0x92,0x29,0x92,0x29,0x92,0x29,0x92,0x29,0x92,0x29,0x92,0x29,0x92,0x31,0x91,0x29,
  0x91,0x29,0x92,0x29,0x93,0x31,0x73,0x29,0x10,0x21,0x31,0x42,0x5A,0xA5,0x9F,0xEF,0x7E,0xF7,0xDE,0xF7,0x7E,0xE7,0x57,0x8C,
  0x31,0x29,0xB3,0x52,0x7B,0xCE,0xFE,0xFF,0x9E,0xF7,0x9E,0xF7,0x7E,0xEF,0x7E,0xF7,0x7E,0xEF,0x9D,0xF7,0x9D,0xEF,0x7D,0xEF,
  0x7D,0xEF,0x7E,0xEF,0x7E,0xEF,0x7D,0xEF,0x7D,0xEF,0x7D,0xEF,0x7D,0xEF,0x7D,0xEF,0x7D,0xEF,0x7D,0xEF,0x7D,0xEF,0x7D,0xEF,
  0x7D,0xEF,0x7D,0xEF,0x7D,0xEF,0x7D,0xEF,0x7D,0xEF,0x7D,0xEF,0x7D,0xEF,0x7D,0xEF,0x7D,0xEF,0x7D,0xEF,0x7D,0xEF,0x7D,0xEF,
  0x7D,0xEF,0x7D,0xEF,0x7D,0xEF,0x7D,0xEF,0x7D,0xEF,0x7D,0xEF,0x7D,0xEF,0x7D,0xEF,0x7D,0xEF,0x7D,0xEF,0x7D,0xEF,0x7D,0xEF,
  0x7D,0xEF,0x7D,0xEF,0x7D,0xEF,0x7D,0xEF,0x7D,0xEF,0x7D,0xEF,0x7D,0xEF,0x7D,0xEF,0x7D,0xEF,0x7D,0xEF,0x7D,0xEF,0x7D,0xEF,
  0x7D,0xEF,0x7D,0xEF,0x7D,0xEF,0x7D,0xEF,0x7D,0xEF,0x7D,0xEF,0x7D,0xEF,0x7D,0xEF,0x7D,0xEF,0x7D,0xEF,0x7D,0xEF,0x7D,0xEF,
  0x7D,0xEF,0x7D,0xEF,0x7D,0xEF,0x7D,0xEF,0x7D,0xEF,0x7D,0xEF,0x7D,0xEF,0x7D,0xEF,0x7D,0xEF,0x7D,0xEF,0x7D,0xEF,0x7D,0xEF,
  0x7D,0xEF,0x7D,0xEF,0x7D,0xEF,0x7D,0xEF,0x7D,0xEF,0x7D,0xEF,0x7D,0xEF,0x7D,0xEF,0x7D,0xEF,0x7D,0xEF,0x7D,0xEF,0x7D,0xEF,
  0x7D,0xEF,0x7D,0xEF,0x7D,0xEF,0x7D,0xEF,0x7D,0xEF,0x7D,0xEF,0x7D,0xEF,0x7D,0xEF,0x7D,0xEF,0x7D,0xEF,0x7D,0xEF,0x7D,0xEF,
  0x7D,0xEF,0x7D,0xEF,0x7D,0xEF,0x7D,0xEF,0x7D,0xEF,0x7D,0xEF,0x7D,0xEF,0x7D,0xEF,0x7D,0xEF,0x7D,0xEF,0x7D,0xEF,0x7D,0xEF,
  0x7D,0xEF,0x7D,0xEF,0x7D,0xEF,0x7D,0xEF,0x7D,0xEF,0x7D,0xEF,0x7D,0xEF,0x7D,0xEF,0x7D,0xEF,0x7D,0xEF,0x7D,0xEF,0x7D,0xEF,
  0x7E,0xEF,0x7E,0xEF,0x7D,0xEF,0x7D,0xEF,0x9E,0xF7,0x7E,0xF7,0x9E,0xF7,0xBE,0xF7,0x7D,0xEF,0x9D,0xF7,0xBE,0xF7,0xDB,0xBD,
  0x32,0x42,0x6F,0x21,0xF9,0x9C,0x9F,0xF7,0xBD,0xF7,0xBD,0xF7,0x7E,0xEF,0x79,0xAD,0x72,0x4A,0x30,0x21,0x72,0x29,0x92,0x31,
  0x92,0x31,0x92,0x31,0x92,0x29,0x92,0x29,0x92,0x29,0x92,0x29,0x92,0x29,0x92,0x29,0x92,0x29,0x92,0x29,0x92,0x29,0x92,0x29,
  0x72,0x29,0x72,0x29,0x72,0x31,0x72,0x31,0x72,0x31,0x72,0x31,0x92,0x31,0x92,0x29,0x92,0x29,0x92,0x29,0x92,0x29,0xB2,0x31,
  0xB2,0x31,0x92,0x31,0x92,0x31,0x92,0x31,0x72,0x29,0x52,0x21,0x32,0x21,0x31,0x21,0x31,0x21,0x31,0x21,0x11,0x21,0x10,0x19,
  0x11,0x19,0x31,0x21,0x31,0x21,0x31,0x21,0x31,0x21,0x31,0x21,0x51,0x21,0x72,0x29,0x92,0x29,0x92,0x29,0x92,0x29,0x92,0x29,
  0xB2,0x29,0x92,0x29,0x92,0x29,0x92,0x29,0xB2,0x31,0xB2,0x31,0x72,0x29,0x92,0x29,0x72,0x29,0x92,0x31,0x92,0x31,0x92,0x31,
  0x92,0x29,0x92,0x29,0x92,0x29,0x92,0x29,0x92,0x29,0x92,0x29,0x92,0x29,0x92,0x29,0x92,0x29,0x92,0x29,0x92,0x29,0x92,0x29,
  0xB2,0x29,0x92,0x29,0x31,0x21,0xD1,0x31,0x57,0x8C,0xDD,0xD6,0xBE,0xF7,0xBD,0xF7,0xDF,0xFF,0x3C,0xC6,0x93,0x4A,0x2E,0x21,
  0x57,0x8C,0x5E,0xE7,0xFF,0xFF,0x7C,0xEF,0x9E,0xEF,0x7D,0xEF,0x7E,0xEF,0x7E,0xEF,0x7E,0xEF,0x7E,0xF7,0x7E,0xEF,0x7E,0xEF,
  0x7E,0xEF,0x7D,0xEF,0x7D,0xEF,0x7D,0xEF,0x7D,0xEF,0x7D,0xEF,0x7D,0xEF,0x7D,0xEF,0x7D,0xEF,0x7D,0xEF,0x7D,0xEF,0x7D,0xEF,
  0x7D,0xEF,0x7D,0xEF,0x7D,0xEF,0x7D,0xEF,0x7D,0xEF,0x7D,0xEF,0x7D,0xEF,0x7D,0xEF,0x7D,0xEF,0x7D,0xEF,0x7D,0xEF,0x7D,0xEF,
  0x7D,0xEF,0x7D,0xEF,0x7D,0xEF,0x7D,0xEF,0x7D,0xEF,0x7D,0xEF,0x7D,0xEF,0x7D,0xEF,0x7D,0xEF,0x7D,0xEF,0x7D,0xEF,0x7D,0xEF,
  0x7D,0xEF,0x7D,0xEF,0x7D,0xEF,0x7D,0xEF,0x7D,0xEF,0x7D,0xEF,0x7D,0xEF,0x7D,0xEF,0x7D,0xEF,0x7D,0xEF,0x7D,0xEF,0x7D,0xEF,
  0x7D,0xEF,0x7D,0xEF,0x7D,0xEF,0x7D,0xEF,0x7D,0xEF,0x7D,0xEF,0x7D,0xEF,0x7D,0xEF,0x7D,0xEF,0x7D,0xEF,0x7D,0xEF,0x7D,0xEF,
  0x7D,0xEF,0x7D,0xEF,0x7D,0xEF,0x7D,0xEF,0x7D,0xEF,0x7D,0xEF,0x7D,0xEF,0x7D,0xEF,0x7D,0xEF,0x7D,0xEF,0x7D,0xEF,0x7D,0xEF,
  0x7D,0xEF,0x7D,0xEF,0x7D,0xEF,0x7D,0xEF,0x7D,0xEF,0x7D,0xEF,0x7D,0xEF,0x7D,0xEF,0x7D,0xEF,0x7D,0xEF,0x7D,0xEF,0x7D,0xEF,
  0x7D,0xEF,0x7D,0xEF,0x7D,0xEF,0x7D,0xEF,0x7D,0xEF,0x7D,0xEF,0x7D,0xEF,0x7D,0xEF,0x7D,0xEF,0x7D,0xEF,0x7D,0xEF,0x7D,0xEF,
  0x7D,0xEF,0x7D,0xEF,0x7D,0xEF,0x7D,0xEF,0x7D,0xEF,0x7D,0xEF,0x7D,0xEF,0x7D,0xEF,0x7D,0xEF,0x7D,0xEF,0x7D,0xEF,0x7D,0xEF,
  0x7D,0xEF,0x7D,0xEF,0x7D,0xEF,0x7D,0xEF,0x7D,0xEF,0x7D,0xEF,0x7D,0xEF,0x7D,0xEF,0x7D,0xEF,0x7D,0xEF,0x7D,0xEF,0x7D,0xEF,
  0x7D,0xEF,0x7D,0xEF,0x9E,0xF7,0x7D,0xEF,0x9E,0xF7,0x7E,0xEF,0x7E,0xEF,0x7E,0xEF,0x9D,0xF7,0x7C,0xEF,0x7D,0xEF,0xDE,0xF7,
  0x5E,0xE7,0xF7,0x7B,0x2F,0x21,0xB3,0x52,0x5C,0xC6,0xBF,0xF7,0x9E,0xF7,0xBE,0xF7,0x3E,0xE7,0xB7,0x94,0x12,0x3A,0x31,0x21,
  0x52,0x29,0x92,0x31,0x92,0x29,0x91,0x29,0x92,0x29,0x92,0x29,0x92,0x29,0x92,0x29,0x92,0x29,0x92,0x31,0x72,0x31,0x72,0x31,
  0x92,0x29,0x92,0x29,0x92,0x29,0x92,0x29,0x92,0x31,0x92,0x31,0x92,0x29,0x92,0x29,0x72,0x29,0x92,0x29,0x92,0x31,0x92,0x29,
  0x92,0x29,0x92,0x29,0x92,0x29,0x92,0x29,0x92,0x31,0x92,0x31,0x92,0x31,0xB2,0x31,0xB2,0x31,0xB2,0x31,0xB2,0x31,0xB2,0x31,
  0xB2,0x31,0xB2,0x31,0xB2,0x31,0xB2,0x31,0xB2,0x31,0x92,0x31,0x92,0x29,0x92,0x29,0x92,0x29,0x92,0x29,0x92,0x29,0x91,0x29,
  0x91,0x29,0x92,0x29,0x92,0x29,0x92,0x29,0x92,0x29,0x71,0x29,0x92,0x29,0x92,0x29,0x92,0x29,0x92,0x29,0x92,0x29,0x92,0x31,
  0x92,0x31,0x72,0x31,0x72,0x31,0x91,0x29,0x91,0x29,0x91,0x29,0x92,0x29,0x93,0x31,0x92,0x29,0x92,0x29,0xB2,0x29,0x92,0x29,
  0x52,0x21,0xB1,0x31,0x74,0x6B,0x7C,0xCE,0x9E,0xF7,0x9E,0xF7,0xBE,0xF7,0x3E,0xE7,0x37,0x84,0x4F,0x29,0x52,0x42,0x1C,0xBE,
  0xDE,0xF7,0x9D,0xF7,0x5D,0xEF,0x7E,0xEF,0x9D,0xEF,0x9D,0xF7,0x9E,0xF7,0x7E,0xEF,0x7E,0xEF,0x9E,0xF7,0x7E,0xEF,0x7E,0xEF,
  0x7E,0xEF,0x7D,0xEF,0x7D,0xEF,0x7D,0xEF,0x7D,0xEF,0x7D,0xEF,0x7D,0xEF,0x7D,0xEF,0x7D,0xEF,0x7D,0xEF,0x7D,0xEF,0x7D,0xEF,
  0x7D,0xEF,0x7D,0xEF,0x7D,0xEF,0x7D,0xEF,0x7D,0xEF,0x7D,0xEF,0x7D,0xEF,0x7D,0xEF,0x7D,0xEF,0x7D,0xEF,0x7D,0xEF,0x7D,0xEF,
  0x7D,0xEF,0x7D,0xEF,0x7D,0xEF,0x7D,0xEF,0x7D,0xEF,0x7D,0xEF,0x7D,0xEF,0x7D,0xEF,0x7D,0xEF,0x7D,0xEF,0x7D,0xEF,0x7D,0xEF,
  0x7D,0xEF,0x7D,0xEF,0x7D,0xEF,0x7D,0xEF,0x7D,0xEF,0x7D,0xEF,0x7D,0xEF,0x7D,0xEF,0x7D,0xEF,0x7D,0xEF,0x7D,0xEF,0x7D,0xEF,
  0x7D,0xEF,0x7D,0xEF,0x7D,0xEF,0x7D,0xEF,0x7D,0xEF,0x7D,0xEF,0x7D,0xEF,0x7D,0xEF,0x7D,0xEF,0x7D,0xEF,0x7D,0xEF,0x7D,0xEF,
  0x7D,0xEF,0x7D,0xEF,0x7D,0xEF,0x7D,0xEF,0x7D,0xEF,0x7D,0xEF,0x7D,0xEF,0x7D,0xEF,0x7D,0xEF,0x7D,0xEF,0x7D,0xEF,0x7D,0xEF,
  0x7D,0xEF,0x7D,0xEF,0x7D,0xEF,0x7D,0xEF,0x7D,0xEF,0x7D,0xEF,0x7D,0xEF,0x7D,0xEF,0x7D,0xEF,0x7D,0xEF,0x7D,0xEF,0x7D,0xEF,
  0x7D,0xEF,0x7D,0xEF,0x7D,0xEF,0x7D,0xEF,0x7D,0xEF,0x7D,0xEF,0x7D,0xEF,0x7D,0xEF,0x7D,0xEF,0x7D,0xEF,0x7D,0xEF,0x7D,0xEF,
  0x7D,0xEF,0x7D,0xEF,0x7D,0xEF,0x7D,0xEF,0x7D,0xEF,0x7D,0xEF,0x7D,0xEF,0x7D,0xEF,0x7D,0xEF,0x7D,0xEF,0x7D,0xEF,0x7D,0xEF,
  0x7D,0xEF,0x7D,0xEF,0x7D,0xEF,0x7D,0xEF,0x7D,0xEF,0x7D,0xEF,0x7D,0xEF,0x7D,0xEF,0x7D,0xEF,0x7D,0xEF,0x7D,0xEF,0x7D,0xEF,
  0x7D,0xEF,0x7D,0xEF,0x7D,0xEF,0x7D,0xEF,0x7D,0xEF,0x7D,0xEF,0x7E,0xEF,0x7E,0xEF,0x7E,0xEF,0x7E,0xF7,0x7E,0xF7,0x5D,0xEF,
  0xBC,0xF7,0xFE,0xF7,0xDA,0xB5,0x52,0x4A,0x4F,0x29,0x16,0x84,0x1D,0xE7,0xDE,0xF7,0x9E,0xF7,0xBF,0xF7,0xDD,0xD6,0x57,0x8C,
  0xF2,0x39,0x31,0x29,0x51,0x29,0x92,0x29,0x91,0x29,0xB2,0x31,0x92,0x29,0x92,0x29,0x92,0x29,0x92,0x29,0x91,0x29,0x91,0x31,
  0x92,0x29,0x92,0x29,0x92,0x29,0x92,0x29,0x92,0x29,0x92,0x29,0x92,0x29,0x92,0x29,0x92,0x29,0x92,0x29,0x92,0x29,0x92,0x29,
  0x92,0x29,0x92,0x29,0x92,0x29,0x92,0x29,0x92,0x29,0x92,0x29,0x92,0x29,0x92,0x29,0x92,0x29,0x92,0x29,0x92,0x29,0x92,0x29,
  0x92,0x29,0x92,0x29,0x92,0x29,0x92,0x29,0x92,0x29,0x92,0x29,0x92,0x29,0x92,0x29,0x92,0x29,0x92,0x29,0x92,0x29,0x92,0x29,
  0x92,0x29,0x92,0x29,0x92,0x29,0x92,0x29,0x92,0x29,0x92,0x29,0x92,0x29,0x92,0x29,0x92,0x29,0x92,0x29,0x92,0x29,0x92,0x29,
  0x92,0x31,0x92,0x31,0x91,0x31,0x92,0x29,0x92,0x29,0x92,0x29,0xB2,0x29,0x91,0x29,0x92,0x29,0x92,0x29,0x51,0x21,0x71,0x29,
  0x14,0x5B,0x1B,0xBE,0x9F,0xF7,0x9D,0xF7,0xBD,0xF7,0xBF,0xF7,0x3A,0xA5,0xF2,0x41,0x4F,0x29,0x57,0x8C,0x7F,0xEF,0xDE,0xFF,
  0x7D,0xEF,0x7D,0xEF,0x9D,0xF7,0x7D,0xF7,0x7E,0xF7,0x7D,0xEF,0x7D,0xEF,0x7D,0xEF,0x7D,0xEF,0x7D,0xEF,0x7D,0xEF,0x7D,0xEF,
  0x7D,0xEF,0x7D,0xEF,0x7D,0xEF,0x7D,0xEF,0x7D,0xEF,0x7D,0xEF,0x7D,0xEF,0x7D,0xEF,0x7D,0xEF,0x7D,0xEF,0x7D,0xEF,0x7D,0xEF,
  0x7D,0xEF,0x7D,0xEF,0x7D,0xEF,0x7D,0xEF,0x7D,0xEF,0x7D,0xEF,0x7D,0xEF,0x7D,0xEF,0x7D,0xEF,0x7D,0xEF,0x7D,0xEF,0x7D,0xEF,
  0x7D,0xEF,0x7D,0xEF,0x7D,0xEF,0x7D,0xEF,0x7D,0xEF,0x7D,0xEF,0x7D,0xEF,0x7D,0xEF,0x7D,0xEF,0x7D,0xEF,0x7D,0xEF,0x7D,0xEF,
  0x7D,0xEF,0x7D,0xEF,0x7D,0xEF,0x7D,0xEF,0x7D,0xEF,0x7D,0xEF,0x7D,0xEF,0x7D,0xEF,0x7D,0xEF,0x7D,0xEF,0x7D,0xEF,0x7D,0xEF,
  0x7D,0xEF,0x7D,0xEF,0x7D,0xEF,0x7D,0xEF,0x7D,0xEF,0x7D,0xEF,0x7D,0xEF,0x7D,0xEF,0x7D,0xEF,0x7D,0xEF,0x7D,0xEF,0x7D,0xEF,
  0x7D,0xEF,0x7D,0xEF,0x7D,0xEF,0x7D,0xEF,0x7D,0xEF,0x7D,0xEF,0x7D,0xEF,0x7D,0xEF,0x7D,0xEF,0x7D,0xEF,0x7D,0xEF,0x7D,0xEF,
  0x7D,0xEF,0x7D,0xEF,0x7D,0xEF,0x7D,0xEF,0x7D,0xEF,0x7D,0xEF,0x7D,0xEF,0x7D,0xEF,0x7D,0xEF,0x7D,0xEF,0x7D,0xEF,0x7D,0xEF,
  0x7D,0xEF,0x7D,0xEF,0x7D,0xEF,0x7D,0xEF,0x7D,0xEF,0x7D,0xEF,0x7D,0xEF,0x7D,0xEF,0x7D,0xEF,0x7D,0xEF,0x7D,0xEF,0x7D,0xEF,
  0x7D,0xEF,0x7D,0xEF,0x7D,0xEF,0x7D,0xEF,0x7D,0xEF,0x7D,0xEF,0x7D,0xEF,0x7D,0xEF,0x7D,0xEF,0x7D,0xEF,0x7D,0xEF,0x7D,0xEF,
  0x7D,0xEF,0x7D,0xEF,0x7D,0xEF,0x7D,0xEF,0x7D,0xEF,0x7D,0xEF,0x7D,0xEF,0x7D,0xEF,0x7D,0xEF,0x7D,0xEF,0x7D,0xEF,0x7D,0xEF,
  0x7D,0xEF,0x7D,0xEF,0x7D,0xEF,0x7D,0xEF,0x7D,0xEF,0x7D,0xEF,0x7D,0xEF,0x9D,0xEF,0x7E,0xEF,0x7E,0xEF,0x7D,0xEF,0x9E,0xF7,
  0x7E,0xEF,0x5D,0xEF,0xFE,0xFF,0x3E,0xE7,0x78,0x94,0x91,0x29,0x90,0x31,0xF9,0xA4,0x5E,0xEF,0xBD,0xF7,0x9D,0xF7,0xBE,0xF7,
  0xFD,0xDE,0x38,0x8C,0x13,0x42,0x71,0x29,0x31,0x21,0x72,0x29,0xB2,0x31,0x92,0x29,0x91,0x29,0x92,0x29,0x92,0x29,0x92,0x29,
  0x92,0x29,0x92,0x29,0x92,0x29,0x92,0x29,0x92,0x29,0x92,0x29,0x92,0x29,0x92,0x29,0x92,0x29,0x92,0x29,0x92,0x29,0x92,0x29,
  0x92,0x29,0x92,0x29,0x92,0x29,0x92,0x29,0x92,0x29,0x92,0x29,0x92,0x29,0x92,0x29,0x92,0x29,0x92,0x29,0x92,0x29,0x92,0x29,
  0x92,0x29,0x92,0x29,0x92,0x29,0x92,0x29,0x92,0x29,0x92,0x29,0x92,0x29,0x92,0x29,0x92,0x29,0x92,0x29,0x92,0x29,0x92,0x29,
  0x92,0x29,0x92,0x29,0x92,0x29,0x92,0x29,0x92,0x29,0x92,0x29,0x92,0x29,0x92,0x29,0x92,0x29,0x92,0x29,0x92,0x29,0x92,0x29,
  0x92,0x29,0x92,0x29,0x92,0x29,0x92,0x29,0x92,0x29,0xB2,0x31,0xB2,0x31,0x72,0x29,0x11,0x21,0x91,0x31,0x75,0x6B,0xBB,0xB5,
  0x9F,0xEF,0xDE,0xFF,0xBD,0xF7,0xDF,0xF7,0x3C,0xBE,0xF3,0x5A,0x30,0x21,0x14,0x5B,0x7D,0xCE,0xDF,0xFF,0x7D,0xEF,0x7D,0xF7,
  0x7E,0xF7,0x7E,0xEF,0x7E,0xEF,0x9D,0xEF,0x7D,0xF7,0x7D,0xEF,0x7D,0xEF,0x7D,0xEF,0x7D,0xEF,0x7D,0xEF,0x7D,0xEF,0x7D,0xEF,
  0x7D,0xEF,0x7D,0xEF,0x7D,0xEF,0x7D,0xEF,0x7D,0xEF,0x7D,0xEF,0x7D,0xEF,0x7D,0xEF,0x7D,0xEF,0x7D,0xEF,0x7D,0xEF,0x7D,0xEF,
  0x7D,0xEF,0x7D,0xEF,0x7D,0xEF,0x7D,0xEF,0x7D,0xEF,0x7D,0xEF,0x7D,0xEF,0x7D,0xEF,0x7D,0xEF,0x7D,0xEF,0x7D,0xEF,0x7D,0xEF,
  0x7D,0xEF,0x7D,0xEF,0x7D,0xEF,0x7D,0xEF,0x7D,0xEF,0x7D,0xEF,0x7D,0xEF,0x7D,0xEF,0x7D,0xEF,0x7D,0xEF,0x7D,0xEF,0x7D,0xEF,
  0x7D,0xEF,0x7D,0xEF,0x7D,0xEF,0x7D,0xEF,0x7D,0xEF,0x7D,0xEF,0x7D,0xEF,0x7D,0xEF,0x7D,0xEF,0x7D,0xEF,0x7D,0xEF,0x7D,0xEF,
  0x7D,0xEF,0x7D,0xEF,0x7D,0xEF,0x7D,0xEF,0x7D,0xEF,0x7D,0xEF,0x7D,0xEF,0x7D,0xEF,0x7D,0xEF,0x7D,0xEF,0x7D,0xEF,0x7D,0xEF,
  0x7D,0xEF,0x7D,0xEF,0x7D,0xEF,0x7D,0xEF,0x7D,0xEF,0x7D,0xEF,0x7D,0xEF,0x7D,0xEF,0x7D,0xEF,0x7D,0xEF,0x7D,0xEF,0x7D,0xEF,
  0x7D,0xEF,0x7D,0xEF,0x7D,0xEF,0x7D,0xEF,0x7D,0xEF,0x7D,0xEF,0x7D,0xEF,0x7D,0xEF,0x7D,0xEF,0x7D,0xEF,0x7D,0xEF,0x7D,0xEF,
  0x7D,0xEF,0x7D,0xEF,0x7D,0xEF,0x7D,0xEF,0x7D,0xEF,0x7D,0xEF,0x7D,0xEF,0x7D,0xEF,0x7D,0xEF,0x7D,0xEF,0x7D,0xEF,0x7D,0xEF,
  0x7D,0xEF,0x7D,0xEF,0x7D,0xEF,0x7D,0xEF,0x7D,0xEF,0x7D,0xEF,0x7D,0xEF,0x7D,0xEF,0x7D,0xEF,0x7D,0xEF,0x7D,0xEF,0x7D,0xEF,
  0x7D,0xEF,0x7D,0xEF,0x7D,0xEF,0x7D,0xEF,0x7D,0xEF,0x7D,0xEF,0x7D,0xEF,0x7D,0xEF,0x7D,0xEF,0x7D,0xEF,0x7D,0xEF,0x7D,0xEF,
  0x7D,0xEF,0x7D,0xEF,0x7D,0xEF,0x7D,0xEF,0x7D,0xEF,0x7D,0xEF,0x7D,0xEF,0x9D,0xEF,0x7E,0xEF,0x7E,0xEF,0x9D,0xEF,0x9D,0xEF,
  0x7E,0xEF,0x9E,0xF7,0x5C,0xEF,0x9D,0xF7,0xDF,0xFF,0xBE,0xD6,0xB6,0x73,0x10,0x29,0x33,0x4A,0x7A,0xAD,0x9D,0xEF,0xDE,0xFF,
  0x9D,0xF7,0xBE,0xF7,0xFD,0xDE,0xF9,0x9C,0x92,0x52,0x71,0x29,0x11,0x21,0x73,0x29,0x92,0x31,0x92,0x31,0x92,0x29,0x92,0x29,
  0x92,0x29,0x92,0x29,0x92,0x29,0x92,0x29,0x92,0x29,0x92,0x29,0x92,0x29,0x92,0x29,0x92,0x29,0x92,0x29,0x92,0x29,0x92,0x29,
  0x92,0x29,0x92,0x29,0x92,0x29,0x92,0x29,0x92,0x29,0x92,0x29,0x92,0x29,0x92,0x29,0x92,0x29,0x92,0x29,0x92,0x29,0x92,0x29,
  0x92,0x29,0x92,0x29,0x92,0x29,0x92,0x29,0x92,0x29,0x92,0x29,0x92,0x29,0x92,0x29,0x92,0x29,0x92,0x29,0x92,0x29,0x92,0x29,
  0x92,0x29,0x92,0x29,0x92,0x29,0x92,0x29,0x92,0x29,0x92,0x29,0x92,0x29,0x92,0x29,0x92,0x29,0x92,0x29,0x92,0x29,0x92,0x29,
  0x92,0x29,0x92,0x29,0x92,0x29,0xB2,0x31,0x92,0x29,0x52,0x29,0x11,0x21,0xD2,0x39,0x17,0x84,0x5C,0xC6,0x9E,0xEF,0xBD,0xF7,
  0xDD,0xF7,0xDE,0xF7,0x7B,0xCE,0x54,0x6B,0x31,0x29,0x13,0x42,0x9A,0xAD,0xBE,0xEF,0xBD,0xF7,0x7D,0xEF,0x7E,0xF7,0x7D,0xF7,
  0x9D,0xF7,0x7D,0xEF,0x7E,0xEF,0x7E,0xEF,0x7E,0xEF,0x7D,0xEF,0x7D,0xEF,0x7D,0xEF,0x7D,0xEF,0x7D,0xEF,0x7D,0xEF,0x7D,0xEF,
  0x7D,0xEF,0x7D,0xEF,0x7D,0xEF,0x7D,0xEF,0x7D,0xEF,0x7D,0xEF,0x7D,0xEF,0x7D,0xEF,0x7D,0xEF,0x7D,0xEF,0x7D,0xEF,0x7D,0xEF,
  0x7D,0xEF,0x7D,0xEF,0x7D,0xEF,0x7D,0xEF,0x7D,0xEF,0x7D,0xEF,0x7D,0xEF,0x7D,0xEF,0x7D,0xEF,0x7D,0xEF,0x7D,0xEF,0x7D,0xEF,
  0x7D,0xEF,0x7D,0xEF,0x7D,0xEF,0x7D,0xEF,0x7D,0xEF,0x7D,0xEF,0x7D,0xEF,0x7D,0xEF,0x7D,0xEF,0x7D,0xEF,0x7D,0xEF,0x7D,0xEF,
  0x7D,0xEF,0x7D,0xEF,0x7D,0xEF,0x7D,0xEF,0x7D,0xEF,0x7D,0xEF,0x7D,0xEF,0x7D,0xEF,0x7D,0xEF,0x7D,0xEF,0x7D,0xEF,0x7D,0xEF,
  0x7D,0xEF,0x7D,0xEF,0x7D,0xEF,0x7D,0xEF,0x7D,0xEF,0x7D,0xEF,0x7D,0xEF,0x7D,0xEF,0x7D,0xEF,0x7D,0xEF,0x7D,0xEF,0x7D,0xEF,
  0x7D,0xEF,0x7D,0xEF,0x7D,0xEF,0x7D,0xEF,0x7D,0xEF,0x7D,0xEF,0x7D,0xEF,0x7D,0xEF,0x7D,0xEF,0x7D,0xEF,0x7D,0xEF,0x7D,0xEF,
  0x7D,0xEF,0x7D,0xEF,0x7D,0xEF,0x7D,0xEF,0x7D,0xEF,0x7D,0xEF,0x7D,0xEF,0x7D,0xEF,0x7D,0xEF,0x7D,0xEF,0x7D,0xEF,0x7D,0xEF,
  0x7D,0xEF,0x7D,0xEF,0x7D,0xEF,0x7D,0xEF,0x7D,0xEF,0x7D,0xEF,0x7D,0xEF,0x7D,0xEF,0x7D,0xEF,0x7D,0xEF,0x7D,0xEF,0x7D,0xEF,
  0x7D,0xEF,0x7D,0xEF,0x7D,0xEF,0x7D,0xEF,0x7D,0xEF,0x7D,0xEF,0x7D,0xEF,0x7D,0xEF,0x7D,0xEF,0x7D,0xEF,0x7D,0xEF,0x7D,0xEF,
  0x7D,0xEF,0x7D,0xEF,0x7D,0xEF,0x7D,0xEF,0x7D,0xEF,0x7D,0xEF,0x7D,0xEF,0x7D,0xEF,0x7D,0xEF,0x7D,0xEF,0x7D,0xEF,0x7D,0xEF,
  0x7D,0xEF,0x7D,0xEF,0x7D,0xEF,0x7D,0xEF,0x7D,0xEF,0x7D,0xEF,0x7E,0xEF,0x7E,0xEF,0x9D,0xEF,0x9D,0xEF,0x9D,0xEF,0x7D,0xEF,
  0x9D,0xEF,0x9D,0xEF,0x9D,0xEF,0x9E,0xEF,0x5D,0xEF,0xBE,0xFF,0xDE,0xF7,0x3B,0xBE,0x14,0x5B,0x50,0x21,0x73,0x4A,0x59,0xAD,
  0x9E,0xEF,0xBE,0xF7,0xDE,0xF7,0xDE,0xF7,0x3E,0xE7,0xBA,0xB5,0x75,0x6B,0xD1,0x39,0x31,0x29,0x32,0x29,0x72,0x29,0x91,0x31,
  0xB2,0x31,0x92,0x29,0x92,0x29,0x92,0x29,0x92,0x29,0x92,0x29,0x92,0x29,0x91,0x29,0x92,0x29,0x92,0x29,0x92,0x29,0x92,0x29,
  0x92,0x29,0x92,0x29,0x92,0x29,0x92,0x29,0x92,0x29,0x92,0x29,0x92,0x29,0x92,0x29,0x92,0x29,0x92,0x29,0x92,0x29,0x92,0x29,
  0x92,0x29,0x92,0x29,0x92,0x29,0x92,0x29,0x92,0x29,0x92,0x29,0x92,0x29,0x92,0x29,0x92,0x29,0x92,0x29,0x92,0x29,0x92,0x29,
  0x92,0x29,0x92,0x29,0x92,0x29,0x92,0x29,0x92,0x29,0x92,0x29,0x92,0x29,0x92,0x29,0x92,0x29,0x92,0x29,0x92,0x29,0x92,0x31,
  0xB2,0x31,0x92,0x29,0x52,0x29,0x31,0x21,0x91,0x31,0xB4,0x52,0xF9,0x9C,0xBD,0xD6,0x9E,0xEF,0xDE,0xF7,0xBD,0xF7,0xBF,0xF7,
  0x5C,0xCE,0xB6,0x73,0x71,0x29,0xD1,0x31,0x19,0x9D,0x5D,0xEF,0xBE,0xFF,0x7D,0xF7,0x7D,0xEF,0x9D,0xEF,0x9E,0xEF,0x9E,0xEF,
  0x9D,0xEF,0x7D,0xEF,0x7E,0xEF,0x9E,0xEF,0x9D,0xEF,0x7D,0xEF,0x7D,0xEF,0x7D,0xEF,0x7D,0xEF,0x7D,0xEF,0x7D,0xEF,0x7D,0xEF,
  0x7D,0xEF,0x7D,0xEF,0x7D,0xEF,0x7D,0xEF,0x7D,0xEF,0x7D,0xEF,0x7D,0xEF,0x7D,0xEF,0x7D,0xEF,0x7D,0xEF,0x7D,0xEF,0x7D,0xEF,
  0x7D,0xEF,0x7D,0xEF,0x7D,0xEF,0x7D,0xEF,0x7D,0xEF,0x7D,0xEF,0x7D,0xEF,0x7D,0xEF,0x7D,0xEF,0x7D,0xEF,0x7D,0xEF,0x7D,0xEF,
  0x7D,0xEF,0x7D,0xEF,0x7D,0xEF,0x7D,0xEF,0x7D,0xEF,0x7D,0xEF,0x7D,0xEF,0x7D,0xEF,0x7D,0xEF,0x7D,0xEF,0x7D,0xEF,0x7D,0xEF,
  0x7D,0xEF,0x7D,0xEF,0x7D,0xEF,0x7D,0xEF,0x7D,0xEF,0x7D,0xEF,0x7D,0xEF,0x7D,0xEF,0x7D,0xEF,0x7D,0xEF,0x7D,0xEF,0x7D,0xEF,
  0x7D,0xEF,0x7D,0xEF,0x7D,0xEF,0x7D,0xEF,0x7D,0xEF,0x7D,0xEF,0x7D,0xEF,0x7D,0xEF,0x7D,0xEF,0x7D,0xEF,0x7D,0xEF,0x7D,0xEF,
  0x7D,0xEF,0x7D,0xEF,0x7D,0xEF,0x7D,0xEF,0x7D,0xEF,0x7D,0xEF,0x7D,0xEF,0x7D,0xEF,0x7D,0xEF,0x7D,0xEF,0x7D,0xEF,0x7D,0xEF,
  0x7D,0xEF,0x7D,0xEF,0x7D,0xEF,0x7D,0xEF,0x7D,0xEF,0x7D,0xEF,0x7D,0xEF,0x7D,0xEF,0x7D,0xEF,0x7D,0xEF,0x7D,0xEF,0x7D,0xEF,
  0x7D,0xEF,0x7D,0xEF,0x7D,0xEF,0x7D,0xEF,0x7D,0xEF,0x7D,0xEF,0x7D,0xEF,0x7D,0xEF,0x7D,0xEF,0x7D,0xEF,0x7D,0xEF,0x7D,0xEF,
  0x7D,0xEF,0x7D,0xEF,0x7D,0xEF,0x7D,0xEF,0x7D,0xEF,0x7D,0xEF,0x7D,0xEF,0x7D,0xEF,0x7D,0xEF,0x7D,0xEF,0x7D,0xEF,0x7D,0xEF,
  0x7D,0xEF,0x7D,0xEF,0x7D,0xEF,0x7D,0xEF,0x7D,0xEF,0x7D,0xEF,0x7D,0xEF,0x7D,0xEF,0x7D,0xEF,0x7D,0xEF,0x7D,0xEF,0x7D,0xEF,
  0x7D,0xEF,0x7D,0xEF,0x7D,0xEF,0x7D,0xEF,0x7D,0xEF,0x7D,0xEF,0x7D,0xEF,0x7E,0xEF,0x7D,0xEF,0x7D,0xEF,0x7D,0xEF,0x7E,0xEF,
  0x7E,0xEF,0x7D,0xEF,0x7D,0xEF,0x7D,0xEF,0x9E,0xF7,0x7E,0xF7,0x7D,0xEF,0xBE,0xF7,0xBE,0xF7,0xFA,0xB5,0xF4,0x5A,0x50,0x21,
  0x53,0x4A,0x3A,0xA5,0x3D,0xE7,0xBE,0xF7,0xDE,0xFF,0xBE,0xF7,0xBE,0xF7,0xBC,0xD6,0xB8,0x94,0xD4,0x5A,0x91,0x31,0x31,0x21,
  0x51,0x21,0x72,0x29,0x92,0x29,0x92,0x29,0x92,0x31,0x92,0x31,0x92,0x31,0x92,0x29,0x72,0x29,0x72,0x29,0x92,0x29,0xB2,0x29,
  0x92,0x29,0x92,0x29,0x92,0x29,0x92,0x29,0x92,0x31,0x92,0x31,0x72,0x31,0x92,0x29,0x92,0x29,0x92,0x29,0x92,0x29,0x92,0x29,
  0x92,0x29,0x92,0x29,0x92,0x29,0x92,0x29,0x92,0x29,0x92,0x31,0x72,0x31,0x92,0x29,0x92,0x29,0x92,0x29,0x92,0x31,0x92,0x29,
  0x92,0x29,0x92,0x29,0x92,0x29,0x92,0x29,0x92,0x29,0x91,0x29,0x91,0x29,0x92,0x29,0x92,0x29,0x92,0x29,0x92,0x29,0x51,0x29,
  0x31,0x21,0x51,0x29,0x53,0x4A,0xD6,0x7B,0xDA,0xBD,0x7D,0xEF,0xBE,0xF7,0xDE,0xF7,0xDE,0xF7,0x9E,0xEF,0x5B,0xC6,0x75,0x6B,
  0x50,0x21,0x12,0x3A,0x77,0x8C,0x1D,0xE7,0xDE,0xFF,0x9D,0xF7,0x5D,0xEF,0x7E,0xF7,0x7E,0xEF,0x7D,0xEF,0x7D,0xEF,0x9E,0xF7,
  0x7E,0xEF,0x7D,0xEF,0x7D,0xEF,0x7D,0xEF,0x7D,0xEF,0x7D,0xEF,0x7D,0xEF,0x7D,0xEF,0x7D,0xEF,0x7D,0xEF,0x7D,0xEF,0x7D,0xEF,
  0x7D,0xEF,0x7D,0xEF,0x7D,0xEF,0x7D,0xEF,0x7D,0xEF,0x7D,0xEF,0x7D,0xEF,0x7D,0xEF,0x7D,0xEF,0x7D,0xEF,0x7D,0xEF,0x7D,0xEF,
  0x7D,0xEF,0x7D,0xEF,0x7D,0xEF,0x7D,0xEF,0x7D,0xEF,0x7D,0xEF,0x7D,0xEF,0x7D,0xEF,0x7D,0xEF,0x7D,0xEF,0x7D,0xEF,0x7D,0xEF,
  0x7D,0xEF,0x7D,0xEF,0x7D,0xEF,0x7D,0xEF,0x7D,0xEF,0x7D,0xEF,0x7D,0xEF,0x7D,0xEF,0x7D,0xEF,0x7D,0xEF,0x7D,0xEF,0x7D,0xEF,
  0x7D,0xEF,0x7D,0xEF,0x7D,0xEF,0x7D,0xEF,0x7D,0xEF,0x7D,0xEF,0x7D,0xEF,0x7D,0xEF,0x7D,0xEF,0x7D,0xEF,0x7D,0xEF,0x7D,0xEF,
  0x7D,0xEF,0x7D,0xEF,0x7D,0xEF,0x7D,0xEF,0x7D,0xEF,0x7D,0xEF,0x7D,0xEF,0x7D,0xEF,0x7D,0xEF,0x7D,0xEF,0x7D,0xEF,0x7D,0xEF,
  0x7D,0xEF,0x7D,0xEF,0x7D,0xEF,0x7D,0xEF,0x7D,0xEF,0x7D,0xEF,0x7D,0xEF,0x7D,0xEF,0x7D,0xEF,0x7D,0xEF,0x7D,0xEF,0x7D,0xEF,
  0x7D,0xEF,0x7D,0xEF,0x7D,0xEF,0x7D,0xEF,0x7D,0xEF,0x7D,0xEF,0x7D,0xEF,0x7D,0xEF,0x7D,0xEF,0x7D,0xEF,0x7D,0xEF,0x7D,0xEF,
  0x7D,0xEF,0x7D,0xEF,0x7D,0xEF,0x7D,0xEF,0x7D,0xEF,0x7D,0xEF,0x7D,0xEF,0x7D,0xEF,0x7D,0xEF,0x7D,0xEF,0x7D,0xEF,0x7D,0xEF,
  0x7D,0xEF,0x7D,0xEF,0x7D,0xEF,0x7D,0xEF,0x7D,0xEF,0x7D,0xEF,0x7D,0xEF,0x7D,0xEF,0x7D,0xEF,0x7D,0xEF,0x7D,0xEF,0x7D,0xEF,
  0x7D,0xEF,0x7D,0xEF,0x7D,0xEF,0x7D,0xEF,0x7D,0xEF,0x7D,0xEF,0x7D,0xEF,0x7D,0xEF,0x7D,0xEF,0x7D,0xEF,0x7D,0xEF,0x7D,0xEF,
  0x7D,0xEF,0x7D,0xEF,0x7D,0xEF,0x7D,0xEF,0x7D,0xEF,0x7D,0xEF,0x7D,0xEF,0x7D,0xEF,0x7D,0xEF,0x7D,0xEF,0x7D,0xEF,0x7D,0xEF,
  0x7D,0xEF,0x7D,0xEF,0x7D,0xEF,0x7D,0xEF,0x9D,0xEF,0x9D,0xEF,0x7D,0xEF,0x5D,0xEF,0x9D,0xF7,0xBE,0xF7,0xDF,0xF7,0xDC,0xB5,
  0x14,0x63,0x50,0x29,0xD1,0x39,0x77,0x8C,0xDD,0xD6,0x9E,0xF7,0xDE,0xFF,0x9E,0xF7,0xDE,0xFF,0x7E,0xEF,0x3C,0xC6,0x78,0x8C,
  0xF6,0x5A,0xD2,0x31,0x30,0x19,0x51,0x21,0x72,0x29,0x92,0x29,0x92,0x29,0xB2,0x31,0xB2,0x31,0x92,0x29,0x92,0x29,0x92,0x29,
  0x91,0x29,0x92,0x29,0x92,0x29,0x92,0x29,0x92,0x29,0x92,0x29,0x92,0x29,0x92,0x29,0x92,0x29,0x92,0x29,0x92,0x29,0x92,0x29,
  0x92,0x29,0x92,0x29,0x92,0x29,0x92,0x29,0x92,0x29,0x92,0x29,0x92,0x29,0x92,0x29,0x91,0x29,0x91,0x29,0x91,0x29,0x91,0x29,
  0x92,0x29,0x92,0x29,0x92,0x29,0x91,0x29,0x92,0x29,0xB3,0x31,0xB3,0x29,0x73,0x21,0x51,0x21,0x30,0x21,0xB2,0x31,0x73,0x42,
  0xF5,0x7B,0xDA,0xBD,0x1D,0xDF,0xBE,0xF7,0xBE,0xF7,0xBE,0xF7,0xDF,0xFF,0x3E,0xE7,0x79,0xAD,0xD4,0x5A,0x31,0x29,0x12,0x42,
  0xB8,0x94,0x1E,0xE7,0xDF,0xFF,0x9D,0xF7,0x5D,0xEF,0x9E,0xF7,0x7E,0xEF,0x7E,0xEF,0x7D,0xEF,0x7D,0xEF,0x7D,0xEF,0x7D,0xEF,
  0x7D,0xEF,0x7D,0xEF,0x7D,0xEF,0x7D,0xEF,0x7D,0xEF,0x7D,0xEF,0x7D,0xEF,0x7D,0xEF,0x7D,0xEF,0x7D,0xEF,0x7D,0xEF,0x7D,0xEF,
  0x7D,0xEF,0x7D,0xEF,0x7D,0xEF,0x7D,0xEF,0x7D,0xEF,0x7D,0xEF,0x7D,0xEF,0x7D,0xEF,0x7D,0xEF,0x7D,0xEF,0x7D,0xEF,0x7D,0xEF,
  0x7D,0xEF,0x7D,0xEF,0x7D,0xEF,0x7D,0xEF,0x7D,0xEF,0x7D,0xEF,0x7D,0xEF,0x7D,0xEF,0x7D,0xEF,0x7D,0xEF,0x7D,0xEF,0x7D,0xEF,
  0x7D,0xEF,0x7D,0xEF,0x7D,0xEF,0x7D,0xEF,0x7D,0xEF,0x7D,0xEF,0x7D,0xEF,0x7D,0xEF,0x7D,0xEF,0x7D,0xEF,0x7D,0xEF,0x7D,0xEF,
  0x7D,0xEF,0x7D,0xEF,0x7D,0xEF,0x7D,0xEF,0x7D,0xEF,0x7D,0xEF,0x7D,0xEF,0x7D,0xEF,0x7D,0xEF,0x7D,0xEF,0x7D,0xEF,0x7D,0xEF,
  0x7D,0xEF,0x7D,0xEF,0x7D,0xEF,0x7D,0xEF,0x7D,0xEF,0x7D,0xEF,0x7D,0xEF,0x7D,0xEF,0x7D,0xEF,0x7D,0xEF,0x7D,0xEF,0x7D,0xEF,
  0x7D,0xEF,0x7D,0xEF,0x7D,0xEF,0x7D,0xEF,0x7D,0xEF,0x7D,0xEF,0x7D,0xEF,0x7D,0xEF,0x7D,0xEF,0x7D,0xEF,0x7D,0xEF,0x7D,0xEF,
  0x7D,0xEF,0x7D,0xEF,0x7D,0xEF,0x7D,0xEF,0x7D,0xEF,0x7D,0xEF,0x7D,0xEF,0x7D,0xEF,0x7D,0xEF,0x7D,0xEF,0x7D,0xEF,0x7D,0xEF,
  0x7D,0xEF,0x7D,0xEF,0x7D,0xEF,0x7D,0xEF,0x7D,0xEF,0x7D,0xEF,0x7D,0xEF,0x7D,0xEF,0x7D,0xEF,0x7D,0xEF,0x7D,0xEF,0x7D,0xEF,
  0x7D,0xEF,0x7D,0xEF,0x7D,0xEF,0x7D,0xEF,0x7D,0xEF,0x7D,0xEF,0x7D,0xEF,0x7D,0xEF,0x7D,0xEF,0x7D,0xEF,0x7D,0xEF,0x7D,0xEF,
  0x7D,0xEF,0x7D,0xEF,0x7D,0xEF,0x7D,0xEF,0x7D,0xEF,0x7D,0xEF,0x7D,0xEF,0x7D,0xEF,0x7D,0xEF,0x7D,0xEF,0x7D,0xEF,0x7D,0xEF,
  0x7D,0xEF,0x7D,0xEF,0x7D,0xEF,0x7D,0xEF,0x7D,0xEF,0x7D,0xEF,0x7D,0xEF,0x7D,0xEF,0x7D,0xEF,0x7D,0xEF,0x7D,0xEF,0x7D,0xEF,
  0x7D,0xEF,0x7D,0xEF,0x7D,0xEF,0x7D,0xEF,0x7E,0xF7,0x9E,0xF7,0x9E,0xF7,0x5D,0xEF,0x7E,0xF7,0x5D,0xEF,0x7C,0xEF,0xDE,0xF7,
  0xDF,0xFF,0x5B,0xCE,0xD6,0x7B,0xB1,0x31,0x50,0x29,0x56,0x6B,0x9B,0xB5,0x3E,0xE7,0xBE,0xF7,0xDE,0xFF,0xBE,0xFF,0xBD,0xF7,
  0x7E,0xF7,0x7B,0xCE,0x39,0xA5,0xB6,0x73,0x53,0x42,0x92,0x31,0x51,0x21,0x31,0x21,0x51,0x21,0x72,0x29,0x93,0x31,0xB3,0x31,
  0xB2,0x31,0xB2,0x31,0x92,0x29,0x92,0x29,0x92,0x29,0x92,0x29,0x92,0x29,0x92,0x29,0x92,0x29,0x92,0x29,0x92,0x29,0x92,0x29,
  0x92,0x29,0x92,0x29,0x92,0x29,0x92,0x29,0x92,0x29,0x92,0x29,0x92,0x29,0x92,0x29,0x92,0x29,0x93,0x31,0xB3,0x31,0x92,0x29,
  0xB2,0x31,0xB2,0x31,0x92,0x29,0x72,0x29,0x31,0x21,0x31,0x21,0x92,0x29,0x12,0x3A,0x34,0x63,0xB8,0x94,0x1B,0xBE,0x1D,0xE7,
  0x9E,0xF7,0xBE,0xFF,0xDD,0xF7,0xDE,0xFF,0x7E,0xEF,0x7C,0xCE,0x37,0x84,0xF1,0x39,0x50,0x29,0xD4,0x5A,0x59,0xA5,0x5E,0xE7,
  0xFF,0xFF,0x9D,0xF7,0x5D,0xEF,0x7D,0xEF,0x7D,0xEF,0x7D,0xEF,0x9E,0xEF,0x9E,0xF7,0x7D,0xEF,0x7D,0xEF,0x7D,0xEF,0x7D,0xEF,
  0x7D,0xEF,0x7D,0xEF,0x7D,0xEF,0x7D,0xEF,0x7D,0xEF,0x7D,0xEF,0x7D,0xEF,0x7D,0xEF,0x7D,0xEF,0x7D,0xEF,0x7D,0xEF,0x7D,0xEF,
  0x7D,0xEF,0x7D,0xEF,0x7D,0xEF,0x7D,0xEF,0x7D,0xEF,0x7D,0xEF,0x7D,0xEF,0x7D,0xEF,0x7D,0xEF,0x7D,0xEF,0x7D,0xEF,0x7D,0xEF,
  0x7D,0xEF,0x7D,0xEF,0x7D,0xEF,0x7D,0xEF,0x7D,0xEF,0x7D,0xEF,0x7D,0xEF,0x7D,0xEF,0x7D,0xEF,0x7D,0xEF,0x7D,0xEF,0x7D,0xEF,
  0x7D,0xEF,0x7D,0xEF,0x7D,0xEF,0x7D,0xEF,0x7D,0xEF,0x7D,0xEF,0x7D,0xEF,0x7D,0xEF,0x7D,0xEF,0x7D,0xEF,0x7D,0xEF,0x7D,0xEF,
  0x7D,0xEF,0x7D,0xEF,0x7D,0xEF,0x7D,0xEF,0x7D,0xEF,0x7D,0xEF,0x7D,0xEF,0x7D,0xEF,0x7D,0xEF,0x7D,0xEF,0x7D,0xEF,0x7D,0xEF,
  0x7D,0xEF,0x7D,0xEF,0x7D,0xEF,0x7D,0xEF,0x7D,0xEF,0x7D,0xEF,0x7D,0xEF,0x7D,0xEF,0x7D,0xEF,0x7D,0xEF,0x7D,0xEF,0x7D,0xEF,
  0x7D,0xEF,0x7D,0xEF,0x7D,0xEF,0x7D,0xEF,0x7D,0xEF,0x7D,0xEF,0x7D,0xEF,0x7D,0xEF,0x7D,0xEF,0x7D,0xEF,0x7D,0xEF,0x7D,0xEF,
  0x7D,0xEF,0x7D,0xEF,0x7D,0xEF,0x7D,0xEF,0x7D,0xEF,0x7D,0xEF,0x7D,0xEF,0x7D,0xEF,0x7D,0xEF,0x7D,0xEF,0x7D,0xEF,0x7D,0xEF,
  0x7D,0xEF,0x7D,0xEF,0x7D,0xEF,0x7D,0xEF,0x7D,0xEF,0x7D,0xEF,0x7D,0xEF,0x7D,0xEF,0x7D,0xEF,0x7D,0xEF,0x7D,0xEF,0x7D,0xEF,
  0x7D,0xEF,0x7D,0xEF,0x7D,0xEF,0x7D,0xEF,0x7D,0xEF,0x7D,0xEF,0x7D,0xEF,0x7D,0xEF,0x7D,0xEF,0x7D,0xEF,0x7D,0xEF,0x7D,0xEF,
  0x7D,0xEF,0x7D,0xEF,0x7D,0xEF,0x7D,0xEF,0x7D,0xEF,0x7D,0xEF,0x7D,0xEF,0x7D,0xEF,0x7D,0xEF,0x7D,0xEF,0x7D,0xEF,0x7D,0xEF,
  0x7D,0xEF,0x7D,0xEF,0x7D,0xEF,0x7D,0xEF,0x7D,0xEF,0x7D,0xEF,0x7D,0xEF,0x7D,0xEF,0x7D,0xEF,0x7D,0xEF,0x7D,0xEF,0x7D,0xEF,
  0x7D,0xEF,0x7D,0xEF,0x7D,0xEF,0x7D,0xEF,0x7E,0xF7,0x7D,0xF7,0x9D,0xF7,0x9D,0xEF,0x9D,0xEF,0x7D,0xEF,0x7E,0xEF,0x7E,0xEF,
  0x5D,0xEF,0xBE,0xFF,0xFF,0xFF,0xDD,0xD6,0xB8,0x94,0x53,0x4A,0x51,0x29,0xF2,0x39,0xD6,0x7B,0x1B,0xBE,0x7E,0xEF,0xDD,0xFF,
  0xBD,0xFF,0xDE,0xFF,0xDE,0xFF,0x9D,0xF7,0x3D,0xE7,0x7C,0xCE,0x39,0xA5,0xD6,0x7B,0xD5,0x5A,0x33,0x42,0x91,0x29,0x50,0x21,
  0x30,0x21,0x31,0x21,0x31,0x21,0x51,0x21,0x52,0x29,0x72,0x29,0x72,0x29,0x92,0x29,0x92,0x29,0x92,0x29,0x92,0x29,0xB2,0x31,
  0xB2,0x31,0x92,0x31,0x92,0x29,0x92,0x29,0x92,0x29,0x72,0x29,0x72,0x29,0x72,0x29,0x51,0x29,0x51,0x21,0x51,0x29,0x51,0x29,
  0x31,0x21,0x31,0x29,0xD2,0x39,0x94,0x52,0x75,0x6B,0x97,0x94,0xDA,0xBD,0xFE,0xDE,0x7E,0xEF,0xBE,0xFF,0xDE,0xFF,0xDD,0xFF,
  0xDE,0xFF,0xBF,0xF7,0x7C,0xCE,0xB8,0x94,0xD4,0x52,0x50,0x29,0xB2,0x39,0xD7,0x7B,0x5B,0xC6,0xBE,0xEF,0xFF,0xFF,0xBE,0xF7,
  0x7D,0xEF,0x7E,0xEF,0x9E,0xEF,0x9D,0xEF,0x9D,0xF7,0x7D,0xEF,0x5D,0xEF,0x7E,0xEF,0x7D,0xEF,0x7D,0xEF,0x7D,0xEF,0x7D,0xEF,
  0x7D,0xEF,0x7D,0xEF,0x7D,0xEF,0x7D,0xEF,0x7D,0xEF,0x7D,0xEF,0x7D,0xEF,0x7D,0xEF,0x7D,0xEF,0x7D,0xEF,0x7D,0xEF,0x7D,0xEF,
  0x7D,0xEF,0x7D,0xEF,0x7D,0xEF,0x7D,0xEF,0x7D,0xEF,0x7D,0xEF,0x7D,0xEF,0x7D,0xEF,0x7D,0xEF,0x7D,0xEF,0x7D,0xEF,0x7D,0xEF,
  0x7D,0xEF,0x7D,0xEF,0x7D,0xEF,0x7D,0xEF,0x7D,0xEF,0x7D,0xEF,0x7D,0xEF,0x7D,0xEF,0x7D,0xEF,0x7D,0xEF,0x7D,0xEF,0x7D,0xEF,
  0x7D,0xEF,0x7D,0xEF,0x7D,0xEF,0x7D,0xEF,0x7D,0xEF,0x7D,0xEF,0x7D,0xEF,0x7D,0xEF,0x7D,0xEF,0x7D,0xEF,0x7D,0xEF,0x7D,0xEF,
  0x7D,0xEF,0x7D,0xEF,0x7D,0xEF,0x7D,0xEF,0x7D,0xEF,0x7D,0xEF,0x7D,0xEF,0x7D,0xEF,0x7D,0xEF,0x7D,0xEF,0x7D,0xEF,0x7D,0xEF,
  0x7D,0xEF,0x7D,0xEF,0x7D,0xEF,0x7D,0xEF,0x7D,0xEF,0x7D,0xEF,0x7D,0xEF,0x7D,0xEF,0x7D,0xEF,0x7D,0xEF,0x7D,0xEF,0x7D,0xEF,
  0x7D,0xEF,0x7D,0xEF,0x7D,0xEF,0x7D,0xEF,0x7D,0xEF,0x7D,0xEF,0x7D,0xEF,0x7D,0xEF,0x7D,0xEF,0x7D,0xEF,0x7D,0xEF,0x7D,0xEF,
  0x7D,0xEF,0x7D,0xEF,0x7D,0xEF,0x7D,0xEF,0x7D,0xEF,0x7D,0xEF,0x7D,0xEF,0x7D,0xEF,0x7D,0xEF,0x7D,0xEF,0x7D,0xEF,0x7D,0xEF,
  0x7D,0xEF,0x7D,0xEF,0x7D,0xEF,0x7D,0xEF,0x7D,0xEF,0x7D,0xEF,0x7D,0xEF,0x7D,0xEF,0x7D,0xEF,0x7D,0xEF,0x7D,0xEF,0x7D,0xEF,
  0x7D,0xEF,0x7D,0xEF,0x7D,0xEF,0x7D,0xEF,0x7D,0xEF,0x7D,0xEF,0x7D,0xEF,0x7D,0xEF,0x7D,0xEF,0x7D,0xEF,0x7D,0xEF,0x7D,0xEF,
  0x7D,0xEF,0x7D,0xEF,0x7D,0xEF,0x7D,0xEF,0x7D,0xEF,0x7D,0xEF,0x7D,0xEF,0x7D,0xEF,0x7D,0xEF,0x7D,0xEF,0x7D,0xEF,0x7D,0xEF,
  0x7D,0xEF,0x7D,0xEF,0x7D,0xEF,0x7D,0xEF,0x7D,0xEF,0x7D,0xEF,0x7D,0xEF,0x7D,0xEF,0x7D,0xEF,0x7D,0xEF,0x7D,0xEF,0x7D,0xEF,
  0x7D,0xEF,0x7D,0xEF,0x7D,0xEF,0x7D,0xEF,0x9D,0xF7,0x9D,0xF7,0x7D,0xEF,0x9E,0xEF,0x9E,0xEF,0x9D,0xF7,0x7D,0xF7,0x9D,0xF7,
  0x9D,0xF7,0x7D,0xEF,0x7D,0xEF,0xBE,0xF7,0xFE,0xF7,0x9D,0xEF,0x1B,0xBE,0xF7,0x7B,0xF2,0x39,0x71,0x31,0x12,0x42,0xB6,0x73,
  0xDA,0xB5,0x1D,0xDF,0xBF,0xF7,0xDE,0xFF,0xDE,0xFF,0xDD,0xFF,0xDE,0xFF,0xDF,0xFF,0x5D,0xEF,0xDD,0xDE,0x5C,0xC6,0x7A,0xAD,
  0x98,0x8C,0xD6,0x7B,0xF5,0x5A,0x74,0x52,0x33,0x4A,0xF3,0x41,0xD3,0x39,0x92,0x29,0x72,0x29,0x72,0x29,0x51,0x29,0x31,0x21,
  0x31,0x21,0x51,0x21,0x72,0x29,0x72,0x29,0x92,0x29,0xB2,0x31,0xD3,0x39,0x13,0x42,0x54,0x4A,0xB4,0x52,0x55,0x6B,0x37,0x84,
  0x19,0x9D,0x1C,0xBE,0xBC,0xD6,0x1D,0xDF,0x9E,0xF7,0xDF,0xFF,0xDE,0xFF,0xBD,0xFF,0xDD,0xFF,0xDE,0xFF,0x3D,0xE7,0x7C,0xCE,
  0xB9,0x94,0x93,0x52,0x90,0x31,0xB2,0x31,0xF4,0x5A,0x39,0xA5,0x1D,0xE7,0xDE,0xF7,0xBE,0xFF,0x7E,0xF7,0x5D,0xEF,0x7E,0xEF,
  0x7D,0xF7,0x7D,0xF7,0x9D,0xF7,0x9E,0xEF,0x7D,0xEF,0x9E,0xF7,0x9E,0xF7,0x7D,0xEF,0x7D,0xEF,0x7D,0xEF,0x7D,0xEF,0x7D,0xEF,
  0x7D,0xEF,0x7D,0xEF,0x7D,0xEF,0x7D,0xEF,0x7D,0xEF,0x7D,0xEF,0x7D,0xEF,0x7D,0xEF,0x7D,0xEF,0x7D,0xEF,0x7D,0xEF,0x7D,0xEF,
  0x7D,0xEF,0x7D,0xEF,0x7D,0xEF,0x7D,0xEF,0x7D,0xEF,0x7D,0xEF,0x7D,0xEF,0x7D,0xEF,0x7D,0xEF,0x7D,0xEF,0x7D,0xEF,0x7D,0xEF,
  0x7D,0xEF,0x7D,0xEF,0x7D,0xEF,0x7D,0xEF,0x7D,0xEF,0x7D,0xEF,0x7D,0xEF,0x7D,0xEF,0x7D,0xEF,0x7D,0xEF,0x7D,0xEF,0x7D,0xEF,
  0x7D,0xEF,0x7D,0xEF,0x7D,0xEF,0x7D,0xEF,0x7D,0xEF,0x7D,0xEF,0x7D,0xEF,0x7D,0xEF,0x7D,0xEF,0x7D,0xEF,0x7D,0xEF,0x7D,0xEF,
  0x7D,0xEF,0x7D,0xEF,0x7D,0xEF,0x7D,0xEF,0x7D,0xEF,0x7D,0xEF,0x7D,0xEF,0x7D,0xEF,0x7D,0xEF,0x7D,0xEF,0x7D,0xEF,0x7D,0xEF,
  0x7D,0xEF,0x7D,0xEF,0x7D,0xEF,0x7D,0xEF,0x7D,0xEF,0x7D,0xEF,0x7D,0xEF,0x7D,0xEF,0x7D,0xEF,0x7D,0xEF,0x7D,0xEF,0x7D,0xEF,
  0x7D,0xEF,0x7D,0xEF,0x7D,0xEF,0x7D,0xEF,0x7D,0xEF,0x7D,0xEF,0x7D,0xEF,0x7D,0xEF,0x7D,0xEF,0x7D,0xEF,0x7D,0xEF,0x7D,0xEF,
  0x7D,0xEF,0x7D,0xEF,0x7D,0xEF,0x7D,0xEF,0x7D,0xEF,0x7D,0xEF,0x7D,0xEF,0x7D,0xEF,0x7D,0xEF,0x7D,0xEF,0x7D,0xEF,0x7D,0xEF,
  0x7D,0xEF,0x7D,0xEF,0x7D,0xEF,0x7D,0xEF,0x7D,0xEF,0x7D,0xEF,0x7D,0xEF,0x7D,0xEF,0x7D,0xEF,0x7D,0xEF,0x7D,0xEF,0x7D,0xEF,
  0x7D,0xEF,0x7D,0xEF,0x7D,0xEF,0x7D,0xEF,0x7D,0xEF,0x7D,0xEF,0x7D,0xEF,0x7D,0xEF,0x7D,0xEF,0x7D,0xEF,0x7D,0xEF,0x7D,0xEF,
  0x7D,0xEF,0x7D,0xEF,0x7D,0xEF,0x7D,0xEF,0x7D,0xEF,0x7D,0xEF,0x7D,0xEF,0x7D,0xEF,0x7D,0xEF,0x7D,0xEF,0x7D,0xEF,0x7D,0xEF,
  0x7D,0xEF,0x7D,0xEF,0x7D,0xEF,0x7D,0xEF,0x7D,0xEF,0x7D,0xEF,0x7D,0xEF,0x7D,0xEF,0x7D,0xEF,0x7D,0xEF,0x7D,0xEF,0x7D,0xEF,
  0x7D,0xEF,0x7D,0xEF,0x7D,0xEF,0x7D,0xEF,0x7D,0xEF,0x7D,0xEF,0x7D,0xEF,0x7D,0xEF,0x7D,0xEF,0x7E,0xEF,0x7D,0xEF,0x7D,0xEF,
  0x7D,0xEF,0x9D,0xF7,0x7D,0xEF,0x7D,0xEF,0x7D,0xEF,0x9D,0xF7,0xBE,0xF7,0xDF,0xFF,0x7E,0xEF,0xDB,0xBD,0xF7,0x7B,0x12,0x42,
  0x50,0x29,0xD1,0x39,0x14,0x63,0xB8,0x94,0x1B,0xC6,0x1D,0xE7,0x9D,0xEF,0xDE,0xF7,0xFF,0xFF,0xFF,0xFF,0xDE,0xFF,0xBE,0xFF,
  0xBE,0xF7,0xBE,0xF7,0xDE,0xF7,0x7D,0xEF,0xFC,0xDE,0x9B,0xD6,0x7B,0xCE,0xFA,0xBD,0xBA,0xB5,0xDB,0xB5,0xBA,0xB5,0x39,0xA5,
  0x19,0xA5,0x7A,0xAD,0xBA,0xB5,0xDA,0xB5,0xDA,0xB5,0x1B,0xC6,0x7B,0xCE,0xDC,0xD6,0x5D,0xE7,0xBF,0xF7,0xBE,0xF7,0x9E,0xF7,
  0xBE,0xFF,0xDE,0xFF,0xDE,0xFF,0xFE,0xFF,0xFE,0xFF,0x9D,0xF7,0x7E,0xEF,0xBC,0xD6,0x39,0xA5,0x95,0x73,0x53,0x42,0x51,0x29,
  0xB1,0x31,0x34,0x5B,0x19,0x9D,0xDD,0xDE,0xBF,0xFF,0xDE,0xFF,0x9E,0xF7,0x7D,0xEF,0x7D,0xEF,0x7D,0xEF,0x7D,0xEF,0x7D,0xEF,
  0x7D,0xEF,0x7D,0xEF,0x7D,0xEF,0x7D,0xEF,0x7D,0xEF,0x7D,0xEF,0x9D,0xEF,0x7D,0xEF,0x7D,0xEF,0x7D,0xEF,0x7D,0xEF,0x7D,0xEF,
  0x7D,0xEF,0x7D,0xEF,0x7D,0xEF,0x7D,0xEF,0x7D,0xEF,0x7D,0xEF,0x7D,0xEF,0x7D,0xEF,0x7D,0xEF,0x7D,0xEF,0x7D,0xEF,0x7D,0xEF,
  0x7D,0xEF,0x7D,0xEF,0x7D,0xEF,0x7D,0xEF,0x7D,0xEF,0x7D,0xEF,0x7D,0xEF,0x7D,0xEF,0x7D,0xEF,0x7D,0xEF,0x7D,0xEF,0x7D,0xEF,
  0x7D,0xEF,0x7D,0xEF,0x7D,0xEF,0x7D,0xEF,0x7D,0xEF,0x7D,0xEF,0x7D,0xEF,0x7D,0xEF,0x7D,0xEF,0x7D,0xEF,0x7D,0xEF,0x7D,0xEF,
  0x7D,0xEF,0x7D,0xEF,0x7D,0xEF,0x7D,0xEF,0x7D,0xEF,0x7D,0xEF,0x7D,0xEF,0x7D,0xEF,0x7D,0xEF,0x7D,0xEF,0x7D,0xEF,0x7D,0xEF,
  0x7D,0xEF,0x7D,0xEF,0x7D,0xEF,0x7D,0xEF,0x7D,0xEF,0x7D,0xEF,0x7D,0xEF,0x7D,0xEF,0x7D,0xEF,0x7D,0xEF,0x7D,0xEF,0x7D,0xEF,
  0x7D,0xEF,0x7D,0xEF,0x7D,0xEF,0x7D,0xEF,0x7D,0xEF,0x7D,0xEF,0x7D,0xEF,0x7D,0xEF,0x7D,0xEF,0x7D,0xEF,0x7D,0xEF,0x7D,0xEF,
  0x7D,0xEF,0x7D,0xEF,0x7D,0xEF,0x7D,0xEF,0x7D,0xEF,0x7D,0xEF,0x7D,0xEF,0x7D,0xEF,0x7D,0xEF,0x7D,0xEF,0x7D,0xEF,0x7D,0xEF,
  0x7D,0xEF,0x7D,0xEF,0x7D,0xEF,0x7D,0xEF,0x7D,0xEF,0x7D,0xEF,0x7D,0xEF,0x7D,0xEF,0x7D,0xEF,0x7D,0xEF,0x7D,0xEF,0x7D,0xEF,
  0x7D,0xEF,0x7D,0xEF,0x7D,0xEF,0x7D,0xEF,0x7D,0xEF,0x7D,0xEF,0x7D,0xEF,0x7D,0xEF,0x7D,0xEF,0x7D,0xEF,0x7D,0xEF,0x7D,0xEF,
  0x7D,0xEF,0x7D,0xEF,0x7D,0xEF,0x7D,0xEF,0x7D,0xEF,0x7D,0xEF,0x7D,0xEF,0x7D,0xEF,0x7D,0xEF,0x7D,0xEF,0x7D,0xEF,0x7D,0xEF,
  0x7D,0xEF,0x7D,0xEF,0x7D,0xEF,0x7D,0xEF,0x7D,0xEF,0x7D,0xEF,0x7D,0xEF,0x7D,0xEF,0x7D,0xEF,0x7D,0xEF,0x7D,0xEF,0x7D,0xEF,
  0x7D,0xEF,0x7D,0xEF,0x7D,0xEF,0x7D,0xEF,0x7D,0xEF,0x7D,0xEF,0x7D,0xEF,0x7D,0xEF,0x7D,0xEF,0x7D,0xEF,0x7D,0xEF,0x7D,0xEF,
  0x7D,0xEF,0x7D,0xEF,0x7D,0xEF,0x7D,0xEF,0x7D,0xEF,0x7D,0xEF,0x7D,0xEF,0x7D,0xEF,0x7D,0xEF,0x7D,0xEF,0x7D,0xEF,0x7D,0xEF,
  0x7D,0xEF,0x7D,0xEF,0x9D,0xEF,0x9D,0xEF,0x7E,0xEF,0x7E,0xEF,0x7D,0xEF,0x7D,0xEF,0x9D,0xF7,0xDE,0xF7,0xDE,0xF7,0x5E,0xEF,
  0x5D,0xC6,0x98,0x94,0xD4,0x5A,0xD2,0x31,0x71,0x29,0xD1,0x31,0xF4,0x5A,0x37,0x84,0x59,0xAD,0x3B,0xC6,0x1D,0xE7,0xBE,0xF7,
  0xBE,0xF7,0xBD,0xF7,0xBD,0xF7,0xDE,0xFF,0xFF,0xFF,0xDF,0xFF,0xDE,0xFF,0xFE,0xFF,0xFE,0xFF,0xDD,0xFF,0xDD,0xFF,0xFE,0xFF,
  0xFE,0xFF,0xFE,0xFF,0xDE,0xFF,0xDD,0xFF,0xFE,0xFF,0xFE,0xFF,0xDE,0xFF,0xFF,0xFF,0xDE,0xFF,0xBE,0xF7,0xDE,0xF7,0xDE,0xF7,
  0xBE,0xF7,0x3D,0xE7,0x9B,0xD6,0xBA,0xB5,0x98,0x8C,0x75,0x63,0x33,0x42,0x91,0x29,0x92,0x29,0x54,0x4A,0xF7,0x7B,0x9A,0xAD,
  0x1C,0xDF,0xBE,0xF7,0xFF,0xFF,0xBE,0xF7,0x7D,0xEF,0x7D,0xEF,0x7E,0xEF,0x7D,0xEF,0x9D,0xEF,0x9D,0xEF,0x7D,0xEF,0x7D,0xEF,
  0x7D,0xEF,0x7D,0xEF,0x7D,0xEF,0x7D,0xEF,0x7D,0xEF,0x7D,0xEF,0x7D,0xEF,0x7D,0xEF,0x7D,0xEF,0x7D,0xEF,0x7D,0xEF,0x7D,0xEF,
  0x7D,0xEF,0x7D,0xEF,0x7D,0xEF,0x7D,0xEF,0x7D,0xEF,0x7D,0xEF,0x7D,0xEF,0x7D,0xEF,0x7D,0xEF,0x7D,0xEF,0x7D,0xEF,0x7D,0xEF,
  0x7D,0xEF,0x7D,0xEF,0x7D,0xEF,0x7D,0xEF,0x7D,0xEF,0x7D,0xEF,0x7D,0xEF,0x7D,0xEF,0x7D,0xEF,0x7D,0xEF,0x7D,0xEF,0x7D,0xEF,
  0x7D,0xEF,0x7D,0xEF,0x7D,0xEF,0x7D,0xEF,0x7D,0xEF,0x7D,0xEF,0x7D,0xEF,0x7D,0xEF,0x7D,0xEF,0x7D,0xEF,0x7D,0xEF,0x7D,0xEF,
  0x7D,0xEF,0x7D,0xEF,0x7D,0xEF,0x7D,0xEF,0x7D,0xEF,0x7D,0xEF,0x7D,0xEF,0x7D,0xEF,0x7D,0xEF,0x7D,0xEF,0x7D,0xEF,0x7D,0xEF,
  0x7D,0xEF,0x7D,0xEF,0x7D,0xEF,0x7D,0xEF,0x7D,0xEF,0x7D,0xEF,0x7D,0xEF,0x7D,0xEF,0x7D,0xEF,0x7D,0xEF,0x7D,0xEF,0x7D,0xEF,
  0x7D,0xEF,0x7D,0xEF,0x7D,0xEF,0x7D,0xEF,0x7D,0xEF,0x7D,0xEF,0x7D,0xEF,0x7D,0xEF,0x7D,0xEF,0x7D,0xEF,0x7D,0xEF,0x7D,0xEF,
  0x7D,0xEF,0x7D,0xEF,0x7D,0xEF,0x7D,0xEF,0x7D,0xEF,0x7D,0xEF,0x7D,0xEF,0x7D,0xEF,0x7D,0xEF,0x7D,0xEF,0x7D,0xEF,0x7D,0xEF,
  0x7D,0xEF,0x7D,0xEF,0x7D,0xEF,0x7D,0xEF,0x7D,0xEF,0x7D,0xEF,0x7D,0xEF,0x7D,0xEF,0x7D,0xEF,0x7D,0xEF,0x7D,0xEF,0x7D,0xEF,
  0x7D,0xEF,0x7D,0xEF,0x7D,0xEF,0x7D,0xEF,0x7D,0xEF,0x7D,0xEF,0x7D,0xEF,0x7D,0xEF,0x7D,0xEF,0x7D,0xEF,0x7D,0xEF,0x7D,0xEF,
  0x7D,0xEF,0x7D,0xEF,0x7D,0xEF,0x7D,0xEF,0x7D,0xEF,0x7D,0xEF,0x7D,0xEF,0x7D,0xEF,0x7D,0xEF,0x7D,0xEF,0x7D,0xEF,0x7D,0xEF,
  0x7D,0xEF,0x7D,0xEF,0x7D,0xEF,0x7D,0xEF,0x7D,0xEF,0x7D,0xEF,0x7D,0xEF,0x7D,0xEF,0x7D,0xEF,0x7D,0xEF,0x7D,0xEF,0x7D,0xEF,
  0x7D,0xEF,0x7D,0xEF,0x7D,0xEF,0x7D,0xEF,0x7D,0xEF,0x7D,0xEF,0x7D,0xEF,0x7D,0xEF,0x7D,0xEF,0x7D,0xEF,0x7D,0xEF,0x7D,0xEF,
  0x7D,0xEF,0x7D,0xEF,0x7D,0xEF,0x7D,0xEF,0x7D,0xEF,0x7D,0xEF,0x7D,0xEF,0x7D,0xEF,0x7D,0xEF,0x7D,0xEF,0x7D,0xEF,0x7D,0xEF,
  0x7D,0xEF,0x7D,0xEF,0x7D,0xEF,0x7D,0xEF,0x7E,0xEF,0x7E,0xEF,0x7D,0xEF,0x7D,0xEF,0x9D,0xF7,0x7D,0xEF,0x7D,0xEF,0x7D,0xF7,
  0xBE,0xFF,0xDE,0xFF,0xDE,0xF7,0x1C,0xDF,0xFA,0xBD,0x98,0x94,0x35,0x63,0xF3,0x39,0xB3,0x31,0x92,0x31,0xB2,0x31,0x53,0x42,
  0x55,0x63,0x37,0x84,0xF8,0x9C,0x9A,0xB5,0x1B,0xC6,0x7B,0xCE,0xBC,0xDE,0xDC,0xDE,0x1D,0xE7,0x3D,0xE7,0x1D,0xE7,0x3D,0xE7,
  0x3D,0xE7,0x3D,0xE7,0x1D,0xE7,0x1D,0xDF,0xFC,0xDE,0xDC,0xDE,0x7B,0xCE,0x5B,0xC6,0xDA,0xB5,0x39,0xA5,0x97,0x8C,0x95,0x6B,
  0xB4,0x4A,0xD2,0x31,0x92,0x31,0x92,0x31,0xB2,0x39,0x95,0x52,0xF8,0x83,0x7A,0xAD,0x9B,0xCE,0x9D,0xF7,0xFE,0xFF,0xDF,0xFF,
  0x9E,0xF7,0x7D,0xF7,0x7D,0xEF,0x7D,0xEF,0x7D,0xEF,0x9D,0xEF,0x9D,0xEF,0x7D,0xEF,0x7D,0xEF,0x7D,0xEF,0x7D,0xEF,0x7D,0xEF,
  0x7D,0xEF,0x7D,0xEF,0x7D,0xEF,0x7D,0xEF,0x7D,0xEF,0x7D,0xEF,0x7D,0xEF,0x7D,0xEF,0x7D,0xEF,0x7D,0xEF,0x7D,0xEF,0x7D,0xEF,
  0x7D,0xEF,0x7D,0xEF,0x7D,0xEF,0x7D,0xEF,0x7D,0xEF,0x7D,0xEF,0x7D,0xEF,0x7D,0xEF,0x7D,0xEF,0x7D,0xEF,0x7D,0xEF,0x7D,0xEF,
  0x7D,0xEF,0x7D,0xEF,0x7D,0xEF,0x7D,0xEF,0x7D,0xEF,0x7D,0xEF,0x7D,0xEF,0x7D,0xEF,0x7D,0xEF,0x7D,0xEF,0x7D,0xEF,0x7D,0xEF,
  0x7D,0xEF,0x7D,0xEF,0x7D,0xEF,0x7D,0xEF,0x7D,0xEF,0x7D,0xEF,0x7D,0xEF,0x7D,0xEF,0x7D,0xEF,0x7D,0xEF,0x7D,0xEF,0x7D,0xEF,
  0x7D,0xEF,0x7D,0xEF,0x7D,0xEF,0x7D,0xEF,0x7D,0xEF,0x7D,0xEF,0x7D,0xEF,0x7D,0xEF,0x7D,0xEF,0x7D,0xEF,0x7D,0xEF,0x7D,0xEF,
  0x7D,0xEF,0x7D,0xEF,0x7D,0xEF,0x7D,0xEF,0x7D,0xEF,0x7D,0xEF,0x7D,0xEF,0x7D,0xEF,0x7D,0xEF,0x7D,0xEF,0x7D,0xEF,0x7D,0xEF,
  0x7D,0xEF,0x7D,0xEF,0x7D,0xEF,0x7D,0xEF,0x7D,0xEF,0x7D,0xEF,0x7D,0xEF,0x7D,0xEF,0x7D,0xEF,0x7D,0xEF,0x7D,0xEF,0x7D,0xEF,
  0x7D,0xEF,0x7D,0xEF,0x7D,0xEF,0x7D,0xEF,0x7D,0xEF,0x7D,0xEF,0x7D,0xEF,0x7D,0xEF,0x7D,0xEF,0x7D,0xEF,0x7D,0xEF,0x7D,0xEF,
  0x7D,0xEF,0x7D,0xEF,0x7D,0xEF,0x7D,0xEF,0x7D,0xEF,0x7D,0xEF,0x7D,0xEF,0x7D,0xEF,0x7D,0xEF,0x7D,0xEF,0x7D,0xEF,0x7D,0xEF,
  0x7D,0xEF,0x7D,0xEF,0x7D,0xEF,0x7D,0xEF,0x7D,0xEF,0x7D,0xEF,0x7D,0xEF,0x7D,0xEF,0x7D,0xEF,0x7D,0xEF,0x7D,0xEF,0x7D,0xEF,
  0x7D,0xEF,0x7D,0xEF,0x7D,0xEF,0x7D,0xEF,0x7D,0xEF,0x7D,0xEF,0x7D,0xEF,0x7D,0xEF,0x7D,0xEF,0x7D,0xEF,0x7D,0xEF,0x7D,0xEF,
  0x7D,0xEF,0x7D,0xEF,0x7D,0xEF,0x7D,0xEF,0x7D,0xEF,0x7D,0xEF,0x7D,0xEF,0x7D,0xEF,0x7D,0xEF,0x7D,0xEF,0x7D,0xEF,0x7D,0xEF,
  0x7D,0xEF,0x7D,0xEF,0x7D,0xEF,0x7D,0xEF,0x7D,0xEF,0x7D,0xEF,0x7D,0xEF,0x7D,0xEF,0x7D,0xEF,0x7D,0xEF,0x7D,0xEF,0x7D,0xEF,
  0x7D,0xEF,0x7D,0xEF,0x7D,0xEF,0x7D,0xEF,0x7D,0xEF,0x7D,0xEF,0x7D,0xEF,0x7D,0xEF,0x7D,0xEF,0x7D,0xEF,0x7D,0xEF,0x7D,0xEF,
  0x7D,0xEF,0x7D,0xEF,0x7E,0xF7,0x7E,0xF7,0x7D,0xF7,0x7D,0xEF,0x9D,0xEF,0x7D,0xEF,0x7D,0xEF,0x9E,0xF7,0x7D,0xEF,0x5D,0xEF,
  0x7D,0xEF,0x7D,0xEF,0x7E,0xF7,0xBE,0xF7,0xDE,0xFF,0xDE,0xFF,0xDE,0xF7,0x9E,0xEF,0xBB,0xCE,0xB9,0xB5,0xD9,0x9C,0xF6,0x7B,
  0x15,0x63,0x53,0x4A,0x92,0x31,0x51,0x29,0x51,0x29,0x92,0x31,0xD2,0x31,0xF2,0x39,0x13,0x42,0x53,0x42,0x53,0x42,0x53,0x42,
  0x54,0x4A,0x54,0x42,0x54,0x4A,0x53,0x42,0xF2,0x39,0xD2,0x39,0x92,0x31,0x51,0x29,0x52,0x29,0x92,0x31,0xF2,0x39,0xB4,0x52,
  0x96,0x73,0x78,0x8C,0x5A,0xA5,0x3B,0xC6,0x5D,0xE7,0xFE,0xFF,0xDE,0xF7,0xDF,0xFF,0xBF,0xFF,0x7E,0xF7,0x7D,0xEF,0x7D,0xEF,
  0x7D,0xEF,0x7D,0xEF,0x9E,0xF7,0x9E,0xF7,0x7D,0xEF,0x7D,0xEF,0x7D,0xEF,0x7E,0xEF,0x7E,0xEF,0x7E,0xEF,0x7D,0xEF,0x7D,0xEF,
  0x7D,0xEF,0x7D,0xEF,0x7D,0xEF,0x7D,0xEF,0x7D,0xEF,0x7D,0xEF,0x7D,0xEF,0x7D,0xEF,0x7D,0xEF,0x7D,0xEF,0x7D,0xEF,0x7D,0xEF,
  0x7D,0xEF,0x7D,0xEF,0x7D,0xEF,0x7D,0xEF,0x7D,0xEF,0x7D,0xEF,0x7D,0xEF,0x7D,0xEF,0x7D,0xEF,0x7D,0xEF,0x7D,0xEF,0x7D,0xEF,
  0x7D,0xEF,0x7D,0xEF,0x7D,0xEF,0x7D,0xEF,0x7D,0xEF,0x7D,0xEF,0x7D,0xEF,0x7D,0xEF,0x7D,0xEF,0x7D,0xEF,0x7D,0xEF,0x7D,0xEF,
  0x7D,0xEF,0x7D,0xEF,0x7D,0xEF,0x7D,0xEF,0x7D,0xEF,0x7D,0xEF,0x7D,0xEF,0x7D,0xEF,0x7D,0xEF,0x7D,0xEF,0x7D,0xEF,0x7D,0xEF,
  0x7D,0xEF,0x7D,0xEF,0x7D,0xEF,0x7D,0xEF,0x7D,0xEF,0x7D,0xEF,0x7D,0xEF,0x7D,0xEF,0x7D,0xEF,0x7D,0xEF,0x7D,0xEF,0x7D,0xEF,
  0x7D,0xEF,0x7D,0xEF,0x7D,0xEF,0x7D,0xEF,0x7D,0xEF,0x7D,0xEF,0x7D,0xEF,0x7D,0xEF,0x7D,0xEF,0x7D,0xEF,0x7D,0xEF,0x7D,0xEF,
  0x7D,0xEF,0x7D,0xEF,0x7D,0xEF,0x7D,0xEF,0x7D,0xEF,0x7D,0xEF,0x7D,0xEF,0x7D,0xEF,0x7D,0xEF,0x7D,0xEF,0x7D,0xEF,0x7D,0xEF,
  0x7D,0xEF,0x7D,0xEF,0x7D,0xEF,0x7D,0xEF,0x7D,0xEF,0x7D,0xEF,0x7D,0xEF,0x7D,0xEF,0x7D,0xEF,0x7D,0xEF,0x7D,0xEF,0x7D,0xEF,
  0x7D,0xEF,0x7D,0xEF,0x7D,0xEF,0x7D,0xEF,0x7D,0xEF,0x7D,0xEF,0x7D,0xEF,0x7D,0xEF,0x7D,0xEF,0x7D,0xEF,0x7D,0xEF,0x7D,0xEF,
  0x7D,0xEF,0x7D,0xEF,0x7D,0xEF,0x7D,0xEF,0x7D,0xEF,0x7D,0xEF,0x7D,0xEF,0x7D,0xEF,0x7D,0xEF,0x7D,0xEF,0x7D,0xEF,0x7D,0xEF,
  0x7D,0xEF,0x7D,0xEF,0x7D,0xEF,0x7D,0xEF,0x7D,0xEF,0x7D,0xEF,0x7D,0xEF,0x7D,0xEF,0x7D,0xEF,0x7D,0xEF,0x7D,0xEF,0x7D,0xEF,
  0x7D,0xEF,0x7D,0xEF,0x7D,0xEF,0x7D,0xEF,0x7D,0xEF,0x7D,0xEF,0x7D,0xEF,0x7D,0xEF,0x7D,0xEF,0x7D,0xEF,0x7D,0xEF,0x7D,0xEF,
  0x7D,0xEF,0x7D,0xEF,0x7D,0xEF,0x7D,0xEF,0x7D,0xEF,0x7D,0xEF,0x7D,0xEF,0x7D,0xEF,0x7D,0xEF,0x7D,0xEF,0x7D,0xEF,0x7D,0xEF,
  0x7D,0xEF,0x7D,0xEF,0x7D,0xEF,0x7D,0xEF,0x7D,0xEF,0x7D,0xEF,0x7D,0xEF,0x7D,0xEF,0x7D,0xEF,0x7D,0xEF,0x7D,0xEF,0x7D,0xEF,
  0x7D,0xEF,0x7D,0xEF,0x7D,0xF7,0x7D,0xF7,0x7D,0xEF,0x9D,0xEF,0x9D,0xEF,0x9E,0xEF,0x7D,0xEF,0x9E,0xEF,0x9E,0xF7,0x7D,0xEF,
  0x7D,0xEF,0x9D,0xEF,0x9D,0xEF,0x7D,0xEF,0x7D,0xEF,0x7D,0xEF,0x7D,0xEF,0x7D,0xF7,0xBE,0xF7,0xFE,0xFF,0xFE,0xFF,0xDE,0xFF,
  0xBE,0xF7,0x7D,0xEF,0x5D,0xEF,0xFC,0xDE,0x3B,0xC6,0xBA,0xBD,0x9A,0xB5,0xB8,0x94,0x97,0x8C,0x97,0x8C,0x97,0x8C,0x98,0x8C,
  0x98,0x8C,0x78,0x8C,0x98,0x8C,0x97,0x94,0xB7,0x94,0x59,0xAD,0x9A,0xB5,0x1A,0xBE,0xBC,0xD6,0x3D,0xE7,0x7E,0xEF,0xBE,0xF7,
  0xBD,0xF7,0xFD,0xFF,0xFE,0xFF,0xDE,0xFF,0x7E,0xF7,0x7D,0xEF,0x7D,0xEF,0x7D,0xEF,0x7D,0xEF,0x7E,0xEF,0x9E,0xEF,0x9D,0xEF,
  0x9E,0xEF,0x7E,0xEF,0x7E,0xEF,0x7E,0xF7,0x9E,0xF7,0x7E,0xEF,0x7D,0xEF,0x7E,0xEF,0x7E,0xEF,0x9E,0xEF,0x7D,0xEF,0x7D,0xEF,
  0x7D,0xEF,0x7D,0xEF,0x7D,0xEF,0x7D,0xEF,0x7D,0xEF,0x7D,0xEF,0x7D,0xEF,0x7D,0xEF,0x7D,0xEF,0x7D,0xEF,0x7D,0xEF,0x7D,0xEF,
  0x7D,0xEF,0x7D,0xEF,0x7D,0xEF,0x7D,0xEF,0x7D,0xEF,0x7D,0xEF,0x7D,0xEF,0x7D,0xEF,0x7D,0xEF,0x7D,0xEF,0x7D,0xEF,0x7D,0xEF,
  0x7D,0xEF,0x7D,0xEF,0x7D,0xEF,0x7D,0xEF,0x7D,0xEF,0x7D,0xEF,0x7D,0xEF,0x7D,0xEF,0x7D,0xEF,0x7D,0xEF,0x7D,0xEF,0x7D,0xEF,
  0x7D,0xEF,0x7D,0xEF,0x7D,0xEF,0x7D,0xEF,0x7D,0xEF,0x7D,0xEF,0x7D,0xEF,0x7D,0xEF,0x7D,0xEF,0x7D,0xEF,0x7D,0xEF,0x7D,0xEF,
  0x7D,0xEF,0x7D,0xEF,0x7D,0xEF,0x7D,0xEF,0x7D,0xEF,0x7D,0xEF,0x7D,0xEF,0x7D,0xEF,0x7D,0xEF,0x7D,0xEF,0x7D,0xEF,0x7D,0xEF,
  0x7D,0xEF,0x7D,0xEF,0x7D,0xEF,0x7D,0xEF,0x7D,0xEF,0x7D,0xEF,0x7D,0xEF,0x7D,0xEF,0x7D,0xEF,0x7D,0xEF,0x7D,0xEF,0x7D,0xEF,
  0x7D,0xEF,0x7D,0xEF,0x7D,0xEF,0x7D,0xEF,0x7D,0xEF,0x7D,0xEF,0x7D,0xEF,0x7D,0xEF,0x7D,0xEF,0x7D,0xEF,0x7D,0xEF,0x7D,0xEF,
  0x7D,0xEF,0x7D,0xEF,0x7D,0xEF,0x7D,0xEF,0x7D,0xEF,0x7D,0xEF,0x7D,0xEF,0x7D,0xEF,0x7D,0xEF,0x7D,0xEF,0x7D,0xEF,0x7D,0xEF,
  0x7D,0xEF,0x7D,0xEF,0x7D,0xEF,0x7D,0xEF,0x7D,0xEF,0x7D,0xEF,0x7D,0xEF,0x7D,0xEF,0x7D,0xEF,0x7D,0xEF,0x7D,0xEF,0x7D,0xEF,
  0x7D,0xEF,0x7D,0xEF,0x7D,0xEF,0x7D,0xEF,0x7D,0xEF,0x7D,0xEF,0x7D,0xEF,0x7D,0xEF,0x7D,0xEF,0x7D,0xEF,0x7D,0xEF,0x7D,0xEF,
  0x7D,0xEF,0x7D,0xEF,0x7D,0xEF,0x7D,0xEF,0x7D,0xEF,0x7D,0xEF,0x7D,0xEF,0x7D,0xEF,0x7D,0xEF,0x7D,0xEF,0x7D,0xEF,0x7D,0xEF,
  0x7D,0xEF,0x7D,0xEF,0x7D,0xEF,0x7D,0xEF,0x7D,0xEF,0x7D,0xEF,0x7D,0xEF,0x7D,0xEF,0x7D,0xEF,0x7D,0xEF,0x7D,0xEF,0x7D,0xEF,
  0x7D,0xEF,0x7D,0xEF,0x7D,0xEF,0x7D,0xEF,0x7D,0xEF,0x7D,0xEF,0x7D,0xEF,0x7D,0xEF,0x7D,0xEF,0x7D,0xEF,0x7D,0xEF,0x7D,0xEF,
  0x7D,0xEF,0x7D,0xEF,0x7D,0xEF,0x7D,0xEF,0x7D,0xEF,0x7D,0xEF,0x7D,0xEF,0x7D,0xEF,0x7D,0xEF,0x7D,0xEF,0x7D,0xEF,0x7D,0xEF,
  0x7D,0xEF,0x7D,0xEF,0x7D,0xEF,0x7D,0xEF,0x7D,0xEF,0x7D,0xEF,0x7D,0xEF,0x7D,0xEF,0x7D,0xF7,0x7D,0xEF,0x7D,0xEF,0x7D,0xEF,
  0x7D,0xF7,0x7D,0xEF,0x7D,0xEF,0x7D,0xEF,0x7D,0xEF,0x7D,0xEF,0x7D,0xEF,0x7D,0xEF,0x7D,0xEF,0x7D,0xEF,0x7D,0xEF,0x7D,0xEF,
  0x7D,0xEF,0x9E,0xF7,0x9E,0xF7,0x9E,0xF7,0xBE,0xF7,0xDE,0xFF,0xDE,0xFF,0xFE,0xFF,0xFE,0xFF,0xFE,0xFF,0xFE,0xFF,0xFE,0xFF,
  0xFE,0xFF,0xFE,0xFF,0xFE,0xFF,0xFE,0xFF,0xFE,0xFF,0xDE,0xFF,0xDE,0xFF,0xBE,0xF7,0xBE,0xF7,0x9E,0xF7,0x9E,0xF7,0x7D,0xEF,
  0x7D,0xEF,0x7D,0xEF,0x7D,0xEF,0x7D,0xEF,0x7D,0xEF,0x7D,0xEF,0x7D,0xEF,0x7D,0xEF,0x7D,0xEF,0x7D,0xEF,0x7D,0xEF,0x7D,0xEF,
  0x7D,0xEF,0x7D,0xEF,0x7D,0xEF,0x7D,0xEF,0x7D,0xEF,0x7D,0xEF,0x7D,0xEF,0x7D,0xEF,0x7D,0xEF,0x7D,0xEF,0x7D,0xEF,0x7D,0xEF,
  0x7D,0xEF,0x7D,0xEF,0x7D,0xEF,0x7D,0xEF,0x7D,0xEF,0x7D,0xEF,0x7D,0xEF,0x7D,0xEF,0x7D,0xEF,0x7D,0xEF,0x7D,0xEF,0x7D,0xEF,
  0x7D,0xEF,0x7D,0xEF,0x7D,0xEF,0x7D,0xEF,0x7D,0xEF,0x7D,0xEF,0x7D,0xEF,0x7D,0xEF,0x7D,0xEF,0x7D,0xEF,0x7D,0xEF,0x7D,0xEF,
  0x7D,0xEF,0x7D,0xEF,0x7D,0xEF,0x7D,0xEF,0x7D,0xEF,0x7D,0xEF,0x7D,0xEF,0x7D,0xEF,0x7D,0xEF,0x7D,0xEF,0x7D,0xEF,0x7D,0xEF,
  0x7D,0xEF,0x7D,0xEF,0x7D,0xEF,0x7D,0xEF,0x7D,0xEF,0x7D,0xEF,0x7D,0xEF,0x7D,0xEF,0x7D,0xEF,0x7D,0xEF,0x7D,0xEF,0x7D,0xEF,
  0x7D,0xEF,0x7D,0xEF,0x7D,0xEF,0x7D,0xEF,0x7D,0xEF,0x7D,0xEF,0x7D,0xEF,0x7D,0xEF,0x7D,0xEF,0x7D,0xEF,0x7D,0xEF,0x7D,0xEF,
  0x7D,0xEF,0x7D,0xEF,0x7D,0xEF,0x7D,0xEF,0x7D,0xEF,0x7D,0xEF,0x7D,0xEF,0x7D,0xEF,0x7D,0xEF,0x7D,0xEF,0x7D,0xEF,0x7D,0xEF,
  0x7D,0xEF,0x7D,0xEF,0x7D,0xEF,0x7D,0xEF,0x7D,0xEF,0x7D,0xEF,0x7D,0xEF,0x7D,0xEF,0x7D,0xEF,0x7D,0xEF,0x7D,0xEF,0x7D,0xEF,
  0x7D,0xEF,0x7D,0xEF,0x7D,0xEF,0x7D,0xEF,0x7D,0xEF,0x7D,0xEF,0x7D,0xEF,0x7D,0xEF,0x7D,0xEF,0x7D,0xEF,0x7D,0xEF,0x7D,0xEF,
  0x7D,0xEF,0x7D,0xEF,0x7D,0xEF,0x7D,0xEF,0x7D,0xEF,0x7D,0xEF,0x7D,0xEF,0x7D,0xEF,0x7D,0xEF,0x7D,0xEF,0x7D,0xEF,0x7D,0xEF,
  0x7D,0xEF,0x7D,0xEF,0x7D,0xEF,0x7D,0xEF,0x7D,0xEF,0x7D,0xEF,0x7D,0xEF,0x7D,0xEF,0x7D,0xEF,0x7D,0xEF,0x7D,0xEF,0x7D,0xEF,
  0x7D,0xEF,0x7D,0xEF,0x7D,0xEF,0x7D,0xEF,0x7D,0xEF,0x7D,0xEF,0x7D,0xEF,0x7D,0xEF,0x7D,0xEF,0x7D,0xEF,0x7D,0xEF,0x7D,0xEF,
  0x7D,0xEF,0x7D,0xEF,0x7D,0xEF,0x7D,0xEF,0x7D,0xEF,0x7D,0xEF,0x7D,0xEF,0x7D,0xEF,0x7D,0xEF,0x7D,0xEF,0x7D,0xEF,0x7D,0xEF,
  0x7D,0xEF,0x7D,0xEF,0x7D,0xEF,0x7D,0xEF,0x7D,0xEF,0x7D,0xEF,0x7D,0xEF,0x7D,0xEF,0x7D,0xEF,0x7D,0xEF,0x7D,0xEF,0x7D,0xEF,
  0x7D,0xEF,0x7D,0xEF,0x7D,0xEF,0x7D,0xEF,0x7D,0xEF,0x7D,0xEF,0x7D,0xEF,0x7D,0xEF,0x7D,0xEF,0x7D,0xEF,0x7D,0xEF,0x7D,0xEF,
  0x7D,0xEF,0x7D,0xEF,0x7D,0xEF,0x7D,0xEF,0x7D,0xEF,0x7D,0xEF,0x7D,0xEF,0x7D,0xEF,0x7D,0xEF,0x7D,0xEF,0x7D,0xEF,0x7D,0xEF,
  0x7D,0xEF,0x7D,0xEF,0x7D,0xEF,0x7D,0xEF,0x7D,0xEF,0x7D,0xEF,0x7D,0xEF,0x7D,0xEF,0x7D,0xEF,0x7D,0xEF,0x7D,0xEF,0x7D,0xEF,
  0x7D,0xEF,0x7D,0xEF,0x7D,0xEF,0x7D,0xEF,0x7D,0xEF,0x7D,0xEF,0x7D,0xEF,0x7D,0xEF,0x7D,0xEF,0x7D,0xEF,0x7D,0xEF,0x7D,0xEF,
  0x7D,0xEF,0x7D,0xEF,0x7D,0xEF,0x7D,0xEF,0x7D,0xEF,0x7D,0xEF,0x7D,0xEF,0x7D,0xEF,0x7D,0xEF,0x7D,0xEF,0x7D,0xEF,0x7D,0xEF,
  0x7D,0xEF,0x7D,0xEF,0x7D,0xEF,0x7D,0xEF,0x7D,0xEF,0x7D,0xEF,0x7D,0xEF,0x7D,0xEF,0x7D,0xEF,0x7D,0xEF,0x7D,0xEF,0x7D,0xEF,
  0x7D,0xEF,0x7D,0xEF,0x7D,0xEF,0x7D,0xEF,0x7D,0xEF,0x7D,0xEF,0x7D,0xEF,0x7D,0xEF,0x7D,0xEF,0x7D,0xEF,0x7D,0xEF,0x7D,0xEF,
  0x7D,0xEF,0x7D,0xEF,0x7D,0xEF,0x7D,0xEF,0x7D,0xEF,0x7D,0xEF,0x7D,0xEF,0x7D,0xEF,0x7D,0xEF,0x7D,0xEF,0x7D,0xEF,0x7D,0xEF,
  0x7D,0xEF,0x7D,0xEF,0x7D,0xEF,0x7D,0xEF,0x7D,0xEF,0x7D,0xEF,0x7D,0xEF,0x7D,0xEF,0x7D,0xEF,0x7D,0xEF,0x7D,0xEF,0x7D,0xEF,
  0x7D,0xEF,0x7D,0xEF,0x7D,0xEF,0x7D,0xEF,0x7D,0xEF,0x7D,0xEF,0x7D,0xEF,0x7D,0xEF,0x7D,0xEF,0x7D,0xEF,0x7D,0xEF,0x7D,0xEF,
  0x7D,0xEF,0x7D,0xEF,0x7D,0xEF,0x7D,0xEF,0x7D,0xEF,0x7D,0xEF,0x7D,0xEF,0x7D,0xEF,0x7D,0xEF,0x7D,0xEF,0x7D,0xEF,0x7D,0xEF,
  0x7D,0xEF,0x7D,0xEF,0x7D,0xEF,0x7D,0xEF,0x7D,0xEF,0x7D,0xEF,0x7D,0xEF,0x7D,0xEF,0x7D,0xEF,0x7D,0xEF,0x7D,0xEF,0x7D,0xEF,
  0x7D,0xEF,0x7D,0xEF,0x7D,0xEF,0x7D,0xEF,0x7D,0xEF,0x7D,0xEF,0x7D,0xEF,0x7D,0xEF,0x7D,0xEF,0x7D,0xEF,0x7D,0xEF,0x7D,0xEF,
  0x7D,0xEF,0x7D,0xEF,0x7D,0xEF,0x7D,0xEF,0x7D,0xEF,0x7D,0xEF,0x7D,0xEF,0x7D,0xEF,0x7D,0xEF,0x7D,0xEF,0x7D,0xEF,0x7D,0xEF,
  0x7D,0xEF,0x7D,0xEF,0x7D,0xEF,0x7D,0xEF,0x7D,0xEF,0x7D,0xEF,0x7D,0xEF,0x7D,0xEF,0x7D,0xEF,0x7D,0xEF,0x7D,0xEF,0x7D,0xEF,
  0x7D,0xEF,0x7D,0xEF,0x7D,0xEF,0x7D,0xEF,0x7D,0xEF,0x7D,0xEF,0x7D,0xEF,0x7D,0xEF,0x7D,0xEF,0x7D,0xEF,0x7D,0xEF,0x7D,0xEF,
  0x7D,0xEF,0x7D,0xEF,0x7D,0xEF,0x7D,0xEF,0x7D,0xEF,0x7D,0xEF,0x7D,0xEF,0x7D,0xEF,0x7D,0xEF,0x7D,0xEF,0x7D,0xEF,0x7D,0xEF,
  0x7D,0xEF,0x7D,0xEF,0x7D,0xEF,0x7D,0xEF,0x7D,0xEF,0x7D,0xEF,0x7D,0xEF,0x7D,0xEF,0x7D,0xEF,0x7D,0xEF,0x7D,0xEF,0x7D,0xEF,
  0x7D,0xEF,0x7D,0xEF,0x7D,0xEF,0x7D,0xEF,0x7D,0xEF,0x7D,0xEF,0x7D,0xEF,0x7D,0xEF,0x7D,0xEF,0x7D,0xEF,0x7D,0xEF,0x7D,0xEF,
  0x7D,0xEF,0x7D,0xEF,0x7D,0xEF,0x7D,0xEF,0x7D,0xEF,0x7D,0xEF,0x7D,0xEF,0x7D,0xEF,0x7D,0xEF,0x7D,0xEF,0x7D,0xEF,0x7D,0xEF,
  0x7D,0xEF,0x7D,0xEF,0x7D,0xEF,0x7D,0xEF,0x7D,0xEF,0x7D,0xEF,0x7D,0xEF,0x7D,0xEF,0x7D,0xEF,0x7D,0xEF,0x7D,0xEF,0x7D,0xEF,
  0x7D,0xEF,0x7D,0xEF,0x7D,0xEF,0x7D,0xEF,0x7D,0xEF,0x7D,0xEF,0x7D,0xEF,0x7D,0xEF,0x7D,0xEF,0x7D,0xEF,0x7D,0xEF,0x7D,0xEF,
  0x7D,0xEF,0x7D,0xEF,0x7D,0xEF,0x7D,0xEF,0x7D,0xEF,0x7D,0xEF,0x7D,0xEF,0x7D,0xEF,0x7D,0xEF,0x7D,0xEF,0x7D,0xEF,0x7D,0xEF,
  0x7D,0xEF,0x7D,0xEF,0x7D,0xEF,0x7D,0xEF,0x7D,0xEF,0x7D,0xEF,0x7D,0xEF,0x7D,0xEF,0x7D,0xEF,0x7D,0xEF,0x7D,0xEF,0x7D,0xEF,
  0x7D,0xEF,0x7D,0xEF,0x7D,0xEF,0x7D,0xEF,0x7D,0xEF,0x7D,0xEF,0x7D,0xEF,0x7D,0xEF,0x7D,0xEF,0x7D,0xEF,0x7D,0xEF,0x7D,0xEF,
  0x7D,0xEF,0x7D,0xEF,0x7D,0xEF,0x7D,0xEF,0x7D,0xEF,0x7D,0xEF,0x7D,0xEF,0x7D,0xEF,0x7D,0xEF,0x7D,0xEF,0x7D,0xEF,0x7D,0xEF,
  0x7D,0xEF,0x7D,0xEF,0x7D,0xEF,0x7D,0xEF,0x7D,0xEF,0x7D,0xEF,0x7D,0xEF,0x7D,0xEF,0x7D,0xEF,0x7D,0xEF,0x7D,0xEF,0x7D,0xEF,
  0x7D,0xEF,0x7D,0xEF,0x7D,0xEF,0x7D,0xEF,0x7D,0xEF,0x7D,0xEF,0x7D,0xEF,0x7D,0xEF,0x7D,0xEF,0x7D,0xEF,0x7D,0xEF,0x7D,0xEF,
  0x7D,0xEF,0x7D,0xEF,0x7D,0xEF,0x7D,0xEF,0x7D,0xEF,0x7D,0xEF,0x7D,0xEF,0x7D,0xEF,0x7D,0xEF,0x7D,0xEF,0x7D,0xEF,0x7D,0xEF,
  0x7D,0xEF,0x7D,0xEF,0x7D,0xEF,0x7D,0xEF,0x7D,0xEF,0x7D,0xEF,0x7D,0xEF,0x7D,0xEF,0x7D,0xEF,0x7D,0xEF,0x7D,0xEF,0x7D,0xEF,
  0x7D,0xEF,0x7D,0xEF,0x7D,0xEF,0x7D,0xEF,0x7D,0xEF,0x7D,0xEF,0x7D,0xEF,0x7D,0xEF,0x7D,0xEF,0x7D,0xEF,0x7D,0xEF,0x7D,0xEF,
  0x7D,0xEF,0x7D,0xEF,0x7D,0xEF,0x7D,0xEF,0x7D,0xEF,0x7D,0xEF,0x7D,0xEF,0x7D,0xEF,0x7D,0xEF,0x7D,0xEF,0x7D,0xEF,0x7D,0xEF,
  0x7D,0xEF,0x7D,0xEF,0x7D,0xEF,0x7D,0xEF,0x7D,0xEF,0x7D,0xEF,0x7D,0xEF,0x7D,0xEF,0x7D,0xEF,0x7D,0xEF,0x7D,0xEF,0x7D,0xEF,
  0x7D,0xEF,0x7D,0xEF,0x7D,0xEF,0x7D,0xEF,0x7D,0xEF,0x7D,0xEF,0x7D,0xEF,0x7D,0xEF,0x7D,0xEF,0x7D,0xEF,0x7D,0xEF,0x7D,0xEF,
  0x7D,0xEF,0x7D,0xEF,0x7D,0xEF,0x7D,0xEF,0x7D,0xEF,0x7D,0xEF,0x7D,0xEF,0x7D,0xEF,0x7D,0xEF,0x7D,0xEF,0x7D,0xEF,0x7D,0xEF,
  0x7D,0xEF,0x7D,0xEF,0x7D,0xEF,0x7D,0xEF,0x7D,0xEF,0x7D,0xEF,0x7D,0xEF,0x7D,0xEF,0x7D,0xEF,0x7D,0xEF,0x7D,0xEF,0x7D,0xEF,
  0x7D,0xEF,0x7D,0xEF,0x7D,0xEF,0x7D,0xEF,0x7D,0xEF,0x7D,0xEF,0x7D,0xEF,0x7D,0xEF,0x7D,0xEF,0x7D,0xEF,0x7D,0xEF,0x7D,0xEF,
  0x7D,0xEF,0x7D,0xEF,0x7D,0xEF,0x7D,0xEF,0x7D,0xEF,0x7D,0xEF,0x7D,0xEF,0x7D,0xEF,0x7D,0xEF,0x7D,0xEF,0x7D,0xEF,0x7D,0xEF,
  0x7D,0xEF,0x7D,0xEF,0x7D,0xEF,0x7D,0xEF,0x7D,0xEF,0x7D,0xEF,0x7D,0xEF,0x7D,0xEF,0x7D,0xEF,0x7D,0xEF,0x7D,0xEF,0x7D,0xEF,
  0x7D,0xEF,0x7D,0xEF,0x7D,0xEF,0x7D,0xEF,0x7D,0xEF,0x7D,0xEF,0x7D,0xEF,0x7D,0xEF,0x7D,0xEF,0x7D,0xEF,0x7D,0xEF,0x7D,0xEF,
  0x7D,0xEF,0x7D,0xEF,0x7D,0xEF,0x7D,0xEF,0x7D,0xEF,0x7D,0xEF,0x7D,0xEF,0x7D,0xEF,0x7D,0xEF,0x7D,0xEF,0x7D,0xEF,0x7D,0xEF,
  0x7D,0xEF,0x7D,0xEF,0x7D,0xEF,0x7D,0xEF,0x7D,0xEF,0x7D,0xEF,0x7D,0xEF,0x7D,0xEF,0x7D,0xEF,0x7D,0xEF,0x7D,0xEF,0x7D,0xEF,
  0x7D,0xEF,0x7D,0xEF,0x7D,0xEF,0x7D,0xEF,0x7D,0xEF,0x7D,0xEF,0x7D,0xEF,0x7D,0xEF,0x7D,0xEF,0x7D,0xEF,0x7D,0xEF,0x7D,0xEF,
  0x7D,0xEF,0x7D,0xEF,0x7D,0xEF,0x7D,0xEF,0x7D,0xEF,0x7D,0xEF,0x7D,0xEF,0x7D,0xEF,0x7D,0xEF,0x7D,0xEF,0x7D,0xEF,0x7D,0xEF,
  0x7D,0xEF,0x7D,0xEF,0x7D,0xEF,0x7D,0xEF,0x7D,0xEF,0x7D,0xEF,0x7D,0xEF,0x7D,0xEF,0x7D,0xEF,0x7D,0xEF,0x7D,0xEF,0x7D,0xEF,
  0x7D,0xEF,0x7D,0xEF,0x7D,0xEF,0x7D,0xEF,0x7D,0xEF,0x7D,0xEF,0x7D,0xEF,0x7D,0xEF,0x7D,0xEF,0x7D,0xEF,0x7D,0xEF,0x7D,0xEF,
  0x7D,0xEF,0x7D,0xEF,0x7D,0xEF,0x7D,0xEF,0x7D,0xEF,0x7D,0xEF,0x7D,0xEF,0x7D,0xEF,0x7D,0xEF,0x7D,0xEF,0x7D,0xEF,0x7D,0xEF,
  0x7D,0xEF,0x7D,0xEF,0x7D,0xEF,0x7D,0xEF,0x7D,0xEF,0x7D,0xEF,0x7D,0xEF,0x7D,0xEF,0x7D,0xEF,0x7D,0xEF,0x7D,0xEF,0x7D,0xEF,
  0x7D,0xEF,0x7D,0xEF,0x7D,0xEF,0x7D,0xEF,0x7D,0xEF,0x7D,0xEF,0x7D,0xEF,0x7D,0xEF,0x7D,0xEF,0x7D,0xEF,0x7D,0xEF,0x7D,0xEF,
  0x7D,0xEF,0x7D,0xEF,0x7D,0xEF,0x7D,0xEF,0x7D,0xEF,0x7D,0xEF,0x7D,0xEF,0x7D,0xEF,0x7D,0xEF,0x7D,0xEF,0x7D,0xEF,0x7D,0xEF,
  0x7D,0xEF,0x7D,0xEF,0x7D,0xEF,0x7D,0xEF,0x7D,0xEF,0x7D,0xEF,0x7D,0xEF,0x7D,0xEF,0x7D,0xEF,0x7D,0xEF,0x7D,0xEF,0x7D,0xEF,
  0x7D,0xEF,0x7D,0xEF,0x7D,0xEF,0x7D,0xEF,0x7D,0xEF,0x7D,0xEF,0x7D,0xEF,0x7D,0xEF,0x7D,0xEF,0x7D,0xEF,0x7D,0xEF,0x7D,0xEF,
  0x7D,0xEF,0x7D,0xEF,0x7D,0xEF,0x7D,0xEF,0x7D,0xEF,0x7D,0xEF,0x7D,0xEF,0x7D,0xEF,0x7D,0xEF,0x7D,0xEF,0x7D,0xEF,0x7D,0xEF,
  0x7D,0xEF,0x7D,0xEF,0x7D,0xEF,0x7D,0xEF,0x7D,0xEF,0x7D,0xEF,0x7D,0xEF,0x7D,0xEF,0x7D,0xEF,0x7D,0xEF,0x7D,0xEF,0x7D,0xEF,
  0x7D,0xEF,0x7D,0xEF,0x7D,0xEF,0x7D,0xEF,0x7D,0xEF,0x7D,0xEF,0x7D,0xEF,0x7D,0xEF,0x7D,0xEF,0x7D,0xEF,0x7D,0xEF,0x7D,0xEF,
  0x7D,0xEF,0x7D,0xEF,0x7D,0xEF,0x7D,0xEF,0x7D,0xEF,0x7D,0xEF,0x7D,0xEF,0x7D,0xEF,0x7D,0xEF,0x7D,0xEF,0x7D,0xEF,0x7D,0xEF,
  0x7D,0xEF,0x7D,0xEF,0x7D,0xEF,0x7D,0xEF,0x7D,0xEF,0x7D,0xEF,0x7D,0xEF,0x7D,0xEF,0x7D,0xEF,0x7D,0xEF,0x7D,0xEF,0x7D,0xEF,
  0x7D,0xEF,0x7D,0xEF,0x7D,0xEF,0x7D,0xEF,0x7D,0xEF,0x7D,0xEF,0x7D,0xEF,0x7D,0xEF,0x7D,0xEF,0x7D,0xEF,0x7D,0xEF,0x7D,0xEF,
  0x7D,0xEF,0x7D,0xEF,0x7D,0xEF,0x7D,0xEF,0x7D,0xEF,0x7D,0xEF,0x7D,0xEF,0x7D,0xEF,0x7D,0xEF,0x7D,0xEF,0x7D,0xEF,0x7D,0xEF,
  0x7D,0xEF,0x7D,0xEF,0x7D,0xEF,0x7D,0xEF,0x7D,0xEF,0x7D,0xEF,0x7D,0xEF,0x7D,0xEF,0x7D,0xEF,0x7D,0xEF,0x7D,0xEF,0x7D,0xEF,
  0x7D,0xEF,0x7D,0xEF,0x7D,0xEF,0x7D,0xEF,0x7D,0xEF,0x7D,0xEF,0x7D,0xEF,0x7D,0xEF,0x7D,0xEF,0x7D,0xEF,0x7D,0xEF,0x7D,0xEF,
  0x7D,0xEF,0x7D,0xEF,0x7D,0xEF,0x7D,0xEF,0x7D,0xEF,0x7D,0xEF,0x7D,0xEF,0x7D,0xEF,0x7D,0xEF,0x7D,0xEF,0x7D,0xEF,0x7D,0xEF,
  0x7D,0xEF,0x7D,0xEF,0x7D,0xEF,0x7D,0xEF,0x7D,0xEF,0x7D,0xEF,0x7D,0xEF,0x7D,0xEF,0x7D,0xEF,0x7D,0xEF,0x7D,0xEF,0x7D,0xEF,
  0x7D,0xEF,0x7D,0xEF,0x7D,0xEF,0x7D,0xEF,0x7D,0xEF,0x7D,0xEF,0x7D,0xEF,0x7D,0xEF,0x7D,0xEF,0x7D,0xEF,0x7D,0xEF,0x7D,0xEF,
  0x7D,0xEF,0x7D,0xEF,0x7D,0xEF,0x7D,0xEF,0x7D,0xEF,0x7D,0xEF,0x7D,0xEF,0x7D,0xEF,0x7D,0xEF,0x7D,0xEF,0x7D,0xEF,0x7D,0xEF,
  0x7D,0xEF,0x7D,0xEF,0x7D,0xEF,0x7D,0xEF,0x7D,0xEF,0x7D,0xEF,0x7D,0xEF,0x7D,0xEF,0x7D,0xEF,0x7D,0xEF,0x7D,0xEF,0x7D,0xEF,
  0x7D,0xEF,0x7D,0xEF,0x7D,0xEF,0x7D,0xEF,0x7D,0xEF,0x7D,0xEF,0x7D,0xEF,0x7D,0xEF,0x7D,0xEF,0x7D,0xEF,0x7D,0xEF,0x7D,0xEF,
  0x7D,0xEF,0x7D,0xEF,0x7D,0xEF,0x7D,0xEF,0x7D,0xEF,0x7D,0xEF,0x7D,0xEF,0x7D,0xEF,0x7D,0xEF,0x7D,0xEF,0x7D,0xEF,0x7D,0xEF,
  0x7D,0xEF,0x7D,0xEF,0x7D,0xEF,0x7D,0xEF,0x7D,0xEF,0x7D,0xEF,0x7D,0xEF,0x7D,0xEF,0x7D,0xEF,0x7D,0xEF,0x7D,0xEF,0x7D,0xEF,
  0x7D,0xEF,0x7D,0xEF,0x7D,0xEF,0x7D,0xEF,0x7D,0xEF,0x7D,0xEF,0x7D,0xEF,0x7D,0xEF,0x7D,0xEF,0x7D,0xEF,0x7D,0xEF,0x7D,0xEF,
  0x7D,0xEF,0x7D,0xEF,0x7D,0xEF,0x7D,0xEF,0x7D,0xEF,0x7D,0xEF,0x7D,0xEF,0x7D,0xEF,0x7D,0xEF,0x7D,0xEF,0x7D,0xEF,0x7D,0xEF,
  0x7D,0xEF,0x7D,0xEF,0x7D,0xEF,0x7D,0xEF,0x7D,0xEF,0x7D,0xEF,0x7D,0xEF,0x7D,0xEF,0x7D,0xEF,0x7D,0xEF,0x7D,0xEF,0x7D,0xEF,
  0x7D,0xEF,0x7D,0xEF,0x7D,0xEF,0x7D,0xEF,0x7D,0xEF,0x7D,0xEF,0x7D,0xEF,0x7D,0xEF,0x7D,0xEF,0x7D,0xEF,0x7D,0xEF,0x7D,0xEF,
  0x7D,0xEF,0x7D,0xEF,0x7D,0xEF,0x7D,0xEF,0x7D,0xEF,0x7D,0xEF,0x7D,0xEF,0x7D,0xEF,0x7D,0xEF,0x7D,0xEF,0x7D,0xEF,0x7D,0xEF,
  0x7D,0xEF,0x7D,0xEF,0x7D,0xEF,0x7D,0xEF,0x7D,0xEF,0x7D,0xEF,0x7D,0xEF,0x7D,0xEF,0x7D,0xEF,0x7D,0xEF,0x7D,0xEF,0x7D,0xEF,
  0x7D,0xEF,0x7D,0xEF,0x7D,0xEF,0x7D,0xEF,0x7D,0xEF,0x7D,0xEF,0x7D,0xEF,0x7D,0xEF,0x7D,0xEF,0x7D,0xEF,0x7D,0xEF,0x7D,0xEF,
  0x7D,0xEF,0x7D,0xEF,0x7D,0xEF,0x7D,0xEF,0x7D,0xEF,0x7D,0xEF,0x7D,0xEF,0x7D,0xEF,0x7D,0xEF,0x7D,0xEF,0x7D,0xEF,0x7D,0xEF,
  0x7D,0xEF,0x7D,0xEF,0x7D,0xEF,0x7D,0xEF,0x7D,0xEF,0x7D,0xEF,0x7D,0xEF,0x7D,0xEF,0x7D,0xEF,0x7D,0xEF,0x7D,0xEF,0x7D,0xEF,
  0x7D,0xEF,0x7D,0xEF,0x7D,0xEF,0x7D,0xEF,0x7D,0xEF,0x7D,0xEF,0x7D,0xEF,0x7D,0xEF,0x7D,0xEF,0x7D,0xEF,0x7D,0xEF,0x7D,0xEF,
  0x7D,0xEF,0x7D,0xEF,0x7D,0xEF,0x7D,0xEF,0x7D,0xEF,0x7D,0xEF,0x7D,0xEF,0x7D,0xEF,0x7D,0xEF,0x7D,0xEF,0x7D,0xEF,0x7D,0xEF,
  0x7D,0xEF,0x7D,0xEF,0x7D,0xEF,0x7D,0xEF,0x7D,0xEF,0x7D,0xEF,0x7D,0xEF,0x7D,0xEF,0x7D,0xEF,0x7D,0xEF,0x7D,0xEF,0x7D,0xEF,
  0x7D,0xEF,0x7D,0xEF,0x7D,0xEF,0x7D,0xEF,0x7D,0xEF,0x7D,0xEF,0x7D,0xEF,0x7D,0xEF,0x7D,0xEF,0x7D,0xEF,0x7D,0xEF,0x7D,0xEF,
  0x7D,0xEF,0x7D,0xEF,0x7D,0xEF,0x7D,0xEF,0x7D,0xEF,0x7D,0xEF,0x7D,0xEF,0x7D,0xEF,0x7D,0xEF,0x7D,0xEF,0x7D,0xEF,0x7D,0xEF,
  0x7D,0xEF,0x7D,0xEF,0x7D,0xEF,0x7D,0xEF,0x7D,0xEF,0x7D,0xEF,0x7D,0xEF,0x7D,0xEF,0x7D,0xEF,0x7D,0xEF,0x7D,0xEF,0x7D,0xEF,
  0x7D,0xEF,0x7D,0xEF,0x7D,0xEF,0x7D,0xEF,0x7D,0xEF,0x7D,0xEF,0x7D,0xEF,0x7D,0xEF,0x7D,0xEF,0x7D,0xEF,0x7D,0xEF,0x7D,0xEF,
  0x7D,0xEF,0x7D,0xEF,0x7D,0xEF,0x7D,0xEF,0x7D,0xEF,0x7D,0xEF,0x7D,0xEF,0x7D,0xEF,0x7D,0xEF,0x7D,0xEF,0x7D,0xEF,0x7D,0xEF,
  0x7D,0xEF,0x7D,0xEF,0x7D,0xEF,0x7D,0xEF,0x7D,0xEF,0x7D,0xEF,0x7D,0xEF,0x7D,0xEF,0x7D,0xEF,0x7D,0xEF,0x7D,0xEF,0x7D,0xEF,
  0x7D,0xEF,0x7D,0xEF,0x7D,0xEF,0x7D,0xEF,0x7D,0xEF,0x7D,0xEF,0x7D,0xEF,0x7D,0xEF,0x7D,0xEF,0x7D,0xEF,0x7D,0xEF,0x7D,0xEF,
  0x7D,0xEF,0x7D,0xEF,0x7D,0xEF,0x7D,0xEF,0x7D,0xEF,0x7D,0xEF,0x7D,0xEF,0x7D,0xEF,0x7D,0xEF,0x7D,0xEF,0x7D,0xEF,0x7D,0xEF,
  0x7D,0xEF,0x7D,0xEF,0x7D,0xEF,0x7D,0xEF,0x7D,0xEF,0x7D,0xEF,0x7D,0xEF,0x7D,0xEF,0x7D,0xEF,0x7D,0xEF,0x7D,0xEF,0x7D,0xEF,
  0x7D,0xEF,0x7D,0xEF,0x7D,0xEF,0x7D,0xEF,0x7D,0xEF,0x7D,0xEF,0x7D,0xEF,0x7D,0xEF,0x7D,0xEF,0x7D,0xEF,0x7D,0xEF,0x7D,0xEF,
  0x7D,0xEF,0x7D,0xEF,0x7D,0xEF,0x7D,0xEF,0x7D,0xEF,0x7D,0xEF,0x7D,0xEF,0x7D,0xEF,0x7D,0xEF,0x7D,0xEF,0x7D,0xEF,0x7D,0xEF,
  0x7D,0xEF,0x7D,0xEF,0x7D,0xEF,0x7D,0xEF,0x7D,0xEF,0x7D,0xEF,0x7D,0xEF,0x7D,0xEF,0x7D,0xEF,0x7D,0xEF,0x7D,0xEF,0x7D,0xEF,
  0x7D,0xEF,0x7D,0xEF,0x7D,0xEF,0x7D,0xEF,0x7D,0xEF,0x7D,0xEF,0x7D,0xEF,0x7D,0xEF,0x7D,0xEF,0x7D,0xEF,0x7D,0xEF,0x7D,0xEF,
  0x7D,0xEF,0x7D,0xEF,0x7D,0xEF,0x7D,0xEF,0x7D,0xEF,0x7D,0xEF,0x7D,0xEF,0x7D,0xEF,0x7D,0xEF,0x7D,0xEF,0x7D,0xEF,0x7D,0xEF,
  0x7D,0xEF,0x7D,0xEF,0x7D,0xEF,0x7D,0xEF,0x7D,0xEF,0x7D,0xEF,0x7D,0xEF,0x7D,0xEF,0x7D,0xEF,0x7D,0xEF,0x7D,0xEF,0x7D,0xEF,
  0x7D,0xEF,0x7D,0xEF,0x7D,0xEF,0x7D,0xEF,0x7D,0xEF,0x7D,0xEF,0x7D,0xEF,0x7D,0xEF,0x7D,0xEF,0x7D,0xEF,0x7D,0xEF,0x7D,0xEF,
  0x7D,0xEF,0x7D,0xEF,0x7D,0xEF,0x7D,0xEF,0x7D,0xEF,0x7D,0xEF,0x7D,0xEF,0x7D,0xEF,0x7D,0xEF,0x7D,0xEF,0x7D,0xEF,0x7D,0xEF,
  0x7D,0xEF,0x7D,0xEF,0x7D,0xEF,0x7D,0xEF,0x7D,0xEF,0x7D,0xEF,0x7D,0xEF,0x7D,0xEF,0x7D,0xEF,0x7D,0xEF,0x7D,0xEF,0x7D,0xEF,
  0x7D,0xEF,0x7D,0xEF,0x7D,0xEF,0x7D,0xEF,0x7D,0xEF,0x7D,0xEF,0x7D,0xEF,0x7D,0xEF,0x7D,0xEF,0x7D,0xEF,0x7D,0xEF,0x7D,0xEF,
  0x7D,0xEF,0x7D,0xEF,0x7D,0xEF,0x7D,0xEF,0x7D,0xEF,0x7D,0xEF,0x7D,0xEF,0x7D,0xEF,0x7D,0xEF,0x7D,0xEF,0x7D,0xEF,0x7D,0xEF,
  0x7D,0xEF,0x7D,0xEF,0x7D,0xEF,0x7D,0xEF,0x7D,0xEF,0x7D,0xEF,0x7D,0xEF,0x7D,0xEF,0x7D,0xEF,0x7D,0xEF,0x7D,0xEF,0x7D,0xEF,
  0x7D,0xEF,0x7D,0xEF,0x7D,0xEF,0x7D,0xEF,0x7D,0xEF,0x7D,0xEF,0x7D,0xEF,0x7D,0xEF,0x7D,0xEF,0x7D,0xEF,0x7D,0xEF,0x7D,0xEF,
  0x7D,0xEF,0x7D,0xEF,0x7D,0xEF,0x7D,0xEF,0x7D,0xEF,0x7D,0xEF,0x7D,0xEF,0x7D,0xEF,0x7D,0xEF,0x7D,0xEF,0x7D,0xEF,0x7D,0xEF,
  0x7D,0xEF,0x7D,0xEF,0x7D,0xEF,0x7D,0xEF,0x7D,0xEF,0x7D,0xEF,0x7D,0xEF,0x7D,0xEF,0x7D,0xEF,0x7D,0xEF,0x7D,0xEF,0x7D,0xEF,
  0x7D,0xEF,0x7D,0xEF,0x7D,0xEF,0x7D,0xEF,0x7D,0xEF,0x7D,0xEF,0x7D,0xEF,0x7D,0xEF,0x7D,0xEF,0x7D,0xEF,0x7D,0xEF,0x7D,0xEF,
  0x7D,0xEF,0x7D,0xEF,0x7D,0xEF,0x7D,0xEF,0x7D,0xEF,0x7D,0xEF,0x7D,0xEF,0x7D,0xEF,0x7D,0xEF,0x7D,0xEF,0x7D,0xEF,0x7D,0xEF,
  0x7D,0xEF,0x7D,0xEF,0x7D,0xEF,0x7D,0xEF,0x7D,0xEF,0x7D,0xEF,0x7D,0xEF,0x7D,0xEF,0x7D,0xEF,0x7D,0xEF,0x7D,0xEF,0x7D,0xEF,
  0x7D,0xEF,0x7D,0xEF,0x7D,0xEF,0x7D,0xEF,0x7D,0xEF,0x7D,0xEF,0x7D,0xEF,0x7D,0xEF,0x7D,0xEF,0x7D,0xEF,0x7D,0xEF,0x7D,0xEF,
  0x7D,0xEF,0x7D,0xEF,0x7D,0xEF,0x7D,0xEF,0x7D,0xEF,0x7D,0xEF,0x7D,0xEF,0x7D,0xEF,0x7D,0xEF,0x7D,0xEF,0x7D,0xEF,0x7D,0xEF,
  0x7D,0xEF,0x7D,0xEF,0x7D,0xEF,0x7D,0xEF,0x7D,0xEF,0x7D,0xEF,0x7D,0xEF,0x7D,0xEF,0x7D,0xEF,0x7D,0xEF,0x7D,0xEF,0x7D,0xEF,
  0x7D,0xEF,0x7D,0xEF,0x7D,0xEF,0x7D,0xEF,0x7D,0xEF,0x7D,0xEF,0x7D,0xEF,0x7D,0xEF,0x7D,0xEF,0x7D,0xEF,0x7D,0xEF,0x7D,0xEF,
  0x7D,0xEF,0x7D,0xEF,0x7D,0xEF,0x7D,0xEF,0x7D,0xEF,0x7D,0xEF,0x7D,0xEF,0x7D,0xEF,0x7D,0xEF,0x7D,0xEF,0x7D,0xEF,0x7D,0xEF,
  0x7D,0xEF,0x7D,0xEF,0x7D,0xEF,0x7D,0xEF,0x7D,0xEF,0x7D,0xEF,0x7D,0xEF,0x7D,0xEF,0x7D,0xEF,0x7D,0xEF,0x7D,0xEF,0x7D,0xEF,
  0x7D,0xEF,0x7D,0xEF,0x7D,0xEF,0x7D,0xEF,0x7D,0xEF,0x7D,0xEF,0x7D,0xEF,0x7D,0xEF,0x7D,0xEF,0x7D,0xEF,0x7D,0xEF,0x7D,0xEF,
  0x7D,0xEF,0x7D,0xEF,0x7D,0xEF,0x7D,0xEF,0x7D,0xEF,0x7D,0xEF,0x7D,0xEF,0x7D,0xEF,0x7D,0xEF,0x7D,0xEF,0x7D,0xEF,0x7D,0xEF,
  0x7D,0xEF,0x7D,0xEF,0x7D,0xEF,0x7D,0xEF,0x7D,0xEF,0x7D,0xEF,0x7D,0xEF,0x7D,0xEF,0x7D,0xEF,0x7D,0xEF,0x7D,0xEF,0x7D,0xEF,
  0x7D,0xEF,0x7D,0xEF,0x7D,0xEF,0x7D,0xEF,0x7D,0xEF,0x7D,0xEF,0x7D,0xEF,0x7D,0xEF,0x7D,0xEF,0x7D,0xEF,0x7D,0xEF,0x7D,0xEF,
  0x7D,0xEF,0x7D,0xEF,0x7D,0xEF,0x7D,0xEF,0x7D,0xEF,0x7D,0xEF,0x7D,0xEF,0x7D,0xEF,0x7D,0xEF,0x7D,0xEF,0x7D,0xEF,0x7D,0xEF,
  0x7D,0xEF,0x7D,0xEF,0x7D,0xEF,0x7D,0xEF,0x7D,0xEF,0x7D,0xEF,0x7D,0xEF,0x7D,0xEF,0x7D,0xEF,0x7D,0xEF,0x7D,0xEF,0x7D,0xEF,
  0x7D,0xEF,0x7D,0xEF,0x7D,0xEF,0x7D,0xEF,0x7D,0xEF,0x7D,0xEF,0x7D,0xEF,0x7D,0xEF,0x7D,0xEF,0x7D,0xEF,0x7D,0xEF,0x7D,0xEF,
  0x7D,0xEF,0x7D,0xEF,0x7D,0xEF,0x7D,0xEF,0x7D,0xEF,0x7D,0xEF,0x7D,0xEF,0x7D,0xEF,0x7D,0xEF,0x7D,0xEF,0x7D,0xEF,0x7D,0xEF,
  0x7D,0xEF,0x7D,0xEF,0x7D,0xEF,0x7D,0xEF,0x7D,0xEF,0x7D,0xEF,0x7D,0xEF,0x7D,0xEF,0x7D,0xEF,0x7D,0xEF,0x7D,0xEF,0x7D,0xEF,
  0x7D,0xEF,0x7D,0xEF,0x7D,0xEF,0x7D,0xEF,0x7D,0xEF,0x7D,0xEF,0x7D,0xEF,0x7D,0xEF,0x7D,0xEF,0x7D,0xEF,0x7D,0xEF,0x7D,0xEF,
  0x7D,0xEF,0x7D,0xEF,0x7D,0xEF,0x7D,0xEF,0x7D,0xEF,0x7D,0xEF,0x7D,0xEF,0x7D,0xEF,0x7D,0xEF,0x7D,0xEF,0x7D,0xEF,0x7D,0xEF,
  0x7D,0xEF,0x7D,0xEF,0x7D,0xEF,0x7D,0xEF,0x7D,0xEF,0x7D,0xEF,0x7D,0xEF,0x7D,0xEF,0x7D,0xEF,0x7D,0xEF,0x7D,0xEF,0x7D,0xEF,
  0x7D,0xEF,0x7D,0xEF,0x7D,0xEF,0x7D,0xEF,0x7D,0xEF,0x7D,0xEF,0x7D,0xEF,0x7D,0xEF,0x7D,0xEF,0x7D,0xEF,0x7D,0xEF,0x7D,0xEF,
  0x7D,0xEF,0x7D,0xEF,0x7D,0xEF,0x7D,0xEF,0x7D,0xEF,0x7D,0xEF,0x7D,0xEF,0x7D,0xEF,0x7D,0xEF,0x7D,0xEF,0x7D,0xEF,0x7D,0xEF,
  0x7D,0xEF,0x7D,0xEF,0x7D,0xEF,0x7D,0xEF,0x7D,0xEF,0x7D,0xEF,0x7D,0xEF,0x7D,0xEF,0x7D,0xEF,0x7D,0xEF,0x7D,0xEF,0x7D,0xEF,
  0x7D,0xEF,0x7D,0xEF,0x7D,0xEF,0x7D,0xEF,0x7D,0xEF,0x7D,0xEF,0x7D,0xEF,0x7D,0xEF,0x7D,0xEF,0x7D,0xEF,0x7D,0xEF,0x7D,0xEF,
  0x7D,0xEF,0x7D,0xEF,0x7D,0xEF,0x7D,0xEF,0x7D,0xEF,0x7D,0xEF,0x7D,0xEF,0x7D,0xEF,0x7D,0xEF,0x7D,0xEF,0x7D,0xEF,0x7D,0xEF,
  0x7D,0xEF,0x7D,0xEF,0x7D,0xEF,0x7D,0xEF,0x7D,0xEF,0x7D,0xEF,0x7D,0xEF,0x7D,0xEF,0x7D,0xEF,0x7D,0xEF,0x7D,0xEF,0x7D,0xEF,
  0x7D,0xEF,0x7D,0xEF,0x7D,0xEF,0x7D,0xEF,0x7D,0xEF,0x7D,0xEF,0x7D,0xEF,0x7D,0xEF,0x7D,0xEF,0x7D,0xEF,0x7D,0xEF,0x7D,0xEF,
  0x7D,0xEF,0x7D,0xEF,0x7D,0xEF,0x7D,0xEF,0x7D,0xEF,0x7D,0xEF,0x7D,0xEF,0x7D,0xEF,0x7D,0xEF,0x7D,0xEF,0x7D,0xEF,0x7D,0xEF,
  0x7D,0xEF,0x7D,0xEF,0x7D,0xEF,0x7D,0xEF,0x7D,0xEF,0x7D,0xEF,0x7D,0xEF,0x7D,0xEF,0x7D,0xEF,0x7D,0xEF,0x7D,0xEF,0x7D,0xEF,
  0x7D,0xEF,0x7D,0xEF,0x7D,0xEF,0x7D,0xEF,0x7D,0xEF,0x7D,0xEF,0x7D,0xEF,0x7D,0xEF,0x7D,0xEF,0x7D,0xEF,0x7D,0xEF,0x7D,0xEF,
  0x7D,0xEF,0x7D,0xEF,0x7D,0xEF,0x7D,0xEF,0x7D,0xEF,0x7D,0xEF,0x7D,0xEF,0x7D,0xEF,0x7D,0xEF,0x7D,0xEF,0x7D,0xEF,0x7D,0xEF,
  0x7D,0xEF,0x7D,0xEF,0x7D,0xEF,0x7D,0xEF,0x7D,0xEF,0x7D,0xEF,0x7D,0xEF,0x7D,0xEF,0x7D,0xEF,0x7D,0xEF,0x7D,0xEF,0x7D,0xEF,
  0x7D,0xEF,0x7D,0xEF,0x7D,0xEF,0x7D,0xEF,0x7D,0xEF,0x7D,0xEF,0x7D,0xEF,0x7D,0xEF,0x7D,0xEF,0x7D,0xEF,0x7D,0xEF,0x7D,0xEF,
  0x7D,0xEF,0x7D,0xEF,0x7D,0xEF,0x7D,0xEF,0x7D,0xEF,0x7D,0xEF,0x7D,0xEF,0x7D,0xEF,0x7D,0xEF,0x7D,0xEF,0x7D,0xEF,0x7D,0xEF,
  0x7D,0xEF,0x7D,0xEF,0x7D,0xEF,0x7D,0xEF,0x7D,0xEF,0x7D,0xEF,0x7D,0xEF,0x7D,0xEF,0x7D,0xEF,0x7D,0xEF,0x7D,0xEF,0x7D,0xEF,
  0x7D,0xEF,0x7D,0xEF,0x7D,0xEF,0x7D,0xEF,0x7D,0xEF,0x7D,0xEF,0x7D,0xEF,0x7D,0xEF,0x7D,0xEF,0x7D,0xEF,0x7D,0xEF,0x7D,0xEF,
  0x7D,0xEF,0x7D,0xEF,0x7D,0xEF,0x7D,0xEF,0x7D,0xEF,0x7D,0xEF,0x7D,0xEF,0x7D,0xEF,0x7D,0xEF,0x7D,0xEF,0x7D,0xEF,0x7D,0xEF,
  0x7D,0xEF,0x7D,0xEF,0x7D,0xEF,0x7D,0xEF,0x7D,0xEF,0x7D,0xEF,0x7D,0xEF,0x7D,0xEF,0x7D,0xEF,0x7D,0xEF,0x7D,0xEF,0x7D,0xEF,
  0x7D,0xEF,0x7D,0xEF,0x7D,0xEF,0x7D,0xEF,0x7D,0xEF,0x7D,0xEF,0x7D,0xEF,0x7D,0xEF,0x7D,0xEF,0x7D,0xEF,0x7D,0xEF,0x7D,0xEF,
  0x7D,0xEF,0x7D,0xEF,0x7D,0xEF,0x7D,0xEF,0x7D,0xEF,0x7D,0xEF,0x7D,0xEF,0x7D,0xEF,0x7D,0xEF,0x7D,0xEF,0x7D,0xEF,0x7D,0xEF,
  0x7D,0xEF,0x7D,0xEF,0x7D,0xEF,0x7D,0xEF,0x7D,0xEF,0x7D,0xEF,0x7D,0xEF,0x7D,0xEF,0x7D,0xEF,0x7D,0xEF,0x7D,0xEF,0x7D,0xEF,
  0x7D,0xEF,0x7D,0xEF,0x7D,0xEF,0x7D,0xEF,0x7D,0xEF,0x7D,0xEF,0x7D,0xEF,0x7D,0xEF,0x7D,0xEF,0x7D,0xEF,0x7D,0xEF,0x7D,0xEF,
  0x7D,0xEF,0x7D,0xEF,0x7D,0xEF,0x7D,0xEF,0x7D,0xEF,0x7D,0xEF,0x7D,0xEF,0x7D,0xEF,0x7D,0xEF,0x7D,0xEF,0x7D,0xEF,0x7D,0xEF,
  0x7D,0xEF,0x7D,0xEF,0x7D,0xEF,0x7D,0xEF,0x7D,0xEF,0x7D,0xEF,0x7D,0xEF,0x7D,0xEF,0x7D,0xEF,0x7D,0xEF,0x7D,0xEF,0x7D,0xEF,
  0x7D,0xEF,0x7D,0xEF,0x7D,0xEF,0x7D,0xEF,0x7D,0xEF,0x7D,0xEF,0x7D,0xEF,0x7D,0xEF,0x7D,0xEF,0x7D,0xEF,0x7D,0xEF,0x7D,0xEF,
  0x7D,0xEF,0x7D,0xEF,0x7D,0xEF,0x7D,0xEF,0x7D,0xEF,0x7D,0xEF,0x7D,0xEF,0x7D,0xEF,0x7D,0xEF,0x7D,0xEF,0x7D,0xEF,0x7D,0xEF,
  0x7D,0xEF,0x7D,0xEF,0x7D,0xEF,0x7D,0xEF,0x7D,0xEF,0x7D,0xEF,0x7D,0xEF,0x7D,0xEF,0x7D,0xEF,0x7D,0xEF,0x7D,0xEF,0x7D,0xEF,
  0x7D,0xEF,0x7D,0xEF,0x7D,0xEF,0x7D,0xEF,0x7D,0xEF,0x7D,0xEF,0x7D,0xEF,0x7D,0xEF,0x7D,0xEF,0x7D,0xEF,0x7D,0xEF,0x7D,0xEF,
  0x7D,0xEF,0x7D,0xEF,0x7D,0xEF,0x7D,0xEF,0x7D,0xEF,0x7D,0xEF,0x7D,0xEF,0x7D,0xEF,0x7D,0xEF,0x7D,0xEF,0x7D,0xEF,0x7D,0xEF,
  0x7D,0xEF,0x7D,0xEF,0x7D,0xEF,0x7D,0xEF,0x7D,0xEF,0x7D,0xEF,0x7D,0xEF,0x7D,0xEF,0x7D,0xEF,0x7D,0xEF,0x7D,0xEF,0x7D,0xEF,
  0x7D,0xEF,0x7D,0xEF,0x7D,0xEF,0x7D,0xEF,0x7D,0xEF,0x7D,0xEF,0x7D,0xEF,0x7D,0xEF,0x7D,0xEF,0x7D,0xEF,0x7D,0xEF,0x7D,0xEF,
  0x7D,0xEF,0x7D,0xEF,0x7D,0xEF,0x7D,0xEF,0x7D,0xEF,0x7D,0xEF,0x7D,0xEF,0x7D,0xEF,0x7D,0xEF,0x7D,0xEF,0x7D,0xEF,0x7D,0xEF,
  0x7D,0xEF,0x7D,0xEF,0x7D,0xEF,0x7D,0xEF,0x7D,0xEF,0x7D,0xEF,0x7D,0xEF,0x7D,0xEF,0x7D,0xEF,0x7D,0xEF,0x7D,0xEF,0x7D,0xEF,
  0x7D,0xEF,0x7D,0xEF,0x7D,0xEF,0x7D,0xEF,0x7D,0xEF,0x7D,0xEF,0x7D,0xEF,0x7E,0xEF,0x7E,0xEF,0x7D,0xEF,0x7D,0xEF,0x9D,0xEF,
  0x7D,0xEF,0x7D,0xEF,0x9D,0xF7,0x7D,0xEF,0x7D,0xEF,0x7E,0xF7,0x9E,0xF7,0x7E,0xEF,0x7D,0xEF,0x7D,0xEF,0x7D,0xEF,0x7D,0xEF,
  0x7E,0xEF,0x7E,0xEF,0x7E,0xEF,0x7D,0xEF,0x7D,0xEF,0x7D,0xEF,0x7D,0xEF,0x7D,0xEF,0x7D,0xEF,0x7D,0xEF,0x7D,0xEF,0x7D,0xEF,
  0x7D,0xEF,0x7D,0xEF,0x7D,0xEF,0x7D,0xEF,0x7D,0xEF,0x7D,0xEF,0x7D,0xEF,0x7D,0xEF,0x7D,0xEF,0x7D,0xEF,0x7D,0xEF,0x7D,0xEF,
  0x7D,0xEF,0x7D,0xEF,0x7D,0xEF,0x7D,0xEF,0x7D,0xEF,0x7D,0xEF,0x7D,0xEF,0x7D,0xEF,0x7D,0xEF,0x7D,0xEF,0x7D,0xEF,0x7D,0xEF,
  0x7D,0xEF,0x7D,0xEF,0x7D,0xEF,0x7D,0xEF,0x7D,0xEF,0x7D,0xEF,0x7D,0xEF,0x7D,0xEF,0x7D,0xEF,0x7D,0xEF,0x7D,0xEF,0x7D,0xEF,
  0x7D,0xEF,0x7D,0xEF,0x7D,0xEF,0x7D,0xEF,0x7D,0xEF,0x7D,0xEF,0x7D,0xEF,0x7D,0xEF,0x7D,0xEF,0x7D,0xEF,0x7D,0xEF,0x7D,0xEF,
  0x7D,0xEF,0x7D,0xEF,0x7D,0xEF,0x7D,0xEF,0x7D,0xEF,0x7D,0xEF,0x7D,0xEF,0x7D,0xEF,0x7D,0xEF,0x7D,0xEF,0x7D,0xEF,0x7D,0xEF,
  0x7D,0xEF,0x7D,0xEF,0x7D,0xEF,0x7D,0xEF,0x7D,0xEF,0x7D,0xEF,0x7D,0xEF,0x7D,0xEF,0x7D,0xEF,0x7D,0xEF,0x7D,0xEF,0x7D,0xEF,
  0x7D,0xEF,0x7D,0xEF,0x7D,0xEF,0x7D,0xEF,0x7D,0xEF,0x7D,0xEF,0x7D,0xEF,0x7D,0xEF,0x7D,0xEF,0x7D,0xEF,0x7D,0xEF,0x7D,0xEF,
  0x7D,0xEF,0x7D,0xEF,0x7D,0xEF,0x7D,0xEF,0x7D,0xEF,0x7D,0xEF,0x7D,0xEF,0x7D,0xEF,0x7D,0xEF,0x7D,0xEF,0x7D,0xEF,0x7D,0xEF,
  0x7D,0xEF,0x7D,0xEF,0x7D,0xEF,0x7D,0xEF,0x7D,0xEF,0x7D,0xEF,0x7D,0xEF,0x7D,0xEF,0x7D,0xEF,0x7D,0xEF,0x7D,0xEF,0x7D,0xEF,
  0x7D,0xEF,0x7D,0xEF,0x7D,0xEF,0x7D,0xEF,0x7D,0xEF,0x7D,0xEF,0x7D,0xEF,0x7D,0xEF,0x7D,0xEF,0x7D,0xEF,0x7D,0xEF,0x7D,0xEF,
  0x7D,0xEF,0x7D,0xEF,0x7D,0xEF,0x7D,0xEF,0x7D,0xEF,0x7D,0xEF,0x7D,0xEF,0x7D,0xEF,0x7D,0xEF,0x7D,0xEF,0x7D,0xEF,0x7D,0xEF,
  0x7D,0xEF,0x7D,0xEF,0x7D,0xEF,0x7D,0xEF,0x7D,0xEF,0x7D,0xEF,0x7D,0xEF,0x7D,0xEF,0x7D,0xEF,0x7D,0xEF,0x7D,0xEF,0x7D,0xEF,
  0x7D,0xEF,0x7D,0xEF,0x7D,0xEF,0x7D,0xEF,0x7D,0xEF,0x7D,0xEF,0x7D,0xEF,0x7D,0xEF,0x7D,0xEF,0x7D,0xEF,0x7D,0xEF,0x7D,0xEF,
  0x7D,0xEF,0x7D,0xEF,0x7D,0xEF,0x7D,0xEF,0x7D,0xEF,0x7D,0xEF,0x7D,0xEF,0x7D,0xEF,0x7D,0xEF,0x7D,0xEF,0x7D,0xEF,0x7D,0xEF,
  0x7D,0xEF,0x7D,0xEF,0x7D,0xEF,0x7D,0xEF,0x7D,0xEF,0x7D,0xEF,0x7D,0xEF,0x7D,0xEF,0x7D,0xEF,0x7D,0xEF,0x7D,0xEF,0x7D,0xEF,
  0x7D,0xEF,0x7D,0xEF,0x7D,0xEF,0x7D,0xEF,0x7D,0xEF,0x7D,0xEF,0x7D,0xEF,0x7D,0xEF,0x7D,0xEF,0x7D,0xEF,0x7D,0xEF,0x7D,0xEF,
  0x7D,0xEF,0x7D,0xEF,0x7D,0xEF,0x7D,0xEF,0x7D,0xEF,0x7D,0xEF,0x7D,0xEF,0x7D,0xEF,0x7D,0xEF,0x7D,0xEF,0x7D,0xEF,0x7D,0xEF,
  0x7D,0xEF,0x7D,0xEF,0x7D,0xEF,0x7D,0xEF,0x7D,0xEF,0x7D,0xEF,0x7D,0xEF,0x7D,0xEF,0x7D,0xEF,0x7D,0xEF,0x7D,0xEF,0x7D,0xEF,
  0x9D,0xF7,0x7D,0xEF,0x7D,0xEF,0x7D,0xEF,0x7D,0xEF,0x7D,0xEF,0x7D,0xEF,0x7D,0xEF,0x9E,0xF7,0x9E,0xF7,0x7D,0xEF,0x7D,0xEF,
  0x7D,0xEF,0x7D,0xEF,0x7D,0xEF,0x7D,0xEF,0x7D,0xEF,0x7D,0xEF,0x7D,0xEF,0x7D,0xEF,0x7D,0xEF,0x7D,0xEF,0x7D,0xEF,0x7D,0xEF,
  0x7D,0xEF,0x7D,0xEF,0x7D,0xEF,0x7D,0xEF,0x7D,0xEF,0x7D,0xEF,0x7D,0xEF,0x7D,0xEF,0x7D,0xEF,0x7D,0xEF,0x7D,0xEF,0x7D,0xEF,
  0x7D,0xEF,0x7D,0xEF,0x7D,0xEF,0x7D,0xEF,0x7D,0xEF,0x7D,0xEF,0x7D,0xEF,0x7D,0xEF,0x7D,0xEF,0x7D,0xEF,0x7D,0xEF,0x7D,0xEF,
  0x7D,0xEF,0x7D,0xEF,0x7D,0xEF,0x7D,0xEF,0x7D,0xEF,0x7D,0xEF,0x7D,0xEF,0x7D,0xEF,0x7D,0xEF,0x7D,0xEF,0x7D,0xEF,0x7D,0xEF,
  0x7D,0xEF,0x7D,0xEF,0x7D,0xEF,0x7D,0xEF,0x7D,0xEF,0x7D,0xEF,0x7D,0xEF,0x7D,0xEF,0x7D,0xEF,0x7D,0xEF,0x7D,0xEF,0x7D,0xEF,
  0x7D,0xEF,0x7D,0xEF,0x7D,0xEF,0x7D,0xEF,0x7D,0xEF,0x7D,0xEF,0x7D,0xEF,0x7D,0xEF,0x7D,0xEF,0x7D,0xEF,0x7D,0xEF,0x7D,0xEF,
  0x7D,0xEF,0x7D,0xEF,0x7D,0xEF,0x7D,0xEF,0x7D,0xEF,0x7D,0xEF,0x7D,0xEF,0x7D,0xEF,0x7D,0xEF,0x7D,0xEF,0x7D,0xEF,0x7D,0xEF,
  0x7D,0xEF,0x7D,0xEF,0x7D,0xEF,0x7D,0xEF,0x7D,0xEF,0x7D,0xEF,0x7D,0xEF,0x7D,0xEF,0x7D,0xEF,0x7D,0xEF,0x7D,0xEF,0x7D,0xEF,
  0x7D,0xEF,0x7D,0xEF,0x7D,0xEF,0x7D,0xEF,0x7D,0xEF,0x7D,0xEF,0x7D,0xEF,0x7D,0xEF,0x7D,0xEF,0x7D,0xEF,0x7D,0xEF,0x7D,0xEF,
  0x7D,0xEF,0x7D,0xEF,0x7D,0xEF,0x7D,0xEF,0x7D,0xEF,0x7D,0xEF,0x7D,0xEF,0x7D,0xEF,0x7D,0xEF,0x7D,0xEF,0x7D,0xEF,0x7D,0xEF,
  0x7D,0xEF,0x7D,0xEF,0x7D,0xEF,0x7D,0xEF,0x7D,0xEF,0x7D,0xEF,0x7D,0xEF,0x7D,0xEF,0x7D,0xEF,0x7D,0xEF,0x7D,0xEF,0x7D,0xEF,
  0x7D,0xEF,0x7D,0xEF,0x7D,0xEF,0x7D,0xEF,0x7D,0xEF,0x7D,0xEF,0x7D,0xEF,0x7D,0xEF,0x7D,0xEF,0x7D,0xEF,0x7D,0xEF,0x7D,0xEF,
  0x7D,0xEF,0x7D,0xEF,0x7D,0xEF,0x7D,0xEF,0x7D,0xEF,0x7D,0xEF,0x7D,0xEF,0x7D,0xEF,0x7D,0xEF,0x7D,0xEF,0x7D,0xEF,0x7D,0xEF,
  0x7D,0xEF,0x7D,0xEF,0x7D,0xEF,0x7D,0xEF,0x7D,0xEF,0x7D,0xEF,0x7D,0xEF,0x7D,0xEF,0x7D,0xEF,0x7D,0xEF,0x7D,0xEF,0x7D,0xEF,
  0x7D,0xEF,0x7D,0xEF,0x7D,0xEF,0x7D,0xEF,0x7D,0xEF,0x7D,0xEF,0x7D,0xEF,0x7D,0xEF,0x7D,0xEF,0x7D,0xEF,0x7D,0xEF,0x7D,0xEF,
  0x7D,0xEF,0x7D,0xEF,0x7D,0xEF,0x7D,0xEF,0x7D,0xEF,0x7D,0xEF,0x7D,0xEF,0x7D,0xEF,0x7D,0xEF,0x7D,0xEF,0x7D,0xEF,0x7D,0xEF,
  0x7D,0xEF,0x7D,0xEF,0x7D,0xEF,0x7D,0xEF,0x7D,0xEF,0x7D,0xEF,0x7D,0xEF,0x7D,0xEF,0x7D,0xEF,0x7D,0xEF,0x7D,0xEF,0x7D,0xEF,
  0x7D,0xEF,0x7D,0xEF,0x7D,0xEF,0x7D,0xEF,0x7D,0xEF,0x7D,0xEF,0x7D,0xEF,0x7D,0xEF,0x7D,0xEF,0x7D,0xEF,0x7D,0xEF,0x7D,0xEF,
  0x7D,0xEF,0x7D,0xEF,0x7D,0xEF,0x7D,0xEF,0x7D,0xEF,0x7D,0xEF,0x7D,0xEF,0x9D,0xEF,0x7D,0xEF,0x7D,0xEF,0x7E,0xEF,0x7E,0xEF,
  0x7E,0xEF,0x9E,0xF7,0x7E,0xEF,0x7D,0xEF,0x7D,0xEF,0x7D,0xEF,0x9D,0xF7,0x7D,0xEF,0x7D,0xEF,0x7E,0xEF,0x7E,0xEF,0x7D,0xEF,
  0x7D,0xEF,0x9D,0xEF,0x7D,0xEF,0x7D,0xEF,0x7D,0xEF,0x7D,0xEF,0x7D,0xEF,0x7D,0xEF,0x7D,0xEF,0x7D,0xEF,0x7D,0xEF,0x7D,0xEF,
  0x7D,0xEF,0x7D,0xEF,0x7D,0xEF,0x7D,0xEF,0x7D,0xEF,0x7D,0xEF,0x7D,0xEF,0x7D,0xEF,0x7D,0xEF,0x7D,0xEF,0x7D,0xEF,0x7D,0xEF,
  0x7D,0xEF,0x7D,0xEF,0x7D,0xEF,0x7D,0xEF,0x7D,0xEF,0x7D,0xEF,0x7D,0xEF,0x7D,0xEF,0x7D,0xEF,0x7D,0xEF,0x7D,0xEF,0x7D,0xEF,
  0x7D,0xEF,0x7D,0xEF,0x7D,0xEF,0x7D,0xEF,0x7D,0xEF,0x7D,0xEF,0x7D,0xEF,0x7D,0xEF,0x7D,0xEF,0x7D,0xEF,0x7D,0xEF,0x7D,0xEF,
  0x7D,0xEF,0x7D,0xEF,0x7D,0xEF,0x7D,0xEF,0x7D,0xEF,0x7D,0xEF,0x7D,0xEF,0x7D,0xEF,0x7D,0xEF,0x7D,0xEF,0x7D,0xEF,0x7D,0xEF,
  0x7D,0xEF,0x7D,0xEF,0x7D,0xEF,0x7D,0xEF,0x7D,0xEF,0x7D,0xEF,0x7D,0xEF,0x7D,0xEF,0x7D,0xEF,0x7D,0xEF,0x7D,0xEF,0x7D,0xEF,
  0x7D,0xEF,0x7D,0xEF,0x7D,0xEF,0x7D,0xEF,0x7D,0xEF,0x7D,0xEF,0x7D,0xEF,0x7D,0xEF,0x7D,0xEF,0x7D,0xEF,0x7D,0xEF,0x7D,0xEF,
  0x7D,0xEF,0x7D,0xEF,0x7D,0xEF,0x7D,0xEF,0x7D,0xEF,0x7D,0xEF,0x7D,0xEF,0x7D,0xEF,0x7D,0xEF,0x7D,0xEF,0x7D,0xEF,0x7D,0xEF,
  0x7D,0xEF,0x7D,0xEF,0x7D,0xEF,0x7D,0xEF,0x7D,0xEF,0x7D,0xEF,0x7D,0xEF,0x7D,0xEF,0x7D,0xEF,0x7D,0xEF,0x7D,0xEF,0x7D,0xEF,
  0x7D,0xEF,0x7D,0xEF,0x7D,0xEF,0x7D,0xEF,0x7D,0xEF,0x7D,0xEF,0x7D,0xEF,0x7D,0xEF,0x7D,0xEF,0x7D,0xEF,0x7D,0xEF,0x7D,0xEF,
  0x7D,0xEF,0x7D,0xEF,0x7D,0xEF,0x7D,0xEF,0x7D,0xEF,0x7D,0xEF,0x7D,0xEF,0x7D,0xEF,0x7D,0xEF,0x7D,0xEF,0x7D,0xEF,0x7D,0xEF,
  0x7D,0xEF,0x7D,0xEF,0x7D,0xEF,0x7D,0xEF,0x7D,0xEF,0x7D,0xEF,0x7D,0xEF,0x7D,0xEF,0x7D,0xEF,0x7D,0xEF,0x7D,0xEF,0x7D,0xEF,
  0x7D,0xEF,0x7D,0xEF,0x7D,0xEF,0x7D,0xEF,0x7D,0xEF,0x7D,0xEF,0x7D,0xEF,0x7D,0xEF,0x7D,0xEF,0x7D,0xEF,0x7D,0xEF,0x7D,0xEF,
  0x7D,0xEF,0x7D,0xEF,0x7D,0xEF,0x7D,0xEF,0x7D,0xEF,0x7D,0xEF,0x7D,0xEF,0x7D,0xEF,0x7D,0xEF,0x7D,0xEF,0x7D,0xEF,0x7D,0xEF,
  0x7D,0xEF,0x7D,0xEF,0x7D,0xEF,0x7D,0xEF,0x7D,0xEF,0x7D,0xEF,0x7D,0xEF,0x7D,0xEF,0x7D,0xEF,0x7D,0xEF,0x7D,0xEF,0x7D,0xEF,
  0x7D,0xEF,0x7D,0xEF,0x7D,0xEF,0x7D,0xEF,0x7D,0xEF,0x7D,0xEF,0x7D,0xEF,0x7D,0xEF,0x7D,0xEF,0x7D,0xEF,0x7D,0xEF,0x7D,0xEF,
  0x7D,0xEF,0x7D,0xEF,0x7D,0xEF,0x7D,0xEF,0x7D,0xEF,0x7D,0xEF,0x7D,0xEF,0x7D,0xEF,0x7D,0xEF,0x7D,0xEF,0x7D,0xEF,0x7D,0xEF,
  0x7D,0xEF,0x7D,0xEF,0x7D,0xEF,0x7D,0xEF,0x7D,0xEF,0x7D,0xEF,0x7D,0xEF,0x7D,0xEF,0x7D,0xEF,0x7D,0xEF,0x7D,0xEF,0x7D,0xEF,
  0x7D,0xEF,0x7E,0xEF,0x7D,0xEF,0x7D,0xEF,0x7D,0xEF,0x7D,0xEF,0x7D,0xEF,0x9D,0xEF,0x7D,0xEF,0x7D,0xEF,0x7D,0xEF,0x7E,0xEF,
  0x7E,0xEF,0x7E,0xEF,0x7E,0xF7,0x9E,0xF7,0xBE,0xF7,0xBE,0xF7,0x9E,0xF7,0x9D,0xF7,0x7D,0xEF,0x7D,0xEF,0x7D,0xEF,0x7D,0xEF,
  0x7D,0xEF,0x9D,0xEF,0x7D,0xEF,0x7D,0xEF,0x7D,0xEF,0x7D,0xEF,0x7D,0xEF,0x7D,0xEF,0x7D,0xEF,0x7D,0xEF,0x7D,0xEF,0x7D,0xEF,
  0x7D,0xEF,0x7D,0xEF,0x7D,0xEF,0x7D,0xEF,0x7D,0xEF,0x7D,0xEF,0x7D,0xEF,0x7D,0xEF,0x7D,0xEF,0x7D,0xEF,0x7D,0xEF,0x7D,0xEF,
  0x7D,0xEF,0x7D,0xEF,0x7D,0xEF,0x7D,0xEF,0x7D,0xEF,0x7D,0xEF,0x7D,0xEF,0x7D,0xEF,0x7D,0xEF,0x7D,0xEF,0x7D,0xEF,0x7D,0xEF,
  0x7D,0xEF,0x7D,0xEF,0x7D,0xEF,0x7D,0xEF,0x7D,0xEF,0x7D,0xEF,0x7D,0xEF,0x7E,0xEF,0x7E,0xEF,0x7D,0xEF,0x7D,0xEF,0x7D,0xEF,
  0x7D,0xEF,0x7D,0xEF,0x7D,0xEF,0x7D,0xEF,0x7D,0xEF,0x7D,0xEF,0x7D,0xEF,0x7E,0xEF,0x7D,0xEF,0x7D,0xEF,0x7D,0xEF,0x7D,0xEF,
  0x7D,0xEF,0x7D,0xEF,0x7D,0xEF,0x7D,0xEF,0x7D,0xEF,0x7D,0xEF,0x7D,0xEF,0x7D,0xEF,0x7D,0xEF,0x7D,0xEF,0x7D,0xEF,0x7D,0xEF,
  0x7D,0xEF,0x7D,0xEF,0x7D,0xEF,0x7D,0xEF,0x7D,0xEF,0x7D,0xEF,0x7D,0xEF,0x7D,0xEF,0x7D,0xEF,0x7D,0xEF,0x7D,0xEF,0x7D,0xEF,
  0x7D,0xEF,0x7D,0xEF,0x7D,0xEF,0x7D,0xEF,0x7D,0xEF,0x7D,0xEF,0x7D,0xEF,0x7D,0xEF,0x7D,0xEF,0x7D,0xEF,0x7D,0xEF,0x7D,0xEF,
  0x7E,0xEF,0x7E,0xEF,0x7D,0xEF,0x7D,0xEF,0x7D,0xEF,0x7D,0xEF,0x7D,0xEF,0x7D,0xEF,0x7D,0xEF,0x7D,0xEF,0x7D,0xEF,0x7D,0xEF,
  0x7D,0xEF,0x7D,0xEF,0x7D,0xEF,0x7D,0xEF,0x7D,0xEF,0x7D,0xEF,0x7D,0xEF,0x7D,0xEF,0x7D,0xEF,0x7D,0xEF,0x7D,0xEF,0x7D,0xEF,
  0x7D,0xEF,0x7D,0xEF,0x7D,0xEF,0x7D,0xEF,0x7D,0xEF,0x7D,0xEF,0x7D,0xEF,0x7D,0xEF,0x7D,0xEF,0x7D,0xEF,0x7D,0xEF,0x7D,0xEF,
  0x7D,0xEF,0x7D,0xEF,0x7D,0xEF,0x7D,0xEF,0x7D,0xEF,0x7D,0xEF,0x7D,0xEF,0x7D,0xEF,0x7D,0xEF,0x7D,0xEF,0x7D,0xEF,0x7D,0xEF,
  0x7D,0xEF,0x7D,0xEF,0x7D,0xEF,0x7D,0xEF,0x7D,0xEF,0x7D,0xEF,0x7D,0xEF,0x7D,0xEF,0x7D,0xEF,0x7D,0xEF,0x7D,0xEF,0x7D,0xEF,
  0x7D,0xEF,0x7D,0xEF,0x7D,0xEF,0x7D,0xEF,0x7D,0xEF,0x7D,0xEF,0x7D,0xEF,0x7D,0xEF,0x7D,0xEF,0x7D,0xEF,0x7D,0xEF,0x7D,0xEF,
  0x7D,0xEF,0x7D,0xEF,0x7D,0xEF,0x7D,0xEF,0x7D,0xEF,0x7D,0xEF,0x7D,0xEF,0x7D,0xEF,0x7D,0xEF,0x7D,0xEF,0x7D,0xEF,0x7D,0xEF,
  0x7D,0xEF,0x7D,0xEF,0x7D,0xEF,0x7D,0xEF,0x7D,0xEF,0x7D,0xEF,0x7D,0xEF,0x7D,0xEF,0x7D,0xEF,0x7D,0xEF,0x9E,0xF7,0xBE,0xF7,
  0xBE,0xF7,0xBE,0xF7,0xDE,0xF7,0xDE,0xFF,0xDE,0xFF,0xDE,0xFF,0xDE,0xFF,0xBE,0xF7,0x9E,0xF7,0x7D,0xEF,0x9D,0xF7,0x7D,0xEF,
  0x7D,0xEF,0x9D,0xF7,0x9E,0xF7,0xBE,0xF7,0xDE,0xF7,0xDE,0xFF,0xDE,0xFF,0xDE,0xFF,0xDE,0xFF,0xDE,0xFF,0xDE,0xFF,0xDE,0xF7,
  0x9D,0xF7,0x7D,0xEF,0x7D,0xEF,0x7D,0xEF,0x7D,0xEF,0x7D,0xEF,0x9D,0xF7,0x7D,0xEF,0x7D,0xEF,0x7D,0xEF,0x9D,0xF7,0xBE,0xF7,
  0xBE,0xF7,0x7E,0xEF,0x5E,0xEF,0xDC,0xDE,0x5A,0xCE,0x7B,0xCE,0xFD,0xDE,0x5E,0xEF,0x9E,0xF7,0xBE,0xF7,0xBE,0xF7,0x7D,0xEF,
  0x7D,0xEF,0x7D,0xEF,0x7D,0xEF,0x9E,0xF7,0x7D,0xEF,0x7D,0xEF,0x7D,0xEF,0x9D,0xF7,0xBE,0xF7,0xDE,0xF7,0xDE,0xFF,0xDE,0xF7,
  0xDE,0xFF,0xDE,0xFF,0xDE,0xFF,0xDE,0xFF,0xDE,0xF7,0xDE,0xFF,0xDE,0xFF,0xDE,0xFF,0xDE,0xF7,0x9D,0xF7,0x7D,0xEF,0x7D,0xEF,
  0x7D,0xEF,0x7E,0xEF,0x7D,0xEF,0x7D,0xEF,0xBE,0xF7,0xFF,0xFF,0xDE,0xFF,0xDE,0xF7,0xDE,0xFF,0xDE,0xFF,0xDE,0xFF,0xDE,0xFF,
  0xDE,0xFF,0xDE,0xFF,0xDE,0xFF,0xDE,0xFF,0xBE,0xF7,0x7D,0xEF,0x7D,0xEF,0x7D,0xEF,0x9D,0xEF,0xDE,0xFF,0xFF,0xFF,0xDE,0xFF,
  0xDE,0xF7,0xDE,0xFF,0xDE,0xF7,0xDE,0xF7,0xFE,0xFF,0xDE,0xFF,0x9E,0xF7,0x7D,0xEF,0x7D,0xEF,0x7D,0xEF,0x7D,0xEF,0x7D,0xEF,
  0x9D,0xF7,0xBE,0xF7,0xDE,0xFF,0xDE,0xF7,0xDE,0xF7,0xDE,0xF7,0xDE,0xF7,0xDE,0xFF,0xBE,0xF7,0x9D,0xF7,0xBE,0xF7,0xFE,0xFF,
  0xFF,0xFF,0xFE,0xFF,0xDE,0xFF,0xDE,0xF7,0xDE,0xFF,0xDE,0xFF,0xDE,0xFF,0xDE,0xFF,0xDE,0xFF,0xDE,0xFF,0xDE,0xFF,0xDE,0xFF,
  0xDE,0xFF,0xDE,0xFF,0xDE,0xFF,0xDE,0xFF,0xDE,0xFF,0xDE,0xF7,0xDE,0xFF,0xDE,0xFF,0xDE,0xFF,0xFE,0xFF,0xFF,0xFF,0xBE,0xF7,
  0x9D,0xEF,0x7D,0xEF,0x9D,0xF7,0xBE,0xF7,0xDE,0xF7,0xDE,0xFF,0xDE,0xF7,0xDE,0xFF,0xDE,0xFF,0xDE,0xFF,0xDE,0xFF,0xDE,0xFF,
  0xDE,0xFF,0xDE,0xFF,0xDE,0xFF,0xDE,0xFF,0xDE,0xFF,0xDE,0xFF,0xDE,0xFF,0xDE,0xFF,0xDE,0xFF,0xDE,0xFF,0xDE,0xF7,0xDE,0xF7,
  0xDE,0xF7,0xBE,0xF7,0x9D,0xF7,0x7D,0xEF,0x7D,0xEF,0x7D,0xEF,0x7D,0xEF,0x7D,0xEF,0x7D,0xEF,0x7D,0xEF,0x7D,0xEF,0x7D,0xEF,
  0x7D,0xEF,0x7D,0xEF,0x7D,0xEF,0x7D,0xEF,0x7D,0xEF,0x7D,0xEF,0x7D,0xEF,0x7D,0xEF,0x7D,0xEF,0x7D,0xEF,0x7D,0xEF,0x7D,0xEF,
  0x7D,0xEF,0x7D,0xEF,0x7D,0xEF,0x7D,0xEF,0x7D,0xEF,0x7D,0xEF,0x7D,0xEF,0x7D,0xEF,0x7D,0xEF,0x7D,0xEF,0x7D,0xEF,0x7D,0xEF,
  0x7D,0xEF,0x7D,0xEF,0x7D,0xEF,0x7D,0xEF,0x7D,0xEF,0x7D,0xEF,0x7D,0xEF,0x7D,0xEF,0x7D,0xEF,0x7D,0xEF,0x7D,0xEF,0x7D,0xEF,
  0x7D,0xEF,0x7D,0xEF,0x7D,0xEF,0x7D,0xEF,0x7D,0xEF,0x7D,0xEF,0x7D,0xEF,0x7D,0xEF,0x7D,0xEF,0x7D,0xEF,0x7D,0xEF,0x7D,0xEF,
  0x7D,0xEF,0x7D,0xEF,0x7D,0xEF,0x7D,0xEF,0x7D,0xEF,0x7D,0xF7,0x7E,0xEF,0x7E,0xEF,0x7E,0xEF,0x7D,0xEF,0x5E,0xEF,0xD8,0x9C,
  0x57,0x8C,0x57,0x8C,0x57,0x8C,0x57,0x8C,0x57,0x8C,0x57,0x8C,0x57,0x84,0x97,0x94,0xFD,0xDE,0x9D,0xF7,0x9E,0xF7,0x7E,0xEF,
  0x7E,0xF7,0x9E,0xF7,0xDD,0xDE,0x56,0x8C,0x37,0x8C,0x57,0x8C,0x57,0x8C,0x57,0x8C,0x57,0x8C,0x57,0x84,0xB8,0x94,0xFA,0xBD,
  0x7E,0xF7,0x7D,0xEF,0x7E,0xF7,0x7D,0xEF,0x9D,0xEF,0x9D,0xEF,0x7D,0xEF,0x7D,0xF7,0x9D,0xF7,0xDE,0xF7,0x9E,0xEF,0x1A,0xBE,
  0x77,0x8C,0xD4,0x5A,0xD2,0x39,0xB2,0x31,0xB2,0x31,0xB2,0x31,0xB2,0x31,0xF2,0x39,0x55,0x6B,0xD8,0x94,0x7B,0xCE,0xBE,0xF7,
  0xBE,0xF7,0x7D,0xEF,0x7D,0xEF,0x7E,0xF7,0x7E,0xEF,0x7D,0xF7,0x5D,0xEF,0x7E,0xF7,0x39,0xA5,0x57,0x84,0x77,0x8C,0x58,0x8C,
  0x57,0x8C,0x57,0x8C,0x57,0x8C,0x57,0x8C,0x57,0x84,0x57,0x8C,0x58,0x8C,0x57,0x8C,0xFA,0xC5,0x7D,0xEF,0x9D,0xEF,0x9D,0xEF,
  0x7E,0xF7,0x7E,0xF7,0x9D,0xF7,0x9D,0xF7,0xBD,0xD6,0x19,0xA5,0xB8,0x94,0x37,0x84,0x57,0x8C,0x57,0x8C,0x57,0x8C,0x57,0x8C,
  0x57,0x8C,0x57,0x8C,0x57,0x8C,0x37,0x84,0xD8,0x9C,0x5E,0xE7,0x9E,0xF7,0x9D,0xF7,0x7E,0xEF,0xB9,0xB5,0xD8,0x9C,0x57,0x84,
  0x57,0x8C,0x57,0x8C,0x57,0x8C,0x56,0x84,0xB8,0x94,0x59,0xA5,0x1C,0xE7,0x7D,0xF7,0x7E,0xF7,0x7E,0xEF,0x7D,0xEF,0x7D,0xEF,
  0x9D,0xF7,0x1A,0xC6,0xB7,0x94,0x57,0x84,0x57,0x8C,0x57,0x84,0x77,0x84,0x57,0x8C,0xF7,0x9C,0x7E,0xF7,0xBC,0xDE,0x19,0xA5,
  0x39,0xA5,0x38,0xA5,0x77,0x8C,0x57,0x8C,0x57,0x8C,0x57,0x8C,0x57,0x8C,0x57,0x8C,0x57,0x8C,0x57,0x8C,0x57,0x8C,0x57,0x8C,
  0x57,0x8C,0x57,0x8C,0x57,0x8C,0x57,0x8C,0x57,0x8C,0x57,0x84,0x57,0x8C,0x36,0x8C,0x77,0x8C,0xF9,0xA4,0xF8,0xA4,0x5B,0xCE,
  0x9D,0xF7,0x7E,0xEF,0x9E,0xF7,0xDA,0xBD,0x37,0x84,0x77,0x8C,0x76,0x8C,0x57,0x8C,0x57,0x8C,0x57,0x8C,0x57,0x8C,0x57,0x8C,
  0x57,0x8C,0x57,0x8C,0x57,0x8C,0x57,0x8C,0x57,0x8C,0x57,0x8C,0x57,0x8C,0x57,0x8C,0x57,0x8C,0x57,0x8C,0x58,0x8C,0x57,0x84,
  0x77,0x8C,0x3B,0xC6,0x9E,0xF7,0x7D,0xEF,0x7E,0xEF,0x7D,0xEF,0x7D,0xF7,0x7D,0xEF,0x7D,0xEF,0x7D,0xEF,0x7D,0xEF,0x7D,0xEF,
  0x7D,0xEF,0x7D,0xEF,0x7D,0xEF,0x7D,0xEF,0x7D,0xEF,0x7D,0xEF,0x7D,0xEF,0x7D,0xEF,0x7D,0xEF,0x7D,0xEF,0x7D,0xEF,0x7D,0xEF,
  0x7D,0xEF,0x7D,0xEF,0x7D,0xEF,0x7D,0xEF,0x7D,0xEF,0x7D,0xEF,0x7D,0xEF,0x7D,0xEF,0x7D,0xEF,0x7D,0xEF,0x7D,0xEF,0x7D,0xEF,
  0x7D,0xEF,0x7D,0xEF,0x7D,0xEF,0x7D,0xEF,0x7D,0xEF,0x7D,0xEF,0x7D,0xEF,0x7D,0xEF,0x7D,0xEF,0x7D,0xEF,0x7D,0xEF,0x7D,0xEF,
  0x7D,0xEF,0x7D,0xEF,0x7D,0xEF,0x7D,0xEF,0x7D,0xEF,0x7D,0xEF,0x7D,0xEF,0x7D,0xEF,0x7D,0xEF,0x7D,0xEF,0x7D,0xEF,0x7D,0xEF,
  0x7D,0xEF,0x7D,0xEF,0x7D,0xEF,0x7D,0xEF,0x7E,0xEF,0x7E,0xF7,0x7D,0xEF,0x9D,0xEF,0x7D,0xEF,0xBE,0xF7,0x1E,0xDF,0x52,0x4A,
  0xCF,0x18,0x11,0x21,0x32,0x21,0x31,0x19,0x31,0x19,0x31,0x21,0x11,0x19,0x90,0x31,0x5D,0xCE,0xBF,0xFF,0x5D,0xEF,0x9D,0xEF,
  0x7D,0xEF,0xBF,0xF7,0x1D,0xC6,0x6F,0x29,0xF1,0x20,0x31,0x21,0x31,0x21,0x31,0x21,0x31,0x19,0x32,0x21,0xB0,0x18,0x34,0x63,
  0x5F,0xEF,0x7D,0xEF,0x9D,0xEF,0x9D,0xF7,0x9D,0xEF,0x9E,0xEF,0x5E,0xEF,0x9D,0xEF,0xBF,0xF7,0x1C,0xBE,0x14,0x63,0x91,0x31,
  0x11,0x21,0x32,0x29,0x72,0x29,0x72,0x29,0x91,0x29,0x72,0x29,0x52,0x29,0x72,0x29,0x31,0x21,0x10,0x21,0xB1,0x31,0xB6,0x73,
  0xDE,0xDE,0xBF,0xF7,0x7C,0xEF,0x7D,0xEF,0x7E,0xEF,0x9D,0xF7,0x9D,0xF7,0x7E,0xEF,0x13,0x63,0xAF,0x10,0x31,0x21,0x31,0x21,
  0x31,0x21,0x31,0x21,0x31,0x21,0x31,0x21,0x31,0x19,0x32,0x21,0x32,0x21,0xF0,0x18,0x72,0x4A,0x5F,0xE7,0x9E,0xF7,0x7D,0xEF,
  0x7E,0xF7,0x7D,0xF7,0x7C,0xEF,0xDF,0xF7,0x98,0x94,0xCE,0x18,0x11,0x21,0x31,0x21,0x31,0x21,0x31,0x21,0x31,0x21,0x31,0x21,
  0x31,0x21,0x31,0x21,0x31,0x21,0xF1,0x18,0x11,0x3A,0x3D,0xE7,0x7D,0xEF,0x9E,0xEF,0x7F,0xEF,0x50,0x4A,0xEF,0x18,0x32,0x19,
  0x52,0x21,0x32,0x19,0xF1,0x18,0x32,0x21,0xF0,0x18,0x4F,0x29,0x3B,0xC6,0xBF,0xF7,0x7D,0xEF,0x9D,0xEF,0x7D,0xEF,0x9D,0xF7,
  0xBF,0xF7,0x54,0x6B,0xCE,0x18,0x11,0x21,0x31,0x29,0x11,0x21,0x52,0x21,0xD0,0x18,0x51,0x4A,0x9F,0xF7,0x3A,0xA5,0xEF,0x10,
  0x11,0x19,0x31,0x21,0x11,0x19,0x31,0x21,0x31,0x21,0x31,0x21,0x32,0x21,0x31,0x21,0x31,0x21,0x31,0x21,0x31,0x21,0x31,0x21,
  0x31,0x21,0x31,0x21,0x31,0x21,0x31,0x21,0x31,0x21,0x31,0x19,0x31,0x21,0x31,0x19,0x11,0x19,0x11,0x21,0xAE,0x10,0x18,0x9D,
  0xFF,0xFF,0x5C,0xEF,0xBF,0xFF,0x16,0x84,0xAE,0x10,0x31,0x21,0x31,0x21,0x11,0x21,0x32,0x21,0x31,0x21,0x31,0x21,0x31,0x19,
  0x31,0x21,0x31,0x21,0x31,0x21,0x31,0x21,0x31,0x21,0x31,0x21,0x31,0x21,0x31,0x21,0x31,0x21,0x31,0x21,0x11,0x21,0x31,0x21,
  0xCF,0x18,0x57,0x8C,0xBF,0xF7,0x7E,0xEF,0x7E,0xEF,0x9D,0xEF,0x7D,0xEF,0x7D,0xEF,0x7D,0xEF,0x7D,0xEF,0x7D,0xEF,0x7D,0xEF,
  0x7D,0xEF,0x7D,0xEF,0x7D,0xEF,0x7D,0xEF,0x7D,0xEF,0x7D,0xEF,0x7D,0xEF,0x7D,0xEF,0x7D,0xEF,0x7D,0xEF,0x7D,0xEF,0x7D,0xEF,
  0x7D,0xEF,0x7D,0xEF,0x7D,0xEF,0x7D,0xEF,0x7D,0xEF,0x7D,0xEF,0x7D,0xEF,0x7D,0xEF,0x7D,0xEF,0x7D,0xEF,0x7D,0xEF,0x7D,0xEF,
  0x7D,0xEF,0x7D,0xEF,0x7D,0xEF,0x7D,0xEF,0x7D,0xEF,0x7D,0xEF,0x7D,0xEF,0x7D,0xEF,0x7D,0xEF,0x7D,0xEF,0x7D,0xEF,0x7D,0xEF,
  0x7D,0xEF,0x7D,0xEF,0x7D,0xEF,0x7D,0xEF,0x7D,0xEF,0x7D,0xEF,0x7D,0xEF,0x7D,0xEF,0x7D,0xEF,0x7D,0xEF,0x7D,0xEF,0x7D,0xEF,
  0x7D,0xEF,0x7D,0xEF,0x7D,0xEF,0x7D,0xEF,0x7D,0xEF,0x7D,0xF7,0x9D,0xEF,0x7E,0xEF,0x7E,0xEF,0x9E,0xF7,0x1F,0xDF,0xB4,0x52,
  0x70,0x29,0xB2,0x29,0xB2,0x31,0xB1,0x31,0xB2,0x31,0xB2,0x31,0x92,0x29,0xF1,0x39,0x7D,0xD6,0x9E,0xF7,0x7D,0xF7,0x7E,0xEF,
  0x5D,0xEF,0xBF,0xF7,0x7C,0xCE,0xCF,0x31,0xB1,0x31,0xB1,0x31,0xB1,0x31,0xB2,0x31,0xB2,0x31,0xB3,0x31,0x50,0x21,0xB5,0x73,
  0x9F,0xEF,0x7D,0xEF,0x9E,0xF7,0x7E,0xEF,0x9E,0xEF,0x9D,0xEF,0x9D,0xEF,0xBF,0xF7,0xB8,0x94,0x70,0x29,0x31,0x21,0x73,0x29,
  0xB2,0x31,0xB1,0x31,0x91,0x29,0x92,0x29,0x72,0x29,0x92,0x29,0xB2,0x31,0x92,0x29,0x92,0x29,0xB4,0x29,0x93,0x29,0x10,0x21,
  0x31,0x42,0xFB,0xBD,0xDF,0xFF,0x7D,0xEF,0x9E,0xF7,0x7E,0xEF,0x7D,0xEF,0x9F,0xEF,0x75,0x6B,0x52,0x21,0xB3,0x31,0xB2,0x31,
  0xB2,0x31,0xB2,0x31,0xB2,0x31,0xB2,0x31,0xB2,0x31,0xB2,0x31,0xB2,0x31,0xB1,0x31,0xCF,0x31,0xDE,0xDE,0x9E,0xF7,0x7D,0xEF,
  0x7E,0xF7,0x7E,0xEF,0x7D,0xEF,0xBF,0xEF,0x74,0x6B,0x50,0x29,0xD3,0x31,0xB2,0x29,0xB2,0x31,0xB2,0x31,0xB2,0x31,0xB2,0x31,
  0xB2,0x31,0xB2,0x31,0xB2,0x31,0x91,0x29,0x72,0x4A,0x1E,0xE7,0x9E,0xF7,0x9E,0xEF,0x3F,0xE7,0xD3,0x5A,0x71,0x29,0xB3,0x31,
  0xB1,0x29,0xB2,0x31,0xB1,0x31,0xB2,0x31,0xB2,0x29,0xD1,0x31,0x7C,0xCE,0xBE,0xF7,0x7D,0xEF,0x7D,0xEF,0x7E,0xEF,0x7E,0xEF,
  0xBF,0xF7,0xB5,0x73,0x72,0x29,0xB3,0x31,0xB1,0x31,0xB1,0x31,0xB3,0x31,0x71,0x29,0xB1,0x52,0xBF,0xF7,0x99,0xAD,0x70,0x29,
  0xB3,0x31,0xB2,0x31,0xB2,0x31,0xB2,0x29,0xB2,0x31,0xB2,0x31,0xB2,0x29,0xB2,0x31,0xB2,0x31,0xB2,0x31,0xB2,0x31,0xB2,0x31,
  0xB2,0x31,0xB2,0x31,0xB2,0x31,0xB2,0x31,0xB2,0x31,0x71,0x31,0x72,0x29,0xB2,0x31,0xB2,0x29,0xD2,0x31,0x2E,0x21,0x38,0xA5,
  0xFF,0xFF,0x5C,0xEF,0xDF,0xFF,0x97,0x8C,0x51,0x21,0xB3,0x31,0xB2,0x31,0xB2,0x31,0xB2,0x31,0xB1,0x31,0xB2,0x31,0xB2,0x31,
  0xB2,0x31,0xB2,0x31,0xB2,0x31,0xB2,0x31,0xB2,0x31,0xB2,0x31,0xB2,0x31,0xB2,0x31,0xB2,0x31,0xB2,0x31,0x91,0x31,0xB2,0x31,
  0x70,0x29,0x97,0x8C,0xDF,0xF7,0x7C,0xEF,0x9D,0xEF,0x7E,0xEF,0x7E,0xEF,0x7E,0xEF,0x7D,0xEF,0x7D,0xEF,0x7D,0xEF,0x7D,0xEF,
  0x7D,0xEF,0x7D,0xEF,0x7D,0xEF,0x7D,0xEF,0x7D,0xEF,0x7D,0xEF,0x7D,0xEF,0x7D,0xEF,0x7D,0xEF,0x7D,0xEF,0x7D,0xEF,0x7D,0xEF,
  0x7D,0xEF,0x7D,0xEF,0x7D,0xEF,0x7D,0xEF,0x7D,0xEF,0x7D,0xEF,0x7D,0xEF,0x7D,0xEF,0x7D,0xEF,0x7D,0xEF,0x7D,0xEF,0x7D,0xEF,
  0x7D,0xEF,0x7D,0xEF,0x7D,0xEF,0x7D,0xEF,0x7D,0xEF,0x7D,0xEF,0x7D,0xEF,0x7D,0xEF,0x7D,0xEF,0x7D,0xEF,0x7D,0xEF,0x7D,0xEF,
  0x7D,0xEF,0x7D,0xEF,0x7D,0xEF,0x7D,0xEF,0x7D,0xEF,0x7D,0xEF,0x7D,0xEF,0x7D,0xEF,0x7D,0xEF,0x7D,0xEF,0x7D,0xEF,0x7D,0xEF,
  0x7D,0xEF,0x7D,0xEF,0x7D,0xEF,0x7D,0xEF,0x7D,0xEF,0x7E,0xEF,0x9E,0xEF,0x9D,0xEF,0x7D,0xEF,0xBD,0xF7,0x3E,0xE7,0x92,0x52,
  0x50,0x21,0x92,0x29,0x92,0x29,0x72,0x31,0x92,0x31,0x92,0x31,0x71,0x29,0xF1,0x39,0x7D,0xD6,0xBE,0xF7,0x7D,0xEF,0x7D,0xEF,
  0x7D,0xF7,0xBF,0xF7,0x7D,0xCE,0xB0,0x31,0x72,0x29,0x92,0x29,0x92,0x29,0x72,0x31,0x72,0x31,0xB2,0x31,0x50,0x21,0x74,0x6B,
  0x7F,0xEF,0x9D,0xF7,0x9D,0xF7,0x7E,0xEF,0x7D,0xEF,0x7D,0xEF,0xDF,0xFF,0xF7,0x83,0x50,0x29,0x71,0x29,0xB3,0x31,0x92,0x29,
  0x92,0x29,0x92,0x29,0x92,0x31,0xB1,0x29,0x91,0x29,0x92,0x31,0x92,0x31,0x92,0x29,0x91,0x29,0x71,0x21,0x92,0x29,0xD3,0x31,
  0x30,0x21,0xD1,0x39,0xFB,0xBD,0xFF,0xFF,0x5D,0xE7,0x7D,0xEF,0x7E,0xEF,0x9F,0xF7,0x34,0x63,0x31,0x21,0xB2,0x29,0x70,0x29,
  0x92,0x29,0x92,0x29,0x72,0x31,0x72,0x31,0x91,0x31,0x92,0x31,0x93,0x31,0x92,0x31,0x90,0x29,0xBB,0xB5,0xBF,0xFF,0x7D,0xEF,
  0x7D,0xEF,0x7D,0xEF,0x9D,0xEF,0x1E,0xDF,0x52,0x4A,0x51,0x21,0xB2,0x31,0x92,0x29,0x72,0x31,0x92,0x29,0x92,0x29,0x92,0x29,
  0x92,0x29,0x92,0x29,0x92,0x31,0x51,0x29,0x52,0x4A,0x1E,0xE7,0xBE,0xF7,0x7D,0xEF,0x3F,0xEF,0xB2,0x52,0x51,0x29,0x93,0x31,
  0x92,0x31,0x72,0x31,0x92,0x31,0x92,0x29,0x72,0x29,0xB1,0x31,0x5C,0xCE,0xBE,0xF7,0x7D,0xEF,0x7D,0xEF,0x7D,0xEF,0x7D,0xEF,
  0xBF,0xF7,0x95,0x6B,0x30,0x21,0x92,0x31,0x71,0x29,0x92,0x29,0x93,0x29,0x51,0x21,0xB3,0x52,0x9F,0xF7,0x79,0xAD,0x2F,0x21,
  0xB3,0x31,0x92,0x31,0x92,0x31,0x92,0x29,0x72,0x31,0x72,0x31,0x92,0x29,0x92,0x29,0x92,0x29,0x92,0x29,0x92,0x31,0x92,0x29,
  0x92,0x29,0x92,0x29,0x92,0x31,0x92,0x31,0x92,0x31,0x92,0x31,0x72,0x31,0x72,0x31,0x72,0x29,0x93,0x31,0x2F,0x21,0x39,0xA5,
  0xDF,0xFF,0x5D,0xEF,0xDF,0xFF,0x57,0x84,0x30,0x19,0xB2,0x31,0x71,0x29,0x92,0x29,0x91,0x29,0x92,0x31,0x72,0x31,0x72,0x31,
  0x92,0x29,0x92,0x29,0x92,0x29,0x92,0x29,0x92,0x29,0x92,0x29,0x92,0x29,0x92,0x29,0x92,0x29,0x92,0x29,0x92,0x29,0x93,0x29,
  0x50,0x21,0x98,0x94,0xDF,0xF7,0x7D,0xEF,0x9E,0xEF,0x7D,0xEF,0x7E,0xF7,0x7E,0xEF,0x7D,0xEF,0x7D,0xEF,0x7D,0xEF,0x7D,0xEF,
  0x7D,0xEF,0x7D,0xEF,0x7D,0xEF,0x7D,0xEF,0x7D,0xEF,0x7D,0xEF,0x7D,0xEF,0x7D,0xEF,0x7D,0xEF,0x7D,0xEF,0x7D,0xEF,0x7D,0xEF,
  0x7D,0xEF,0x7D,0xEF,0x7D,0xEF,0x7D,0xEF,0x7D,0xEF,0x7D,0xEF,0x7D,0xEF,0x7D,0xEF,0x7D,0xEF,0x7D,0xEF,0x7D,0xEF,0x7D,0xEF,
  0x7D,0xEF,0x7D,0xEF,0x7D,0xEF,0x7D,0xEF,0x7D,0xEF,0x7D,0xEF,0x7D,0xEF,0x7D,0xEF,0x7D,0xEF,0x7D,0xEF,0x7D,0xEF,0x7D,0xEF,
  0x7D,0xEF,0x7D,0xEF,0x7D,0xEF,0x7D,0xEF,0x7D,0xEF,0x7D,0xEF,0x7D,0xEF,0x7D,0xEF,0x7D,0xEF,0x7D,0xEF,0x7D,0xEF,0x7D,0xEF,
  0x7D,0xEF,0x7D,0xEF,0x7D,0xEF,0x7D,0xEF,0x7D,0xEF,0x7E,0xEF,0x9E,0xEF,0x7D,0xEF,0x7D,0xEF,0x9D,0xF7,0x1E,0xE7,0x93,0x52,
  0x70,0x29,0x92,0x29,0x92,0x29,0x92,0x29,0x92,0x29,0x91,0x29,0x71,0x29,0xF1,0x39,0x5D,0xCE,0xBF,0xF7,0x7D,0xEF,0x9D,0xEF,
  0x7D,0xEF,0xBF,0xF7,0x5D,0xC6,0xD0,0x31,0x92,0x29,0x92,0x29,0x92,0x29,0x92,0x29,0x92,0x29,0xB2,0x31,0x30,0x21,0x75,0x6B,
  0x9F,0xF7,0x7D,0xEF,0x7D,0xF7,0x7E,0xF7,0x7D,0xEF,0xDF,0xFF,0xF8,0xA4,0x70,0x29,0x72,0x29,0xB2,0x31,0x71,0x29,0x91,0x29,
  0x91,0x29,0x71,0x29,0x92,0x29,0x93,0x31,0x72,0x29,0x71,0x29,0x93,0x31,0x93,0x29,0x72,0x29,0xB2,0x31,0x91,0x29,0x71,0x29,
  0xB3,0x31,0x52,0x21,0x31,0x4A,0xBD,0xDE,0xBE,0xF7,0x7D,0xEF,0x7E,0xEF,0x9F,0xEF,0x54,0x63,0x31,0x21,0xB3,0x29,0x92,0x29,
  0x92,0x29,0x92,0x29,0x92,0x29,0x92,0x29,0x91,0x29,0x91,0x29,0x92,0x29,0x93,0x29,0x30,0x21,0x77,0x8C,0xFF,0xFF,0x7D,0xEF,
  0x7D,0xF7,0x7D,0xEF,0xDF,0xF7,0xDC,0xBD,0x90,0x31,0x93,0x31,0x71,0x29,0x92,0x29,0x92,0x29,0x92,0x29,0x92,0x29,0x92,0x29,
  0x92,0x29,0x92,0x29,0x92,0x29,0x51,0x21,0x52,0x42,0x1E,0xE7,0x9D,0xF7,0x7D,0xEF,0x5F,0xEF,0xB2,0x52,0x71,0x29,0x92,0x29,
  0x92,0x29,0x93,0x29,0x92,0x29,0x92,0x29,0x93,0x29,0x90,0x31,0x7C,0xCE,0xBE,0xF7,0x7D,0xEF,0x7E,0xF7,0x7E,0xF7,0x7D,0xEF,
  0xBF,0xF7,0xB5,0x73,0x50,0x21,0x92,0x31,0x92,0x31,0x92,0x29,0x92,0x29,0x71,0x29,0xB2,0x52,0x9F,0xEF,0x99,0xAD,0x71,0x29,
  0x93,0x29,0x72,0x29,0x91,0x29,0xB2,0x29,0x91,0x29,0x92,0x31,0x92,0x29,0x92,0x29,0x92,0x29,0x92,0x29,0x92,0x29,0x92,0x29,
  0x92,0x29,0x92,0x29,0x92,0x29,0x92,0x29,0x92,0x29,0x92,0x29,0xB2,0x31,0x92,0x31,0x92,0x29,0xB2,0x31,0x0E,0x21,0x38,0xA5,
  0xFF,0xFF,0x5D,0xEF,0x9F,0xFF,0x57,0x8C,0x30,0x21,0xB2,0x31,0x91,0x29,0x92,0x29,0x92,0x29,0x92,0x29,0x92,0x29,0x92,0x29,
  0x92,0x29,0x92,0x29,0x92,0x29,0x92,0x29,0x92,0x29,0x92,0x29,0x92,0x29,0x92,0x29,0x92,0x29,0x92,0x29,0x71,0x29,0xB2,0x31,
  0x50,0x29,0x77,0x8C,0xDF,0xF7,0x7D,0xEF,0x7E,0xEF,0x9D,0xEF,0x7D,0xF7,0x7D,0xF7,0x7D,0xEF,0x7D,0xEF,0x7D,0xEF,0x7D,0xEF,
  0x7D,0xEF,0x7D,0xEF,0x7D,0xEF,0x7D,0xEF,0x7D,0xEF,0x7D,0xEF,0x7D,0xEF,0x7D,0xEF,0x7D,0xEF,0x7D,0xEF,0x7D,0xEF,0x7D,0xEF,
  0x7D,0xEF,0x7D,0xEF,0x7D,0xEF,0x7D,0xEF,0x7D,0xEF,0x7D,0xEF,0x7D,0xEF,0x7D,0xEF,0x7D,0xEF,0x7D,0xEF,0x7D,0xEF,0x7D,0xEF,
  0x7D,0xEF,0x7D,0xEF,0x7D,0xEF,0x7D,0xEF,0x7D,0xEF,0x7D,0xEF,0x7D,0xEF,0x7D,0xEF,0x7D,0xEF,0x7D,0xEF,0x7D,0xEF,0x7D,0xEF,
  0x7D,0xEF,0x7D,0xEF,0x7D,0xEF,0x7D,0xEF,0x7D,0xEF,0x7D,0xEF,0x7D,0xEF,0x7D,0xEF,0x7D,0xEF,0x7D,0xEF,0x7D,0xEF,0x7D,0xEF,
  0x7D,0xEF,0x7D,0xEF,0x7D,0xEF,0x7D,0xEF,0x7D,0xEF,0x7D,0xEF,0x7D,0xF7,0x7E,0xEF,0x7E,0xEF,0x9D,0xF7,0x1E,0xE7,0x93,0x52,
  0x71,0x21,0x92,0x29,0x92,0x29,0x92,0x29,0x92,0x29,0x92,0x29,0x72,0x29,0xF1,0x39,0x7D,0xCE,0xBE,0xF7,0x7D,0xEF,0x9E,0xF7,
  0x7D,0xEF,0xBF,0xF7,0x5D,0xC6,0xB0,0x31,0x92,0x29,0x92,0x29,0x91,0x29,0x92,0x29,0x92,0x29,0xB1,0x29,0x70,0x21,0x76,0x6B,
  0x9F,0xF7,0x7D,0xEF,0x7D,0xF7,0x7D,0xEF,0xBE,0xF7,0x7D,0xCE,0xF2,0x39,0x72,0x29,0xB2,0x29,0x91,0x29,0x92,0x31,0x92,0x31,
  0x92,0x31,0x92,0x29,0x72,0x29,0x31,0x21,0xB2,0x31,0xB1,0x31,0x51,0x21,0x72,0x29,0x92,0x31,0x91,0x29,0x92,0x29,0x92,0x29,
  0x92,0x29,0xB2,0x31,0x50,0x21,0x16,0x7C,0xDF,0xF7,0x7D,0xEF,0x7E,0xF7,0x9E,0xEF,0x54,0x63,0x31,0x21,0xB2,0x29,0x92,0x29,
  0x92,0x29,0x92,0x29,0x92,0x29,0x92,0x29,0x92,0x29,0x92,0x29,0x92,0x29,0xB2,0x31,0x31,0x21,0x95,0x6B,0xDF,0xF7,0x5D,0xEF,
  0x7E,0xF7,0x7C,0xEF,0xDF,0xF7,0xF9,0x94,0x30,0x21,0xB3,0x31,0x72,0x29,0x72,0x29,0x92,0x29,0x92,0x29,0x92,0x29,0x92,0x29,
  0x92,0x29,0x92,0x29,0x92,0x29,0x51,0x29,0x52,0x4A,0x1E,0xE7,0x9E,0xF7,0x9D,0xF7,0x5F,0xEF,0xB2,0x52,0x51,0x29,0x92,0x29,
  0x92,0x29,0x92,0x29,0x92,0x29,0x92,0x29,0x72,0x29,0xB1,0x31,0x7C,0xCE,0xBF,0xF7,0x7D,0xEF,0x7D,0xEF,0x7E,0xEF,0x7D,0xEF,
  0xDF,0xF7,0xB5,0x73,0x50,0x21,0xB2,0x31,0x92,0x29,0x92,0x31,0x92,0x29,0x51,0x29,0xB2,0x52,0xBF,0xF7,0x7A,0xAD,0x2F,0x21,
  0x71,0x29,0x91,0x29,0x71,0x29,0x91,0x29,0x92,0x29,0x72,0x21,0x71,0x29,0x92,0x31,0x92,0x29,0x92,0x29,0x92,0x29,0x92,0x29,
  0x92,0x29,0x92,0x29,0x92,0x29,0x92,0x29,0x72,0x29,0x72,0x29,0x72,0x29,0x72,0x29,0x72,0x29,0x92,0x29,0x0E,0x19,0x38,0xA5,
  0xFF,0xFF,0x5D,0xEF,0xBF,0xF7,0x57,0x8C,0x30,0x21,0xB2,0x29,0x92,0x29,0x92,0x29,0x92,0x29,0x92,0x29,0x92,0x29,0x92,0x29,
  0x92,0x29,0x72,0x29,0x72,0x29,0x73,0x29,0x72,0x29,0x72,0x29,0x72,0x29,0x72,0x29,0x72,0x29,0x71,0x29,0x71,0x29,0xB2,0x31,
  0x10,0x21,0x77,0x8C,0xDF,0xF7,0x7E,0xEF,0x7E,0xEF,0x9D,0xEF,0x9E,0xEF,0x7E,0xEF,0x7D,0xEF,0x7D,0xEF,0x7D,0xEF,0x7D,0xEF,
  0x7D,0xEF,0x7D,0xEF,0x7D,0xEF,0x7D,0xEF,0x7D,0xEF,0x7D,0xEF,0x7D,0xEF,0x7D,0xEF,0x7D,0xEF,0x7D,0xEF,0x7D,0xEF,0x7D,0xEF,
  0x7D,0xEF,0x7D,0xEF,0x7D,0xEF,0x7D,0xEF,0x7D,0xEF,0x7D,0xEF,0x7D,0xEF,0x7D,0xEF,0x7D,0xEF,0x7D,0xEF,0x7D,0xEF,0x7D,0xEF,
  0x7D,0xEF,0x7D,0xEF,0x7D,0xEF,0x7D,0xEF,0x7D,0xEF,0x7D,0xEF,0x7D,0xEF,0x7D,0xEF,0x7D,0xEF,0x7D,0xEF,0x7D,0xEF,0x7D,0xEF,
  0x7D,0xEF,0x7D,0xEF,0x7D,0xEF,0x7D,0xEF,0x7D,0xEF,0x7D,0xEF,0x7D,0xEF,0x7D,0xEF,0x7D,0xEF,0x7D,0xEF,0x7D,0xEF,0x7D,0xEF,
  0x7D,0xEF,0x7D,0xEF,0x7D,0xEF,0x7D,0xEF,0x7D,0xEF,0x7D,0xEF,0x7D,0xF7,0x7E,0xEF,0x7E,0xEF,0x9D,0xF7,0x1E,0xE7,0x93,0x52,
  0x71,0x21,0x92,0x29,0x92,0x29,0x92,0x29,0x92,0x29,0x92,0x29,0x72,0x29,0xF1,0x39,0x7D,0xCE,0xBE,0xF7,0x7D,0xEF,0x9E,0xF7,
  0x7D,0xEF,0xBF,0xF7,0x5D,0xC6,0xB0,0x31,0x92,0x29,0x92,0x29,0x91,0x29,0x92,0x29,0x92,0x29,0x92,0x29,0x50,0x21,0x76,0x6B,
  0x9F,0xF7,0x7D,0xEF,0x9D,0xF7,0x5D,0xEF,0x9F,0xF7,0x94,0x6B,0x30,0x29,0x92,0x31,0x92,0x29,0x92,0x29,0x91,0x29,0x91,0x29,
  0x92,0x29,0x71,0x29,0x90,0x29,0x16,0x7C,0x3C,0xC6,0x1C,0xC6,0x37,0x84,0x90,0x31,0x92,0x31,0x72,0x29,0x92,0x29,0x92,0x29,
  0x92,0x29,0x92,0x29,0x91,0x29,0x10,0x3A,0x9D,0xD6,0x9F,0xF7,0x5E,0xEF,0x9F,0xEF,0x54,0x63,0x31,0x21,0xB2,0x29,0x92,0x29,
  0x92,0x29,0x92,0x29,0x92,0x29,0x92,0x29,0x92,0x29,0x92,0x29,0x92,0x29,0x92,0x31,0x51,0x29,0x92,0x4A,0x3E,0xE7,0x9E,0xF7,
  0x7E,0xF7,0x7D,0xEF,0x9F,0xEF,0xB5,0x73,0x71,0x29,0x92,0x29,0x92,0x31,0x92,0x29,0x92,0x29,0x92,0x29,0x92,0x29,0x92,0x29,
  0x92,0x29,0x92,0x29,0x92,0x29,0x51,0x29,0x52,0x4A,0x1E,0xE7,0x9E,0xF7,0x9D,0xF7,0x5F,0xEF,0xB2,0x52,0x51,0x29,0x92,0x29,
  0x92,0x29,0x92,0x29,0x92,0x29,0x92,0x29,0x72,0x29,0xB1,0x31,0x7C,0xCE,0xBF,0xF7,0x7D,0xEF,0x7D,0xEF,0x7E,0xEF,0x7D,0xEF,
  0xDF,0xF7,0xB5,0x73,0x50,0x21,0xB2,0x31,0x92,0x29,0x92,0x31,0x92,0x29,0x51,0x29,0xB2,0x52,0x9F,0xEF,0x9B,0xAD,0xF1,0x39,
  0xF2,0x31,0xF2,0x39,0xF2,0x39,0xF2,0x39,0x12,0x3A,0x13,0x3A,0xF3,0x31,0x71,0x29,0x92,0x29,0x92,0x29,0x92,0x29,0x92,0x29,
  0x71,0x29,0x92,0x29,0x72,0x29,0xB2,0x31,0x32,0x3A,0xF3,0x39,0xF3,0x39,0xF3,0x39,0xF3,0x39,0x13,0x3A,0xAF,0x31,0x59,0xA5,
  0xFF,0xFF,0x5D,0xEF,0xBF,0xF7,0x57,0x8C,0x30,0x21,0xB2,0x29,0x92,0x29,0x92,0x29,0x92,0x29,0x92,0x29,0x92,0x29,0x72,0x29,
  0xD2,0x31,0x33,0x3A,0x12,0x3A,0xD2,0x31,0xF3,0x39,0xF3,0x39,0xF3,0x39,0xF3,0x39,0xF3,0x39,0xF2,0x31,0xF2,0x31,0x12,0x3A,
  0xD1,0x31,0xD8,0x94,0xBF,0xF7,0x7D,0xEF,0x7E,0xEF,0x7D,0xF7,0x7D,0xF7,0x7E,0xEF,0x7D,0xEF,0x7D,0xEF,0x7D,0xEF,0x7D,0xEF,
  0x7D,0xEF,0x7D,0xEF,0x7D,0xEF,0x7D,0xEF,0x7D,0xEF,0x7D,0xEF,0x7D,0xEF,0x7D,0xEF,0x7D,0xEF,0x7D,0xEF,0x7D,0xEF,0x7D,0xEF,
  0x7D,0xEF,0x7D,0xEF,0x7D,0xEF,0x7D,0xEF,0x7D,0xEF,0x7D,0xEF,0x7D,0xEF,0x7D,0xEF,0x7D,0xEF,0x7D,0xEF,0x7D,0xEF,0x7D,0xEF,
  0x7D,0xEF,0x7D,0xEF,0x7D,0xEF,0x7D,0xEF,0x7D,0xEF,0x7D,0xEF,0x7D,0xEF,0x7D,0xEF,0x7D,0xEF,0x7D,0xEF,0x7D,0xEF,0x7D,0xEF,
  0x7D,0xEF,0x7D,0xEF,0x7D,0xEF,0x7D,0xEF,0x7D,0xEF,0x7D,0xEF,0x7D,0xEF,0x7D,0xEF,0x7D,0xEF,0x7D,0xEF,0x7D,0xEF,0x7D,0xEF,
  0x7D,0xEF,0x7D,0xEF,0x7D,0xEF,0x7D,0xEF,0x7D,0xEF,0x7D,0xEF,0x7D,0xF7,0x7E,0xEF,0x7E,0xEF,0x9D,0xF7,0x1E,0xE7,0x93,0x52,
  0x71,0x21,0x92,0x29,0x92,0x29,0x92,0x29,0x92,0x29,0x92,0x29,0x72,0x29,0xF1,0x39,0x7D,0xCE,0xBE,0xF7,0x7D,0xEF,0x9E,0xF7,
  0x7D,0xEF,0xBF,0xF7,0x5D,0xC6,0xB0,0x31,0x92,0x29,0x92,0x29,0x91,0x29,0x92,0x29,0x92,0x29,0x92,0x31,0x50,0x21,0x76,0x6B,
  0x9F,0xF7,0x7D,0xEF,0x7D,0xEF,0xDF,0xFF,0x7D,0xCE,0x90,0x31,0x92,0x31,0x92,0x31,0x92,0x31,0x92,0x29,0x91,0x29,0x91,0x29,
  0x92,0x29,0x90,0x29,0x77,0x8C,0xBF,0xF7,0xDD,0xF7,0xDE,0xFF,0xDF,0xFF,0x98,0x94,0x50,0x29,0x93,0x31,0x92,0x29,0x91,0x29,
  0x92,0x29,0x92,0x31,0xB3,0x31,0x4F,0x21,0x19,0xA5,0xBF,0xF7,0x7E,0xEF,0x9F,0xF7,0x54,0x63,0x30,0x21,0xB2,0x31,0x92,0x29,
  0x92,0x29,0x92,0x29,0x92,0x29,0x92,0x29,0x92,0x29,0x92,0x29,0x92,0x29,0x92,0x29,0x92,0x29,0xD0,0x31,0x9D,0xCE,0xBF,0xF7,
  0x7D,0xEF,0x9D,0xEF,0x3F,0xE7,0x71,0x4A,0x51,0x29,0x92,0x29,0x92,0x31,0x92,0x29,0x92,0x29,0x92,0x29,0x92,0x29,0x92,0x29,
  0x92,0x29,0x92,0x29,0x92,0x29,0x51,0x29,0x52,0x4A,0x1E,0xE7,0x9E,0xF7,0x9D,0xF7,0x5F,0xEF,0xB2,0x52,0x51,0x29,0x92,0x29,
  0x92,0x29,0x92,0x29,0x92,0x29,0x92,0x29,0x72,0x29,0xB1,0x31,0x7C,0xCE,0xBF,0xF7,0x7D,0xEF,0x7D,0xEF,0x7E,0xEF,0x7D,0xEF,
  0xDF,0xF7,0xB5,0x73,0x50,0x21,0xB2,0x31,0x92,0x29,0x92,0x31,0x92,0x29,0x51,0x29,0xB2,0x52,0x7F,0xEF,0x5D,0xEF,0x7B,0xCE,
  0xBD,0xDE,0xDC,0xD6,0xDC,0xD6,0xBC,0xD6,0x9C,0xD6,0xFE,0xDE,0xB8,0x94,0x4F,0x21,0x92,0x31,0x92,0x31,0x92,0x29,0x92,0x29,
  0xB2,0x29,0xB2,0x31,0x30,0x21,0x95,0x6B,0xFE,0xDE,0xBC,0xD6,0xDC,0xD6,0xDC,0xD6,0xDC,0xD6,0xDD,0xD6,0x7B,0xCE,0x3D,0xE7,
  0x9E,0xF7,0x5D,0xEF,0xBF,0xF7,0x57,0x8C,0x30,0x21,0xB2,0x29,0x92,0x29,0x92,0x29,0x92,0x29,0x92,0x29,0x92,0x29,0x70,0x29,
  0x77,0x8C,0xFE,0xDE,0xBC,0xD6,0xBC,0xD6,0xBC,0xD6,0xDC,0xD6,0xDC,0xD6,0xDC,0xD6,0xDC,0xD6,0xDC,0xD6,0xBC,0xD6,0xBC,0xD6,
  0x9C,0xD6,0x1D,0xE7,0xBE,0xF7,0x7D,0xEF,0x7E,0xEF,0x7D,0xEF,0x7E,0xEF,0x7D,0xEF,0x7D,0xEF,0x7D,0xEF,0x7D,0xEF,0x7D,0xEF,
  0x7D,0xEF,0x7D,0xEF,0x7D,0xEF,0x7D,0xEF,0x7D,0xEF,0x7D,0xEF,0x7D,0xEF,0x7D,0xEF,0x7D,0xEF,0x7D,0xEF,0x7D,0xEF,0x7D,0xEF,
  0x7D,0xEF,0x7D,0xEF,0x7D,0xEF,0x7D,0xEF,0x7D,0xEF,0x7D,0xEF,0x7D,0xEF,0x7D,0xEF,0x7D,0xEF,0x7D,0xEF,0x7D,0xEF,0x7D,0xEF,
  0x7D,0xEF,0x7D,0xEF,0x7D,0xEF,0x7D,0xEF,0x7D,0xEF,0x7D,0xEF,0x7D,0xEF,0x7D,0xEF,0x7D,0xEF,0x7D,0xEF,0x7D,0xEF,0x7D,0xEF,
  0x7D,0xEF,0x7D,0xEF,0x7D,0xEF,0x7D,0xEF,0x7D,0xEF,0x7D,0xEF,0x7D,0xEF,0x7D,0xEF,0x7D,0xEF,0x7D,0xEF,0x7D,0xEF,0x7D,0xEF,
  0x7D,0xEF,0x7D,0xEF,0x7D,0xEF,0x7D,0xEF,0x7D,0xEF,0x7D,0xEF,0x7D,0xF7,0x7E,0xEF,0x7E,0xEF,0x9D,0xF7,0x1E,0xE7,0x93,0x52,
  0x71,0x21,0x92,0x29,0x92,0x29,0x92,0x29,0x92,0x29,0x92,0x29,0x72,0x29,0xF1,0x39,0x7D,0xCE,0xBE,0xF7,0x7D,0xEF,0x9E,0xF7,
  0x7D,0xEF,0xBF,0xF7,0x5D,0xC6,0xB0,0x31,0x92,0x29,0x92,0x29,0x91,0x29,0x92,0x29,0x92,0x29,0x92,0x29,0x50,0x29,0x76,0x6B,
  0x9E,0xF7,0x7D,0xEF,0x5D,0xEF,0xDF,0xF7,0x77,0x8C,0x30,0x21,0xB2,0x31,0x91,0x29,0x92,0x29,0x92,0x29,0x92,0x29,0x92,0x31,
  0x51,0x29,0x51,0x4A,0x7F,0xEF,0x9D,0xF7,0x7D,0xF7,0x7D,0xEF,0xBD,0xF7,0x3E,0xDF,0x52,0x4A,0x51,0x21,0x92,0x29,0x92,0x29,
  0x92,0x29,0x91,0x31,0x92,0x31,0x51,0x21,0x75,0x73,0xBF,0xF7,0x7D,0xEF,0x9F,0xEF,0x54,0x63,0x30,0x21,0xB2,0x31,0x92,0x29,
  0x92,0x29,0x92,0x29,0x92,0x29,0x92,0x29,0x92,0x31,0x92,0x29,0x92,0x29,0x92,0x29,0x92,0x29,0x6F,0x29,0xBB,0xB5,0xDF,0xF7,
  0x5C,0xEF,0xBF,0xF7,0x1C,0xC6,0xB0,0x31,0x71,0x29,0x92,0x29,0x92,0x31,0x92,0x29,0x92,0x29,0x92,0x29,0x92,0x29,0x92,0x29,
  0x92,0x29,0x92,0x29,0x92,0x29,0x51,0x29,0x52,0x4A,0x1E,0xE7,0x9E,0xF7,0x9D,0xF7,0x5F,0xEF,0xB2,0x52,0x51,0x29,0x92,0x29,
  0x92,0x29,0x92,0x29,0x92,0x29,0x92,0x29,0x72,0x29,0xB1,0x31,0x7C,0xCE,0xBF,0xF7,0x7D,0xEF,0x7D,0xEF,0x7E,0xEF,0x7D,0xEF,
  0xDF,0xF7,0xB5,0x73,0x50,0x21,0xB2,0x31,0x92,0x29,0x92,0x31,0x92,0x29,0x51,0x29,0xB2,0x52,0x5E,0xEF,0x9E,0xF7,0x9E,0xFF,
  0xBE,0xFF,0xBD,0xF7,0xBD,0xF7,0xBE,0xF7,0x7D,0xF7,0xFF,0xFF,0x59,0xA5,0x0E,0x21,0xB2,0x31,0x92,0x31,0x91,0x31,0x92,0x29,
  0x91,0x29,0xD2,0x31,0x10,0x21,0xF5,0x7B,0xFF,0xFF,0x9D,0xF7,0xBE,0xF7,0xBE,0xF7,0xBE,0xF7,0xBE,0xF7,0xBE,0xF7,0x9D,0xF7,
  0x7D,0xEF,0x7D,0xF7,0xBF,0xFF,0x57,0x8C,0x30,0x21,0xB2,0x29,0x92,0x29,0x92,0x29,0x92,0x29,0x92,0x29,0x92,0x29,0x50,0x21,
  0xD7,0x94,0xFF,0xFF,0xBE,0xF7,0xBE,0xFF,0x9E,0xF7,0xBE,0xFF,0xBD,0xF7,0xBE,0xF7,0xBE,0xF7,0xBD,0xF7,0x9D,0xF7,0xBD,0xF7,
  0xDE,0xFF,0x7D,0xF7,0x7D,0xEF,0x7E,0xF7,0x7E,0xEF,0x7E,0xEF,0x7E,0xEF,0x7D,0xEF,0x7D,0xEF,0x7D,0xEF,0x7D,0xEF,0x7D,0xEF,
  0x7D,0xEF,0x7D,0xEF,0x7D,0xEF,0x7D,0xEF,0x7D,0xEF,0x7D,0xEF,0x7D,0xEF,0x7D,0xEF,0x7D,0xEF,0x7D,0xEF,0x7D,0xEF,0x7D,0xEF,
  0x7D,0xEF,0x7D,0xEF,0x7D,0xEF,0x7D,0xEF,0x7D,0xEF,0x7D,0xEF,0x7D,0xEF,0x7D,0xEF,0x7D,0xEF,0x7D,0xEF,0x7D,0xEF,0x7D,0xEF,
  0x7D,0xEF,0x7D,0xEF,0x7D,0xEF,0x7D,0xEF,0x7D,0xEF,0x7D,0xEF,0x7D,0xEF,0x7D,0xEF,0x7D,0xEF,0x7D,0xEF,0x7D,0xEF,0x7D,0xEF,
  0x7D,0xEF,0x7D,0xEF,0x7D,0xEF,0x7D,0xEF,0x7D,0xEF,0x7D,0xEF,0x7D,0xEF,0x7D,0xEF,0x7D,0xEF,0x7D,0xEF,0x7D,0xEF,0x7D,0xEF,
  0x7D,0xEF,0x7D,0xEF,0x7D,0xEF,0x7D,0xEF,0x7D,0xEF,0x7D,0xEF,0x7D,0xF7,0x7E,0xEF,0x7E,0xEF,0x9D,0xF7,0x1E,0xE7,0x93,0x52,
  0x71,0x21,0x92,0x29,0x92,0x29,0x92,0x29,0x92,0x29,0x92,0x29,0x72,0x29,0xF1,0x39,0x5D,0xCE,0xBE,0xF7,0x7D,0xEF,0x9E,0xF7,
  0x7D,0xEF,0xBE,0xF7,0x5D,0xC6,0xB0,0x31,0x72,0x31,0x92,0x31,0x91,0x29,0x92,0x29,0x92,0x29,0x92,0x29,0x50,0x21,0x75,0x6B,
  0x9F,0xF7,0x7D,0xEF,0x7D,0xEF,0x9F,0xEF,0xD3,0x52,0x71,0x29,0x91,0x29,0x91,0x29,0x92,0x29,0x92,0x29,0x92,0x29,0xB2,0x31,
  0x50,0x29,0x36,0x84,0xDF,0xFF,0x7D,0xEF,0x7E,0xEF,0x9E,0xF7,0x5C,0xE7,0xDF,0xF7,0xF6,0x7B,0x50,0x21,0x92,0x31,0x92,0x29,
  0x92,0x29,0x92,0x29,0x92,0x29,0x51,0x21,0x92,0x52,0x7F,0xEF,0x9D,0xEF,0x9F,0xEF,0x54,0x63,0x30,0x21,0xB2,0x31,0x92,0x29,
  0x72,0x29,0x92,0x29,0xB2,0x31,0xF3,0x39,0x72,0x29,0x92,0x31,0x92,0x29,0x92,0x29,0x92,0x31,0x50,0x21,0x78,0x8C,0xDF,0xF7,
  0x7C,0xEF,0xFF,0xFF,0xD8,0x94,0x50,0x29,0x92,0x29,0x92,0x29,0x92,0x31,0x72,0x29,0x92,0x29,0x92,0x29,0x92,0x29,0x92,0x29,
  0x92,0x29,0x92,0x29,0x92,0x31,0x51,0x29,0x52,0x4A,0x1E,0xE7,0x9E,0xF7,0x9D,0xF7,0x5F,0xEF,0xB2,0x52,0x51,0x29,0x92,0x29,
  0x92,0x29,0x92,0x29,0x92,0x29,0x92,0x29,0x72,0x29,0xB1,0x31,0x7C,0xCE,0xBF,0xF7,0x7D,0xEF,0x7D,0xEF,0x7E,0xEF,0x7D,0xEF,
  0xDF,0xF7,0xB5,0x73,0x50,0x21,0xB2,0x31,0x92,0x29,0x92,0x31,0x92,0x29,0x51,0x29,0xB2,0x52,0x5F,0xEF,0x7E,0xEF,0x7D,0xEF,
  0x7E,0xEF,0x7D,0xEF,0x7E,0xEF,0x7E,0xEF,0x5D,0xEF,0xDF,0xFF,0x38,0xA5,0x0F,0x19,0x93,0x31,0x92,0x29,0x91,0x29,0x92,0x29,
  0x92,0x29,0x92,0x29,0x11,0x21,0xD6,0x7B,0xFF,0xFF,0x7D,0xEF,0x7D,0xEF,0x7D,0xEF,0x7E,0xEF,0x7E,0xEF,0x7E,0xEF,0x7D,0xEF,
  0x7D,0xEF,0x7D,0xF7,0xDF,0xFF,0x57,0x8C,0x30,0x21,0xB2,0x29,0x92,0x29,0x92,0x29,0x92,0x29,0x92,0x29,0x92,0x29,0x50,0x21,
  0xB7,0x94,0xDF,0xF7,0x5C,0xE7,0x7D,0xEF,0x7E,0xF7,0x7D,0xEF,0x7D,0xEF,0x9E,0xF7,0x7E,0xEF,0x7E,0xEF,0x7E,0xEF,0x7E,0xEF,
  0x7D,0xEF,0x7D,0xEF,0x7E,0xEF,0x7E,0xEF,0x7E,0xEF,0x7E,0xF7,0x7D,0xF7,0x7D,0xEF,0x7D,0xEF,0x7D,0xEF,0x7D,0xEF,0x7D,0xEF,
  0x7D,0xEF,0x7D,0xEF,0x7D,0xEF,0x7D,0xEF,0x7D,0xEF,0x7D,0xEF,0x7D,0xEF,0x7D,0xEF,0x7D,0xEF,0x7D,0xEF,0x7D,0xEF,0x7D,0xEF,
  0x7D,0xEF,0x7D,0xEF,0x7D,0xEF,0x7D,0xEF,0x7D,0xEF,0x7D,0xEF,0x7D,0xEF,0x7D,0xEF,0x7D,0xEF,0x7D,0xEF,0x7D,0xEF,0x7D,0xEF,
  0x7D,0xEF,0x7D,0xEF,0x7D,0xEF,0x7D,0xEF,0x7D,0xEF,0x7D,0xEF,0x7D,0xEF,0x7D,0xEF,0x7D,0xEF,0x7D,0xEF,0x7D,0xEF,0x7D,0xEF,
  0x7D,0xEF,0x7D,0xEF,0x7D,0xEF,0x7D,0xEF,0x7D,0xEF,0x7D,0xEF,0x7D,0xEF,0x7D,0xEF,0x7D,0xEF,0x7D,0xEF,0x7D,0xEF,0x7D,0xEF,
  0x7D,0xEF,0x7D,0xEF,0x7D,0xEF,0x7D,0xEF,0x7D,0xEF,0x7D,0xEF,0x7D,0xF7,0x7E,0xEF,0x7E,0xEF,0x9D,0xF7,0x1E,0xE7,0x93,0x52,
  0x71,0x21,0x92,0x29,0x92,0x31,0x92,0x29,0x92,0x29,0x91,0x29,0x71,0x29,0xF1,0x39,0x7D,0xCE,0xBF,0xF7,0x9E,0xF7,0x7E,0xF7,
  0x7E,0xF7,0xBE,0xF7,0x5C,0xC6,0xB1,0x31,0x72,0x31,0x92,0x31,0x91,0x29,0x92,0x29,0x92,0x29,0x92,0x29,0x50,0x21,0x75,0x6B,
  0x9F,0xF7,0x7D,0xEF,0xDD,0xF7,0x7D,0xCE,0xD2,0x39,0x72,0x29,0x92,0x29,0x92,0x29,0x92,0x29,0x92,0x29,0x92,0x29,0x92,0x29,
  0x50,0x29,0x79,0xAD,0xBF,0xF7,0x7E,0xEF,0x7D,0xEF,0x9E,0xF7,0x7E,0xEF,0xDF,0xFF,0xD8,0x94,0x30,0x21,0x93,0x29,0x92,0x29,
  0x92,0x29,0x72,0x29,0xB2,0x31,0x51,0x29,0x31,0x42,0xFD,0xDE,0x9E,0xF7,0x7F,0xEF,0x54,0x63,0x30,0x21,0xB3,0x29,0x92,0x29,
  0x92,0x29,0x71,0x29,0xF1,0x39,0x16,0x63,0x51,0x29,0x92,0x31,0x92,0x29,0x92,0x29,0x92,0x31,0x50,0x21,0x34,0x63,0xBF,0xF7,
  0x7D,0xEF,0xBF,0xF7,0xB5,0x73,0x30,0x21,0xB2,0x31,0x92,0x31,0x91,0x29,0xD2,0x39,0xD2,0x39,0x71,0x29,0x92,0x29,0x91,0x29,
  0x91,0x29,0x92,0x31,0x92,0x31,0x52,0x29,0x52,0x4A,0x1E,0xE7,0x9E,0xF7,0x9D,0xF7,0x5F,0xEF,0xB2,0x52,0x51,0x29,0x92,0x29,
  0x92,0x29,0x92,0x29,0x92,0x29,0x92,0x29,0x72,0x29,0xB1,0x31,0x7C,0xCE,0xBF,0xF7,0x7D,0xEF,0x7D,0xEF,0x7E,0xEF,0x7D,0xEF,
  0xDF,0xF7,0xB5,0x73,0x50,0x21,0xB2,0x31,0x92,0x29,0x92,0x31,0x92,0x29,0x51,0x29,0xB2,0x52,0x5F,0xEF,0x9D,0xF7,0x7D,0xEF,
  0x7E,0xEF,0x7D,0xEF,0x9E,0xEF,0x7E,0xEF,0x5D,0xEF,0xFF,0xFF,0x18,0xA5,0x0F,0x21,0xB2,0x31,0x92,0x29,0x92,0x29,0x92,0x29,
  0x92,0x29,0x93,0x31,0x10,0x21,0xF6,0x7B,0xFF,0xFF,0x7D,0xEF,0x7D,0xEF,0x7D,0xEF,0x7D,0xEF,0x7D,0xEF,0x7D,0xEF,0x7D,0xEF,
  0x7D,0xEF,0x7D,0xEF,0xBF,0xF7,0x57,0x8C,0x30,0x21,0xB2,0x29,0x92,0x29,0x92,0x29,0x92,0x29,0x92,0x29,0x92,0x29,0x50,0x29,
  0xB7,0x94,0xDF,0xFF,0x7D,0xEF,0x9D,0xF7,0x7D,0xEF,0x9D,0xEF,0x9D,0xEF,0x7D,0xEF,0x7D,0xEF,0x7D,0xEF,0x7D,0xEF,0x7D,0xEF,
  0x7D,0xEF,0x7D,0xEF,0x7D,0xEF,0x7D,0xEF,0x7D,0xEF,0x7D,0xEF,0x7D,0xEF,0x7D,0xEF,0x7D,0xEF,0x7D,0xEF,0x7D,0xEF,0x7D,0xEF,
  0x7D,0xEF,0x7D,0xEF,0x7D,0xEF,0x7D,0xEF,0x7D,0xEF,0x7D,0xEF,0x7D,0xEF,0x7D,0xEF,0x7D,0xEF,0x7D,0xEF,0x7D,0xEF,0x7D,0xEF,
  0x7D,0xEF,0x7D,0xEF,0x7D,0xEF,0x7D,0xEF,0x7D,0xEF,0x7D,0xEF,0x7D,0xEF,0x7D,0xEF,0x7D,0xEF,0x7D,0xEF,0x7D,0xEF,0x7D,0xEF,
  0x7D,0xEF,0x7D,0xEF,0x7D,0xEF,0x7D,0xEF,0x7D,0xEF,0x7D,0xEF,0x7D,0xEF,0x7D,0xEF,0x7D,0xEF,0x7D,0xEF,0x7D,0xEF,0x7D,0xEF,
  0x7D,0xEF,0x7D,0xEF,0x7D,0xEF,0x7D,0xEF,0x7D,0xEF,0x7D,0xEF,0x7D,0xEF,0x7D,0xEF,0x7D,0xEF,0x7D,0xEF,0x7D,0xEF,0x7D,0xEF,
  0x7D,0xEF,0x7D,0xEF,0x7D,0xEF,0x7D,0xEF,0x7D,0xEF,0x7D,0xEF,0x7D,0xF7,0x7E,0xEF,0x7E,0xEF,0x9D,0xF7,0x1E,0xE7,0x93,0x52,
  0x71,0x21,0x92,0x29,0x92,0x31,0x92,0x29,0x92,0x29,0x92,0x29,0x71,0x29,0xD0,0x39,0x7C,0xCE,0xBE,0xF7,0x3D,0xEF,0x5E,0xF7,
  0x5D,0xF7,0xBE,0xF7,0x5D,0xCE,0xB0,0x31,0x72,0x29,0x92,0x29,0x92,0x29,0x92,0x29,0x92,0x29,0x92,0x29,0x50,0x21,0x75,0x6B,
  0x9F,0xF7,0x5D,0xEF,0xFF,0xFF,0x7A,0xAD,0x4F,0x21,0xB2,0x31,0x92,0x29,0x92,0x29,0x92,0x29,0x92,0x29,0x92,0x29,0x91,0x29,
  0x90,0x31,0x5C,0xCE,0xBE,0xF7,0x7D,0xEF,0x9E,0xF7,0x9D,0xF7,0x7D,0xEF,0xBF,0xF7,0x5A,0xA5,0x90,0x31,0xB2,0x31,0xB2,0x31,
  0xB3,0x31,0xB3,0x31,0x92,0x31,0x91,0x31,0x52,0x4A,0x7C,0xD6,0x7E,0xF7,0x7F,0xEF,0x54,0x63,0x31,0x21,0x93,0x31,0x92,0x29,
  0x92,0x29,0x51,0x29,0x12,0x3A,0x7A,0x8C,0x91,0x31,0x72,0x29,0x92,0x29,0x92,0x29,0x92,0x31,0x50,0x21,0x72,0x4A,0x5F,0xEF,
  0x7D,0xEF,0x1E,0xE7,0xB3,0x52,0x71,0x29,0x92,0x29,0x92,0x29,0x71,0x29,0x16,0x63,0x33,0x42,0x51,0x29,0x91,0x29,0x92,0x29,
  0x92,0x29,0x92,0x29,0x92,0x31,0x52,0x29,0x52,0x4A,0x1E,0xE7,0x9E,0xF7,0x9D,0xF7,0x5F,0xEF,0xB2,0x52,0x51,0x29,0x92,0x29,
  0x92,0x29,0x92,0x29,0x92,0x29,0x92,0x29,0x72,0x29,0xB1,0x31,0x7C,0xCE,0xBF,0xF7,0x7D,0xEF,0x7D,0xEF,0x7E,0xEF,0x7D,0xEF,
  0xDF,0xF7,0xB5,0x73,0x50,0x21,0xB2,0x31,0x92,0x29,0x92,0x31,0x92,0x29,0x51,0x29,0xB2,0x52,0x5F,0xEF,0x9E,0xF7,0x7D,0xEF,
  0x7E,0xEF,0x7D,0xEF,0x9E,0xEF,0x7E,0xEF,0x5D,0xEF,0xFF,0xFF,0x18,0xA5,0x0F,0x21,0xB2,0x31,0x92,0x29,0x92,0x29,0x92,0x29,
  0x92,0x29,0x93,0x31,0x10,0x21,0xF6,0x7B,0xFF,0xFF,0x7D,0xEF,0x7D,0xEF,0x7D,0xEF,0x7D,0xEF,0x7D,0xEF,0x7D,0xEF,0x7D,0xEF,
  0x7D,0xEF,0x7D,0xEF,0xBF,0xF7,0x57,0x8C,0x30,0x21,0xB2,0x29,0x92,0x29,0x92,0x29,0x92,0x29,0x92,0x29,0x92,0x29,0x50,0x29,
  0xB7,0x94,0xBF,0xF7,0x5D,0xEF,0x7D,0xEF,0x7D,0xEF,0x7D,0xEF,0x7D,0xEF,0x5D,0xEF,0x9E,0xEF,0x7D,0xEF,0x7D,0xEF,0x7D,0xEF,
  0x7D,0xEF,0x7D,0xEF,0x7D,0xEF,0x7D,0xEF,0x7D,0xEF,0x7D,0xEF,0x7D,0xEF,0x7D,0xEF,0x7D,0xEF,0x7D,0xEF,0x7D,0xEF,0x7D,0xEF,
  0x7D,0xEF,0x7D,0xEF,0x7D,0xEF,0x7D,0xEF,0x7D,0xEF,0x7D,0xEF,0x7D,0xEF,0x7D,0xEF,0x7D,0xEF,0x7D,0xEF,0x7D,0xEF,0x7D,0xEF,
  0x7D,0xEF,0x7D,0xEF,0x7D,0xEF,0x7D,0xEF,0x7D,0xEF,0x7D,0xEF,0x7D,0xEF,0x7D,0xEF,0x7D,0xEF,0x7D,0xEF,0x7D,0xEF,0x7D,0xEF,
  0x7D,0xEF,0x7D,0xEF,0x7D,0xEF,0x7D,0xEF,0x7D,0xEF,0x7D,0xEF,0x7D,0xEF,0x7D,0xEF,0x7D,0xEF,0x7D,0xEF,0x7D,0xEF,0x7D,0xEF,
  0x7D,0xEF,0x7D,0xEF,0x7D,0xEF,0x7D,0xEF,0x7D,0xEF,0x7D,0xEF,0x7D,0xEF,0x7D,0xEF,0x7D,0xEF,0x7D,0xEF,0x7D,0xEF,0x7D,0xEF,
  0x7D,0xEF,0x7D,0xEF,0x7D,0xEF,0x7D,0xEF,0x7D,0xEF,0x7D,0xEF,0x7D,0xF7,0x7E,0xEF,0x7E,0xEF,0x9D,0xF7,0x1E,0xE7,0x93,0x52,
  0x71,0x21,0x92,0x29,0x92,0x31,0x92,0x29,0x92,0x29,0x92,0x29,0x71,0x29,0x31,0x42,0x7D,0xCE,0xFF,0xFF,0xBE,0xF7,0xDE,0xFF,
  0xDE,0xFF,0xFF,0xFF,0x9D,0xCE,0xD0,0x31,0x71,0x29,0x92,0x29,0x92,0x29,0x92,0x29,0x92,0x29,0x92,0x29,0x50,0x21,0x75,0x6B,
  0x9F,0xF7,0x7D,0xEF,0xDF,0xFF,0x98,0x94,0x0F,0x21,0x92,0x29,0x92,0x29,0x92,0x29,0x92,0x29,0x92,0x29,0x92,0x29,0x71,0x29,
  0x12,0x42,0xDE,0xD6,0xBE,0xF7,0x7D,0xEF,0x9D,0xEF,0x7D,0xEF,0x7D,0xEF,0x9D,0xF7,0x5D,0xE7,0x5B,0xCE,0x7B,0xCE,0x7B,0xCE,
  0x5B,0xCE,0x5B,0xCE,0x5B,0xCE,0x7C,0xCE,0x3A,0xC6,0x7D,0xEF,0x9D,0xF7,0x9E,0xF7,0x54,0x63,0x31,0x21,0x93,0x31,0x92,0x29,
  0x92,0x29,0x92,0x29,0xF1,0x39,0x7D,0xAD,0x12,0x42,0x71,0x29,0x92,0x29,0x92,0x29,0x92,0x29,0x91,0x29,0xD1,0x39,0x5C,0xC6,
  0xFF,0xFF,0x3C,0xC6,0xB0,0x31,0x92,0x29,0x93,0x29,0x92,0x31,0x50,0x29,0xDA,0x94,0x32,0x42,0x72,0x29,0x91,0x29,0x92,0x29,
  0x92,0x29,0x91,0x29,0x92,0x29,0x52,0x29,0x52,0x42,0x1E,0xE7,0x9E,0xF7,0x9D,0xF7,0x5F,0xEF,0xB2,0x52,0x51,0x29,0x92,0x29,
  0x92,0x29,0x92,0x29,0x92,0x29,0x92,0x29,0x72,0x29,0xB1,0x31,0x7C,0xCE,0xBF,0xF7,0x7D,0xEF,0x7D,0xEF,0x7E,0xEF,0x7D,0xEF,
  0xDF,0xF7,0xB5,0x73,0x50,0x21,0xB2,0x31,0x92,0x29,0x92,0x31,0x92,0x29,0x51,0x29,0xB2,0x52,0x5F,0xEF,0x9E,0xF7,0x7D,0xEF,
  0x7E,0xEF,0x7D,0xEF,0x9E,0xEF,0x7E,0xEF,0x5D,0xEF,0xFF,0xFF,0x18,0xA5,0x0F,0x21,0xB2,0x31,0x92,0x29,0x92,0x29,0x92,0x29,
  0x92,0x29,0x93,0x31,0x10,0x21,0xF6,0x7B,0xFF,0xFF,0x7D,0xEF,0x7D,0xEF,0x7D,0xEF,0x7D,0xEF,0x7D,0xEF,0x7D,0xEF,0x7D,0xEF,
  0x7D,0xEF,0x7D,0xEF,0xBF,0xF7,0x57,0x8C,0x30,0x21,0xB2,0x29,0x92,0x29,0x92,0x29,0x92,0x29,0x92,0x29,0x92,0x29,0x50,0x29,
  0xD7,0x9C,0xFF,0xFF,0xBE,0xF7,0xDE,0xFF,0xBE,0xFF,0xBE,0xFF,0xDE,0xFF,0xDF,0xFF,0xBE,0xFF,0x9D,0xF7,0x7D,0xEF,0x7D,0xEF,
  0x7D,0xEF,0x7D,0xEF,0x7D,0xEF,0x7D,0xEF,0x7D,0xEF,0x7D,0xEF,0x7D,0xEF,0x7D,0xEF,0x7D,0xEF,0x7D,0xEF,0x7D,0xEF,0x7D,0xEF,
  0x7D,0xEF,0x7D,0xEF,0x7D,0xEF,0x7D,0xEF,0x7D,0xEF,0x7D,0xEF,0x7D,0xEF,0x7D,0xEF,0x7D,0xEF,0x7D,0xEF,0x7D,0xEF,0x7D,0xEF,
  0x7D,0xEF,0x7D,0xEF,0x7D,0xEF,0x7D,0xEF,0x7D,0xEF,0x7D,0xEF,0x7D,0xEF,0x7D,0xEF,0x7D,0xEF,0x7D,0xEF,0x7D,0xEF,0x7D,0xEF,
  0x7D,0xEF,0x7D,0xEF,0x7D,0xEF,0x7D,0xEF,0x7D,0xEF,0x7D,0xEF,0x7D,0xEF,0x7D,0xEF,0x7D,0xEF,0x7D,0xEF,0x7D,0xEF,0x7D,0xEF,
  0x7D,0xEF,0x7D,0xEF,0x7D,0xEF,0x7D,0xEF,0x7D,0xEF,0x7D,0xEF,0x7D,0xEF,0x7D,0xEF,0x7D,0xEF,0x7D,0xEF,0x7D,0xEF,0x7D,0xEF,
  0x7D,0xEF,0x7D,0xEF,0x7D,0xEF,0x7D,0xEF,0x7D,0xEF,0x7D,0xEF,0x7D,0xF7,0x7E,0xEF,0x7E,0xEF,0x9D,0xF7,0x1E,0xE7,0x93,0x52,
  0x71,0x21,0x92,0x29,0x92,0x31,0x92,0x29,0x92,0x29,0x92,0x29,0x92,0x29,0x92,0x29,0x94,0x52,0xD4,0x5A,0xB4,0x52,0xB4,0x52,
  0xB4,0x52,0xB4,0x52,0xB5,0x52,0x72,0x29,0x92,0x29,0x92,0x31,0x72,0x31,0x92,0x29,0x92,0x29,0xB2,0x29,0x50,0x21,0x75,0x6B,
  0x9F,0xF7,0x7D,0xEF,0x9F,0xF7,0xF6,0x7B,0x30,0x21,0xB2,0x31,0x92,0x29,0x92,0x29,0x92,0x29,0x92,0x29,0x92,0x29,0x71,0x29,
  0x73,0x4A,0x1E,0xDF,0xBD,0xF7,0x7D,0xEF,0x9D,0xEF,0x7D,0xEF,0x9E,0xF7,0x7D,0xEF,0x9D,0xF7,0xBE,0xF7,0xBD,0xF7,0xBD,0xF7,
  0xBE,0xF7,0xBE,0xF7,0xBD,0xF7,0xDE,0xF7,0x9E,0xF7,0x7E,0xF7,0x7E,0xF7,0x9F,0xF7,0x54,0x63,0x31,0x21,0xB3,0x31,0x92,0x29,
  0x91,0x29,0x92,0x29,0xB0,0x31,0x5F,0xC6,0xD3,0x52,0x50,0x29,0x92,0x31,0x92,0x29,0x92,0x29,0x92,0x29,0x50,0x29,0x39,0xA5,
  0xFF,0xFF,0x3A,0xA5,0x2F,0x21,0xB2,0x31,0x92,0x31,0x91,0x31,0xF2,0x39,0xDB,0xB5,0x31,0x42,0x72,0x29,0x92,0x29,0x92,0x29,
  0x92,0x29,0x91,0x29,0x92,0x29,0x52,0x21,0x52,0x42,0x1E,0xE7,0x9E,0xF7,0x9D,0xF7,0x5F,0xEF,0xB2,0x52,0x51,0x29,0x92,0x29,
  0x92,0x29,0x92,0x29,0x92,0x29,0x92,0x29,0x72,0x29,0xB1,0x31,0x7C,0xCE,0xBF,0xF7,0x7D,0xEF,0x7D,0xEF,0x7E,0xEF,0x7D,0xEF,
  0xDF,0xF7,0xB5,0x73,0x50,0x21,0xB2,0x31,0x92,0x29,0x92,0x31,0x92,0x29,0x51,0x29,0xB2,0x52,0x5F,0xEF,0x9E,0xF7,0x7D,0xEF,
  0x7E,0xEF,0x7D,0xEF,0x9E,0xEF,0x7E,0xEF,0x5D,0xEF,0xFF,0xFF,0x18,0xA5,0x0F,0x21,0xB2,0x31,0x92,0x29,0x92,0x29,0x92,0x29,
  0x92,0x29,0x93,0x31,0x10,0x21,0xF6,0x7B,0xFF,0xFF,0x7D,0xEF,0x7D,0xEF,0x7D,0xEF,0x7D,0xEF,0x7D,0xEF,0x7D,0xEF,0x7D,0xEF,
  0x7D,0xEF,0x7D,0xEF,0xBF,0xF7,0x57,0x8C,0x30,0x21,0xB2,0x29,0x92,0x29,0x92,0x29,0x92,0x29,0x92,0x29,0x92,0x29,0x71,0x29,
  0x14,0x5B,0xB9,0x94,0x78,0x8C,0x98,0x94,0x78,0x94,0x98,0x94,0x98,0x8C,0x77,0x8C,0x96,0x8C,0x9C,0xCE,0x9E,0xF7,0x7D,0xEF,
  0x7D,0xEF,0x7D,0xEF,0x7D,0xEF,0x7D,0xEF,0x7D,0xEF,0x7D,0xEF,0x7D,0xEF,0x7D,0xEF,0x7D,0xEF,0x7D,0xEF,0x7D,0xEF,0x7D,0xEF,
  0x7D,0xEF,0x7D,0xEF,0x7D,0xEF,0x7D,0xEF,0x7D,0xEF,0x7D,0xEF,0x7D,0xEF,0x7D,0xEF,0x7D,0xEF,0x7D,0xEF,0x7D,0xEF,0x7D,0xEF,
  0x7D,0xEF,0x7D,0xEF,0x7D,0xEF,0x7D,0xEF,0x7D,0xEF,0x7D,0xEF,0x7D,0xEF,0x7D,0xEF,0x7D,0xEF,0x7D,0xEF,0x7D,0xEF,0x7D,0xEF,
  0x7D,0xEF,0x7D,0xEF,0x7D,0xEF,0x7D,0xEF,0x7D,0xEF,0x7D,0xEF,0x7D,0xEF,0x7D,0xEF,0x7D,0xEF,0x7D,0xEF,0x7D,0xEF,0x7D,0xEF,
  0x7D,0xEF,0x7D,0xEF,0x7D,0xEF,0x7D,0xEF,0x7D,0xEF,0x7D,0xEF,0x7D,0xEF,0x7D,0xEF,0x7D,0xEF,0x7D,0xEF,0x7D,0xEF,0x7D,0xEF,
  0x7D,0xEF,0x7D,0xEF,0x7D,0xEF,0x7D,0xEF,0x7D,0xEF,0x7D,0xEF,0x7D,0xF7,0x7E,0xEF,0x7E,0xEF,0x9D,0xF7,0x1E,0xE7,0x93,0x52,
  0x71,0x21,0x92,0x29,0x92,0x31,0x92,0x29,0x92,0x29,0x92,0x29,0x92,0x29,0x92,0x29,0x51,0x21,0x51,0x21,0x51,0x21,0x31,0x21,
  0x52,0x21,0x31,0x21,0x51,0x21,0x92,0x29,0x92,0x31,0x91,0x29,0x92,0x29,0x92,0x29,0x92,0x29,0x92,0x29,0x50,0x21,0x75,0x6B,
  0x9F,0xF7,0x7D,0xEF,0x9F,0xF7,0x95,0x6B,0x51,0x21,0xB2,0x31,0x92,0x29,0x92,0x29,0x92,0x29,0x92,0x29,0x92,0x29,0x51,0x21,
  0x93,0x4A,0x3E,0xE7,0x9D,0xF7,0x7D,0xEF,0x9E,0xF7,0x9D,0xF7,0x7D,0xEF,0x7E,0xF7,0x7E,0xF7,0x7D,0xEF,0x7D,0xEF,0x7D,0xEF,
  0x7E,0xEF,0x7E,0xEF,0x7D,0xEF,0x7D,0xEF,0x7D,0xEF,0x7D,0xEF,0x7E,0xF7,0x9F,0xEF,0x54,0x63,0x31,0x21,0xB2,0x29,0x92,0x31,
  0x92,0x29,0x71,0x29,0xB0,0x31,0x9E,0xCE,0xD5,0x7B,0x50,0x21,0x92,0x29,0x72,0x29,0x92,0x31,0x92,0x31,0x30,0x21,0x58,0x8C,
  0xFF,0xFF,0x95,0x73,0x31,0x29,0x92,0x29,0xB2,0x31,0x50,0x21,0x15,0x63,0x7D,0xCE,0x11,0x3A,0x72,0x29,0x92,0x31,0x92,0x29,
  0x92,0x29,0x91,0x29,0x92,0x31,0x52,0x29,0x52,0x42,0x1E,0xE7,0x9E,0xF7,0x9D,0xF7,0x5F,0xEF,0xB2,0x52,0x51,0x29,0x92,0x29,
  0x92,0x29,0x92,0x29,0x92,0x29,0x92,0x29,0x72,0x29,0xB1,0x31,0x7C,0xCE,0xBF,0xF7,0x7D,0xEF,0x7D,0xEF,0x7E,0xEF,0x7D,0xEF,
  0xDF,0xF7,0xB5,0x73,0x50,0x21,0xB2,0x31,0x92,0x29,0x92,0x31,0x92,0x29,0x51,0x29,0xB2,0x52,0x5F,0xEF,0x9E,0xF7,0x7D,0xEF,
  0x7E,0xEF,0x7D,0xEF,0x9E,0xEF,0x7E,0xEF,0x5D,0xEF,0xFF,0xFF,0x18,0xA5,0x0F,0x21,0xB2,0x31,0x92,0x29,0x92,0x29,0x92,0x29,
  0x92,0x29,0x93,0x31,0x10,0x21,0xF6,0x7B,0xFF,0xFF,0x7D,0xEF,0x7D,0xEF,0x7D,0xEF,0x7D,0xEF,0x7D,0xEF,0x7D,0xEF,0x7D,0xEF,
  0x7D,0xEF,0x7D,0xEF,0xBF,0xF7,0x57,0x8C,0x30,0x21,0xB2,0x29,0x92,0x29,0x92,0x29,0x92,0x29,0x92,0x29,0x92,0x29,0x72,0x29,
  0x72,0x29,0x51,0x21,0x31,0x21,0x51,0x21,0x51,0x21,0x51,0x21,0x31,0x21,0x52,0x29,0x50,0x21,0x5A,0xAD,0xDF,0xFF,0x7D,0xEF,
  0x7D,0xEF,0x7D,0xEF,0x7D,0xEF,0x7D,0xEF,0x7D,0xEF,0x7D,0xEF,0x7D,0xEF,0x7D,0xEF,0x7D,0xEF,0x7D,0xEF,0x7D,0xEF,0x7D,0xEF,
  0x7D,0xEF,0x7D,0xEF,0x7D,0xEF,0x7D,0xEF,0x7D,0xEF,0x7D,0xEF,0x7D,0xEF,0x7D,0xEF,0x7D,0xEF,0x7D,0xEF,0x7D,0xEF,0x7D,0xEF,
  0x7D,0xEF,0x7D,0xEF,0x7D,0xEF,0x7D,0xEF,0x7D,0xEF,0x7D,0xEF,0x7D,0xEF,0x7D,0xEF,0x7D,0xEF,0x7D,0xEF,0x7D,0xEF,0x7D,0xEF,
  0x7D,0xEF,0x7D,0xEF,0x7D,0xEF,0x7D,0xEF,0x7D,0xEF,0x7D,0xEF,0x7D,0xEF,0x7D,0xEF,0x7D,0xEF,0x7D,0xEF,0x7D,0xEF,0x7D,0xEF,
  0x7D,0xEF,0x7D,0xEF,0x7D,0xEF,0x7D,0xEF,0x7D,0xEF,0x7D,0xEF,0x7D,0xEF,0x7D,0xEF,0x7D,0xEF,0x7D,0xEF,0x7D,0xEF,0x7D,0xEF,
  0x7D,0xEF,0x7D,0xEF,0x7D,0xEF,0x7D,0xEF,0x7D,0xEF,0x7D,0xEF,0x7D,0xF7,0x7E,0xEF,0x7E,0xEF,0x9D,0xF7,0x1E,0xE7,0x93,0x52,
  0x71,0x21,0x92,0x29,0x92,0x29,0x92,0x29,0x92,0x29,0x92,0x29,0x92,0x29,0x92,0x29,0x92,0x29,0x92,0x31,0x92,0x31,0x92,0x31,
  0x92,0x31,0xB2,0x31,0x92,0x31,0x92,0x29,0x92,0x29,0x92,0x29,0x92,0x29,0x92,0x29,0x92,0x29,0x92,0x29,0x50,0x21,0x76,0x6B,
  0x9F,0xF7,0x7D,0xEF,0x7F,0xEF,0x34,0x63,0x51,0x21,0xB2,0x29,0x92,0x29,0x92,0x29,0x92,0x29,0x92,0x29,0x92,0x29,0x51,0x21,
  0xB2,0x52,0x1E,0xE7,0x9D,0xF7,0x7D,0xEF,0x9E,0xEF,0x7D,0xEF,0x9D,0xF7,0x7D,0xEF,0x7D,0xEF,0x7D,0xEF,0x7D,0xEF,0x7D,0xEF,
  0x7D,0xEF,0x7D,0xEF,0x7E,0xF7,0x7E,0xF7,0x7E,0xEF,0x7D,0xEF,0x7E,0xEF,0x9F,0xEF,0x54,0x63,0x31,0x21,0xB2,0x29,0x92,0x29,
  0x92,0x29,0x72,0x29,0x90,0x31,0x9E,0xD6,0x19,0xA5,0x30,0x21,0xB2,0x31,0x72,0x29,0x92,0x31,0x91,0x29,0x50,0x21,0x35,0x6B,
  0x5F,0xE7,0x93,0x52,0x32,0x29,0x92,0x31,0xD2,0x31,0x10,0x19,0x37,0x84,0x1F,0xDF,0xF0,0x39,0x92,0x29,0x92,0x29,0x92,0x31,
  0x92,0x29,0x92,0x29,0x92,0x31,0x52,0x29,0x52,0x42,0x1E,0xE7,0x9E,0xF7,0x9D,0xF7,0x5F,0xEF,0xB2,0x52,0x51,0x29,0x92,0x29,
  0x92,0x29,0x92,0x29,0x92,0x29,0x92,0x29,0x72,0x29,0xB1,0x31,0x7C,0xCE,0xBF,0xF7,0x7D,0xEF,0x7D,0xEF,0x7E,0xEF,0x7D,0xEF,
  0xDF,0xF7,0xB5,0x73,0x50,0x21,0xB2,0x31,0x92,0x29,0x92,0x31,0x92,0x29,0x51,0x29,0xB2,0x52,0x5F,0xEF,0x9E,0xF7,0x7D,0xEF,
  0x7E,0xEF,0x7D,0xEF,0x9E,0xEF,0x7E,0xEF,0x5D,0xEF,0xFF,0xFF,0x18,0xA5,0x0F,0x21,0xB2,0x31,0x92,0x29,0x92,0x29,0x92,0x29,
  0x92,0x29,0x93,0x31,0x10,0x21,0xF6,0x7B,0xFF,0xFF,0x7D,0xEF,0x7D,0xEF,0x7D,0xEF,0x7D,0xEF,0x7D,0xEF,0x7D,0xEF,0x7D,0xEF,
  0x7D,0xEF,0x7D,0xEF,0xBF,0xF7,0x57,0x8C,0x30,0x21,0xB2,0x29,0x92,0x29,0x92,0x29,0x92,0x29,0x92,0x29,0x92,0x29,0x92,0x29,
  0x92,0x29,0x92,0x31,0x92,0x31,0x92,0x31,0x92,0x29,0x92,0x29,0xB3,0x31,0xB2,0x31,0x70,0x29,0xDC,0xBD,0xBE,0xF7,0x7D,0xEF,
  0x7D,0xEF,0x7D,0xEF,0x7D,0xEF,0x7D,0xEF,0x7D,0xEF,0x7D,0xEF,0x7D,0xEF,0x7D,0xEF,0x7D,0xEF,0x7D,0xEF,0x7D,0xEF,0x7D,0xEF,
  0x7D,0xEF,0x7D,0xEF,0x7D,0xEF,0x7D,0xEF,0x7D,0xEF,0x7D,0xEF,0x7D,0xEF,0x7D,0xEF,0x7D,0xEF,0x7D,0xEF,0x7D,0xEF,0x7D,0xEF,
  0x7D,0xEF,0x7D,0xEF,0x7D,0xEF,0x7D,0xEF,0x7D,0xEF,0x7D,0xEF,0x7D,0xEF,0x7D,0xEF,0x7D,0xEF,0x7D,0xEF,0x7D,0xEF,0x7D,0xEF,
  0x7D,0xEF,0x7D,0xEF,0x7D,0xEF,0x7D,0xEF,0x7D,0xEF,0x7D,0xEF,0x7D,0xEF,0x7D,0xEF,0x7D,0xEF,0x7D,0xEF,0x7D,0xEF,0x7D,0xEF,
  0x7D,0xEF,0x7D,0xEF,0x7D,0xEF,0x7D,0xEF,0x7D,0xEF,0x7D,0xEF,0x7D,0xEF,0x7D,0xEF,0x7D,0xEF,0x7D,0xEF,0x7D,0xEF,0x7D,0xEF,
  0x7D,0xEF,0x7D,0xEF,0x7D,0xEF,0x7D,0xEF,0x7D,0xEF,0x7D,0xEF,0x7D,0xF7,0x7E,0xEF,0x7E,0xEF,0x9D,0xF7,0x1E,0xE7,0x93,0x52,
  0x71,0x21,0x92,0x29,0x92,0x29,0x92,0x29,0x92,0x29,0x92,0x29,0x92,0x29,0x92,0x29,0x92,0x29,0x92,0x29,0x92,0x29,0x92,0x29,
  0x92,0x29,0x92,0x29,0x92,0x29,0x92,0x29,0x92,0x29,0x92,0x29,0x92,0x29,0x92,0x29,0x92,0x29,0x92,0x29,0x50,0x21,0x76,0x6B,
  0x9F,0xF7,0x7E,0xF7,0x5F,0xEF,0xB2,0x52,0x51,0x29,0x92,0x29,0x92,0x29,0x72,0x29,0x92,0x29,0x92,0x29,0x92,0x29,0x51,0x21,
  0xB2,0x52,0x1E,0xE7,0x9D,0xF7,0x7D,0xEF,0x9E,0xEF,0x7D,0xEF,0x7D,0xEF,0x7D,0xEF,0x7D,0xEF,0x7D,0xEF,0x7D,0xEF,0x7D,0xEF,
  0x7D,0xEF,0x7D,0xEF,0x7D,0xF7,0x7E,0xF7,0x7E,0xEF,0x7D,0xEF,0x7E,0xEF,0x9F,0xEF,0x54,0x63,0x31,0x21,0xB2,0x29,0x92,0x29,
  0x92,0x29,0x73,0x29,0x90,0x31,0xBD,0xD6,0x5C,0xC6,0x50,0x29,0xB2,0x31,0x91,0x29,0x92,0x29,0xB2,0x29,0x71,0x29,0x32,0x4A,
  0x1C,0xBE,0xF1,0x39,0x72,0x29,0x92,0x31,0x91,0x29,0x70,0x29,0xBB,0xB5,0x1E,0xDF,0xF0,0x39,0x92,0x29,0x92,0x29,0x92,0x31,
  0x92,0x29,0x92,0x29,0x92,0x31,0x52,0x29,0x52,0x42,0x1E,0xE7,0x9E,0xF7,0x9D,0xF7,0x5F,0xEF,0xB2,0x52,0x51,0x29,0x92,0x29,
  0x92,0x29,0x92,0x29,0x92,0x29,0x92,0x29,0x72,0x29,0xB1,0x31,0x7C,0xCE,0xBF,0xF7,0x7D,0xEF,0x7D,0xEF,0x7E,0xEF,0x7D,0xEF,
  0xDF,0xF7,0xB5,0x73,0x50,0x21,0xB2,0x31,0x92,0x29,0x92,0x31,0x92,0x29,0x51,0x29,0xB2,0x52,0x5F,0xEF,0x9E,0xF7,0x7D,0xEF,
  0x7E,0xEF,0x7D,0xEF,0x9E,0xEF,0x7E,0xEF,0x5D,0xEF,0xFF,0xFF,0x18,0xA5,0x0F,0x21,0xB2,0x31,0x92,0x29,0x92,0x29,0x92,0x29,
  0x92,0x29,0x93,0x31,0x10,0x21,0xF6,0x7B,0xFF,0xFF,0x7D,0xEF,0x7D,0xEF,0x7D,0xEF,0x7D,0xEF,0x7D,0xEF,0x7D,0xEF,0x7D,0xEF,
  0x7D,0xEF,0x7D,0xEF,0xBF,0xF7,0x57,0x8C,0x30,0x21,0xB2,0x29,0x92,0x29,0x92,0x29,0x92,0x29,0x92,0x29,0x92,0x29,0x92,0x29,
  0x92,0x29,0x92,0x29,0x92,0x29,0x92,0x29,0x92,0x29,0x92,0x29,0x92,0x29,0x71,0x29,0xD0,0x39,0x5D,0xCE,0xBE,0xF7,0x7D,0xEF,
  0x7D,0xEF,0x7D,0xEF,0x7D,0xEF,0x7D,0xEF,0x7D,0xEF,0x7D,0xEF,0x7D,0xEF,0x7D,0xEF,0x7D,0xEF,0x7D,0xEF,0x7D,0xEF,0x7D,0xEF,
  0x7D,0xEF,0x7D,0xEF,0x7D,0xEF,0x7D,0xEF,0x7D,0xEF,0x7D,0xEF,0x7D,0xEF,0x7D,0xEF,0x7D,0xEF,0x7D,0xEF,0x7D,0xEF,0x7D,0xEF,
  0x7D,0xEF,0x7D,0xEF,0x7D,0xEF,0x7D,0xEF,0x7D,0xEF,0x7D,0xEF,0x7D,0xEF,0x7D,0xEF,0x7D,0xEF,0x7D,0xEF,0x7D,0xEF,0x7D,0xEF,
  0x7D,0xEF,0x7D,0xEF,0x7D,0xEF,0x7D,0xEF,0x7D,0xEF,0x7D,0xEF,0x7D,0xEF,0x7D,0xEF,0x7D,0xEF,0x7D,0xEF,0x7D,0xEF,0x7D,0xEF,
  0x7D,0xEF,0x7D,0xEF,0x7D,0xEF,0x7D,0xEF,0x7D,0xEF,0x7D,0xEF,0x7D,0xEF,0x7D,0xEF,0x7D,0xEF,0x7D,0xEF,0x7D,0xEF,0x7D,0xEF,
  0x7D,0xEF,0x7D,0xEF,0x7D,0xEF,0x7D,0xEF,0x7D,0xEF,0x7D,0xEF,0x7D,0xF7,0x7E,0xEF,0x7E,0xEF,0x9D,0xF7,0x1E,0xE7,0x93,0x52,
  0x71,0x21,0x92,0x29,0x92,0x29,0x92,0x29,0x92,0x29,0x92,0x29,0x92,0x29,0x92,0x29,0x92,0x29,0x92,0x29,0x92,0x29,0x92,0x29,
  0x92,0x29,0x92,0x29,0x92,0x29,0x92,0x29,0x92,0x29,0x92,0x29,0x92,0x29,0x92,0x29,0x92,0x29,0x92,0x29,0x50,0x21,0x76,0x6B,
  0x9F,0xF7,0x7E,0xF7,0x5F,0xEF,0xD2,0x52,0x51,0x21,0x92,0x29,0x92,0x29,0x92,0x29,0x92,0x29,0x92,0x29,0x92,0x29,0x51,0x21,
  0xB2,0x52,0x1E,0xE7,0x9D,0xF7,0x7D,0xEF,0x9E,0xEF,0x7D,0xEF,0x7D,0xEF,0x7D,0xEF,0x7D,0xEF,0x7D,0xEF,0x7D,0xEF,0x7D,0xEF,
  0x7D,0xEF,0x7D,0xEF,0x7D,0xF7,0x7E,0xF7,0x7E,0xEF,0x7D,0xEF,0x7E,0xEF,0x9F,0xEF,0x54,0x63,0x31,0x21,0xB2,0x29,0x92,0x29,
  0x92,0x29,0x92,0x29,0x90,0x31,0x7D,0xCE,0x3E,0xE7,0x32,0x42,0x71,0x29,0x91,0x31,0x92,0x29,0x92,0x29,0x71,0x29,0xF3,0x41,
  0x38,0x84,0x70,0x29,0x92,0x31,0x92,0x29,0x72,0x29,0xF0,0x39,0xFE,0xDE,0xDE,0xDE,0xF0,0x39,0x92,0x29,0x92,0x29,0x92,0x31,
  0x92,0x29,0x92,0x29,0x92,0x31,0x52,0x29,0x52,0x42,0x1E,0xE7,0x9E,0xF7,0x9D,0xF7,0x5F,0xEF,0xB2,0x52,0x51,0x29,0x92,0x29,
  0x92,0x29,0x92,0x29,0x92,0x29,0x92,0x29,0x72,0x29,0xB1,0x31,0x7C,0xCE,0xBF,0xF7,0x7D,0xEF,0x7D,0xEF,0x7E,0xEF,0x7D,0xEF,
  0xDF,0xF7,0xB5,0x73,0x50,0x21,0xB2,0x31,0x92,0x29,0x92,0x31,0x92,0x29,0x51,0x29,0xB2,0x52,0x5F,0xEF,0x9E,0xF7,0x7D,0xEF,
  0x7E,0xEF,0x7D,0xEF,0x9E,0xEF,0x7E,0xEF,0x5D,0xEF,0xFF,0xFF,0x18,0xA5,0x0F,0x21,0xB2,0x31,0x92,0x29,0x92,0x29,0x92,0x29,
  0x92,0x29,0x93,0x31,0x10,0x21,0xF6,0x7B,0xFF,0xFF,0x7D,0xEF,0x7D,0xEF,0x7D,0xEF,0x7D,0xEF,0x7D,0xEF,0x7D,0xEF,0x7D,0xEF,
  0x7D,0xEF,0x7D,0xEF,0xBF,0xF7,0x57,0x8C,0x30,0x21,0xB2,0x29,0x92,0x29,0x92,0x29,0x92,0x29,0x92,0x29,0x92,0x29,0x92,0x29,
  0x92,0x29,0x92,0x29,0x92,0x29,0x92,0x29,0x92,0x29,0xB2,0x31,0x92,0x29,0x92,0x31,0xB0,0x31,0xDB,0xBD,0xBE,0xF7,0x7D,0xEF,
  0x7D,0xEF,0x7D,0xEF,0x7D,0xEF,0x7D,0xEF,0x7D,0xEF,0x7D,0xEF,0x7D,0xEF,0x7D,0xEF,0x7D,0xEF,0x7D,0xEF,0x7D,0xEF,0x7D,0xEF,
  0x7D,0xEF,0x7D,0xEF,0x7D,0xEF,0x7D,0xEF,0x7D,0xEF,0x7D,0xEF,0x7D,0xEF,0x7D,0xEF,0x7D,0xEF,0x7D,0xEF,0x7D,0xEF,0x7D,0xEF,
  0x7D,0xEF,0x7D,0xEF,0x7D,0xEF,0x7D,0xEF,0x7D,0xEF,0x7D,0xEF,0x7D,0xEF,0x7D,0xEF,0x7D,0xEF,0x7D,0xEF,0x7D,0xEF,0x7D,0xEF,
  0x7D,0xEF,0x7D,0xEF,0x7D,0xEF,0x7D,0xEF,0x7D,0xEF,0x7D,0xEF,0x7D,0xEF,0x7D,0xEF,0x7D,0xEF,0x7D,0xEF,0x7D,0xEF,0x7D,0xEF,
  0x7D,0xEF,0x7D,0xEF,0x7D,0xEF,0x7D,0xEF,0x7D,0xEF,0x7D,0xEF,0x7D,0xEF,0x7D,0xEF,0x7D,0xEF,0x7D,0xEF,0x7D,0xEF,0x7D,0xEF,
  0x7D,0xEF,0x7D,0xEF,0x7D,0xEF,0x7D,0xEF,0x7D,0xEF,0x7D,0xEF,0x7D,0xF7,0x7E,0xEF,0x7E,0xEF,0x9D,0xF7,0x1E,0xE7,0x93,0x52,
  0x71,0x21,0x92,0x29,0x92,0x29,0x92,0x29,0x92,0x29,0x92,0x29,0x92,0x29,0x92,0x29,0x72,0x29,0x71,0x29,0x51,0x29,0x51,0x29,
  0x51,0x29,0x71,0x29,0x72,0x29,0x92,0x29,0x92,0x29,0x92,0x29,0x92,0x29,0x92,0x29,0x92,0x29,0x92,0x29,0x50,0x21,0x75,0x6B,
  0x9F,0xF7,0x7D,0xEF,0x7F,0xEF,0x34,0x63,0x51,0x21,0xB2,0x31,0x92,0x29,0x92,0x29,0x92,0x29,0x92,0x29,0x92,0x29,0x51,0x21,
  0xB2,0x52,0x1E,0xE7,0x9D,0xF7,0x7D,0xEF,0x9E,0xEF,0x7D,0xEF,0x7D,0xEF,0x7D,0xEF,0x7D,0xEF,0x7D,0xEF,0x7D,0xEF,0x7D,0xEF,
  0x7D,0xEF,0x7D,0xEF,0x7D,0xF7,0x7E,0xF7,0x7E,0xEF,0x7D,0xEF,0x7E,0xEF,0x9F,0xEF,0x54,0x63,0x31,0x21,0xB2,0x29,0x92,0x29,
  0x92,0x29,0x71,0x29,0xAF,0x31,0x5D,0xCE,0xBF,0xF7,0x34,0x63,0x30,0x21,0xB2,0x31,0x92,0x29,0x92,0x21,0x92,0x29,0x93,0x31,
  0xF1,0x39,0x91,0x29,0x92,0x29,0x92,0x31,0x51,0x29,0xD3,0x5A,0x9F,0xF7,0xBD,0xD6,0x11,0x3A,0x92,0x29,0x92,0x29,0x92,0x31,
  0x92,0x29,0x92,0x29,0x92,0x31,0x52,0x29,0x52,0x42,0x1E,0xE7,0x9E,0xF7,0x9D,0xF7,0x5F,0xEF,0xB2,0x52,0x51,0x29,0x92,0x29,
  0x92,0x29,0x92,0x29,0x92,0x29,0x92,0x29,0x72,0x29,0xB1,0x31,0x7C,0xCE,0xBF,0xF7,0x7D,0xEF,0x7D,0xEF,0x7E,0xEF,0x7D,0xEF,
  0xDF,0xF7,0xB5,0x73,0x50,0x21,0xB2,0x31,0x92,0x29,0x92,0x31,0x92,0x29,0x51,0x29,0xB2,0x52,0x5F,0xEF,0x9E,0xF7,0x7D,0xEF,
  0x7E,0xEF,0x7D,0xEF,0x9E,0xEF,0x7E,0xEF,0x5D,0xEF,0xFF,0xFF,0x18,0xA5,0x0F,0x21,0xB2,0x31,0x92,0x29,0x92,0x29,0x92,0x29,
  0x92,0x29,0x93,0x31,0x10,0x21,0xF6,0x7B,0xFF,0xFF,0x7D,0xEF,0x7D,0xEF,0x7D,0xEF,0x7D,0xEF,0x7D,0xEF,0x7D,0xEF,0x7D,0xEF,
  0x7D,0xEF,0x7D,0xEF,0xBF,0xF7,0x57,0x8C,0x30,0x21,0xB2,0x29,0x92,0x29,0x92,0x29,0x92,0x29,0x92,0x29,0x92,0x29,0x92,0x29,
  0x72,0x29,0x72,0x29,0x51,0x29,0x52,0x29,0x51,0x21,0x72,0x29,0x52,0x29,0x51,0x29,0x2F,0x21,0x7B,0xAD,0xDF,0xFF,0x7D,0xEF,
  0x7D,0xEF,0x7D,0xEF,0x7D,0xEF,0x7D,0xEF,0x7D,0xEF,0x7D,0xEF,0x7D,0xEF,0x7D,0xEF,0x7D,0xEF,0x7D,0xEF,0x7D,0xEF,0x7D,0xEF,
  0x7D,0xEF,0x7D,0xEF,0x7D,0xEF,0x7D,0xEF,0x7D,0xEF,0x7D,0xEF,0x7D,0xEF,0x7D,0xEF,0x7D,0xEF,0x7D,0xEF,0x7D,0xEF,0x7D,0xEF,
  0x7D,0xEF,0x7D,0xEF,0x7D,0xEF,0x7D,0xEF,0x7D,0xEF,0x7D,0xEF,0x7D,0xEF,0x7D,0xEF,0x7D,0xEF,0x7D,0xEF,0x7D,0xEF,0x7D,0xEF,
  0x7D,0xEF,0x7D,0xEF,0x7D,0xEF,0x7D,0xEF,0x7D,0xEF,0x7D,0xEF,0x7D,0xEF,0x7D,0xEF,0x7D,0xEF,0x7D,0xEF,0x7D,0xEF,0x7D,0xEF,
  0x7D,0xEF,0x7D,0xEF,0x7D,0xEF,0x7D,0xEF,0x7D,0xEF,0x7D,0xEF,0x7D,0xEF,0x7D,0xEF,0x7D,0xEF,0x7D,0xEF,0x7D,0xEF,0x7D,0xEF,
  0x7D,0xEF,0x7D,0xEF,0x7D,0xEF,0x7D,0xEF,0x7D,0xEF,0x7D,0xEF,0x7D,0xF7,0x7E,0xEF,0x7E,0xEF,0x9D,0xF7,0x1E,0xE7,0x93,0x52,
  0x71,0x21,0x92,0x29,0x92,0x29,0x92,0x29,0x92,0x29,0x92,0x29,0x92,0x29,0x72,0x29,0x13,0x3A,0x53,0x42,0x53,0x42,0x54,0x42,
  0x33,0x42,0x52,0x42,0x12,0x42,0x51,0x29,0x93,0x31,0x91,0x29,0x91,0x29,0x92,0x29,0x92,0x29,0x92,0x29,0x50,0x21,0x75,0x6B,
  0x9F,0xF7,0x7D,0xEF,0x9F,0xF7,0x94,0x6B,0x31,0x21,0xB2,0x29,0xB2,0x29,0x92,0x29,0x92,0x29,0x92,0x29,0x92,0x29,0x70,0x21,
  0x93,0x52,0x1E,0xE7,0xBD,0xF7,0x7D,0xEF,0x9D,0xEF,0x7D,0xEF,0x9D,0xEF,0x9E,0xF7,0x7D,0xF7,0x9D,0xF7,0x7D,0xEF,0x7D,0xEF,
  0x7D,0xEF,0x5E,0xEF,0x5E,0xEF,0x7D,0xEF,0x7D,0xEF,0x5E,0xEF,0x7E,0xF7,0x9E,0xEF,0x54,0x63,0x31,0x21,0x92,0x31,0x92,0x29,
  0x92,0x29,0x91,0x29,0xB0,0x31,0x3D,0xC6,0xFF,0xFF,0x36,0x8C,0x30,0x21,0x93,0x31,0x92,0x29,0x92,0x29,0x92,0x29,0x72,0x29,
  0x71,0x29,0x92,0x31,0x92,0x29,0x92,0x29,0x2F,0x21,0x57,0x8C,0xDF,0xFF,0x9D,0xD6,0xF1,0x39,0x92,0x29,0x92,0x29,0x92,0x31,
  0x92,0x29,0x92,0x29,0x92,0x31,0x52,0x29,0x52,0x42,0x1E,0xE7,0x9E,0xF7,0x9D,0xF7,0x5F,0xEF,0xB2,0x52,0x51,0x29,0x92,0x29,
  0x92,0x29,0x92,0x29,0x92,0x29,0x92,0x29,0x72,0x29,0xB1,0x31,0x7C,0xCE,0xBF,0xF7,0x7D,0xEF,0x7D,0xEF,0x7E,0xEF,0x7D,0xEF,
  0xDF,0xF7,0xB5,0x73,0x50,0x21,0xB2,0x31,0x92,0x29,0x92,0x31,0x92,0x29,0x51,0x29,0xB2,0x52,0x5F,0xEF,0x9E,0xF7,0x7D,0xEF,
  0x7E,0xEF,0x7D,0xEF,0x9E,0xEF,0x7E,0xEF,0x5D,0xEF,0xFF,0xFF,0x18,0xA5,0x0F,0x21,0xB2,0x31,0x92,0x29,0x92,0x29,0x92,0x29,
  0x92,0x29,0x93,0x31,0x10,0x21,0xF6,0x7B,0xFF,0xFF,0x7D,0xEF,0x7D,0xEF,0x7D,0xEF,0x7D,0xEF,0x7D,0xEF,0x7D,0xEF,0x7D,0xEF,
  0x7D,0xEF,0x7D,0xEF,0xBF,0xF7,0x57,0x8C,0x30,0x21,0xB2,0x29,0x92,0x29,0x92,0x29,0x92,0x29,0x92,0x29,0x92,0x29,0x72,0x29,
  0xD3,0x31,0x34,0x42,0x53,0x42,0x53,0x4A,0x53,0x42,0x73,0x4A,0x53,0x42,0x33,0x42,0x72,0x42,0xBB,0xB5,0xBE,0xF7,0x7D,0xEF,
  0x7D,0xEF,0x7D,0xEF,0x7D,0xEF,0x7D,0xEF,0x7D,0xEF,0x7D,0xEF,0x7D,0xEF,0x7D,0xEF,0x7D,0xEF,0x7D,0xEF,0x7D,0xEF,0x7D,0xEF,
  0x7D,0xEF,0x7D,0xEF,0x7D,0xEF,0x7D,0xEF,0x7D,0xEF,0x7D,0xEF,0x7D,0xEF,0x7D,0xEF,0x7D,0xEF,0x7D,0xEF,0x7D,0xEF,0x7D,0xEF,
  0x7D,0xEF,0x7D,0xEF,0x7D,0xEF,0x7D,0xEF,0x7D,0xEF,0x7D,0xEF,0x7D,0xEF,0x7D,0xEF,0x7D,0xEF,0x7D,0xEF,0x7D,0xEF,0x7D,0xEF,
  0x7D,0xEF,0x7D,0xEF,0x7D,0xEF,0x7D,0xEF,0x7D,0xEF,0x7D,0xEF,0x7D,0xEF,0x7D,0xEF,0x7D,0xEF,0x7D,0xEF,0x7D,0xEF,0x7D,0xEF,
  0x7D,0xEF,0x7D,0xEF,0x7D,0xEF,0x7D,0xEF,0x7D,0xEF,0x7D,0xEF,0x7D,0xEF,0x7D,0xEF,0x7D,0xEF,0x7D,0xEF,0x7D,0xEF,0x7D,0xEF,
  0x7D,0xEF,0x7D,0xEF,0x7D,0xEF,0x7D,0xEF,0x7D,0xEF,0x7D,0xEF,0x7D,0xF7,0x7E,0xEF,0x7E,0xEF,0x9D,0xF7,0x1E,0xE7,0x93,0x52,
  0x71,0x21,0x92,0x29,0x92,0x29,0x92,0x29,0x92,0x29,0x91,0x29,0x71,0x29,0xF1,0x39,0x9B,0xAD,0x3E,0xE7,0x3D,0xE7,0x3D,0xE7,
  0x3D,0xDF,0x3E,0xDF,0x9B,0xAD,0xD1,0x31,0x72,0x29,0x92,0x29,0x92,0x29,0x92,0x29,0x92,0x29,0xB2,0x29,0x50,0x21,0x76,0x6B,
  0x9E,0xF7,0x7D,0xEF,0x9F,0xF7,0xD5,0x73,0x31,0x21,0x92,0x29,0x92,0x29,0x92,0x29,0x92,0x29,0x92,0x29,0x92,0x29,0x70,0x29,
  0x94,0x52,0x1E,0xE7,0x9D,0xF7,0x9D,0xF7,0x9E,0xEF,0x9E,0xEF,0x9E,0xEF,0x7D,0xEF,0x9E,0xF7,0x7D,0xF7,0x9E,0xF7,0xBE,0xF7,
  0xDE,0xFF,0xFE,0xFF,0xFE,0xFF,0xDD,0xF7,0xDE,0xFF,0x7D,0xEF,0x7D,0xEF,0x9E,0xEF,0x54,0x63,0x31,0x21,0xB2,0x31,0x92,0x29,
  0x92,0x29,0x92,0x29,0xB0,0x31,0x5D,0xC6,0xFF,0xFF,0x7A,0xAD,0x70,0x29,0x72,0x29,0x92,0x31,0x92,0x31,0x92,0x29,0x92,0x31,
  0x92,0x31,0x92,0x29,0x92,0x31,0x92,0x29,0x4F,0x29,0x7A,0xB5,0xFF,0xFF,0xBD,0xD6,0xF1,0x39,0x92,0x29,0x92,0x29,0x92,0x31,
  0x92,0x29,0x92,0x29,0x92,0x31,0x52,0x29,0x52,0x42,0x1E,0xE7,0x9E,0xF7,0x9D,0xF7,0x5F,0xEF,0xB2,0x52,0x51,0x29,0x92,0x29,
  0x92,0x29,0x92,0x29,0x92,0x29,0x92,0x29,0x72,0x29,0xB1,0x31,0x7C,0xCE,0xBF,0xF7,0x7D,0xEF,0x7D,0xEF,0x7E,0xEF,0x7D,0xEF,
  0xDF,0xF7,0xB5,0x73,0x50,0x21,0xB2,0x31,0x92,0x29,0x92,0x31,0x92,0x29,0x51,0x29,0xB2,0x52,0x5F,0xEF,0x9E,0xF7,0x7D,0xEF,
  0x7E,0xEF,0x7D,0xEF,0x9E,0xEF,0x7E,0xEF,0x5D,0xEF,0xFF,0xFF,0x18,0xA5,0x0F,0x21,0xB2,0x31,0x92,0x29,0x92,0x29,0x92,0x29,
  0x92,0x29,0x93,0x31,0x10,0x21,0xF6,0x7B,0xFF,0xFF,0x7D,0xEF,0x7D,0xEF,0x7D,0xEF,0x7D,0xEF,0x7D,0xEF,0x7D,0xEF,0x7D,0xEF,
  0x7D,0xEF,0x7D,0xEF,0xBF,0xF7,0x57,0x8C,0x30,0x21,0xB2,0x29,0x92,0x29,0x92,0x29,0x92,0x29,0x92,0x29,0x92,0x29,0x50,0x29,
  0x35,0x84,0x5E,0xE7,0x3D,0xE7,0x1D,0xE7,0x1C,0xE7,0x3D,0xE7,0x3D,0xE7,0x3D,0xE7,0x1C,0xDF,0x7D,0xEF,0x9D,0xF7,0x7D,0xEF,
  0x7D,0xEF,0x7D,0xEF,0x7D,0xEF,0x7D,0xEF,0x7D,0xEF,0x7D,0xEF,0x7D,0xEF,0x7D,0xEF,0x7D,0xEF,0x7D,0xEF,0x7D,0xEF,0x7D,0xEF,
  0x7D,0xEF,0x7D,0xEF,0x7D,0xEF,0x7D,0xEF,0x7D,0xEF,0x7D,0xEF,0x7D,0xEF,0x7D,0xEF,0x7D,0xEF,0x7D,0xEF,0x7D,0xEF,0x7D,0xEF,
  0x7D,0xEF,0x7D,0xEF,0x7D,0xEF,0x7D,0xEF,0x7D,0xEF,0x7D,0xEF,0x7D,0xEF,0x7D,0xEF,0x7D,0xEF,0x7D,0xEF,0x7D,0xEF,0x7D,0xEF,
  0x7D,0xEF,0x7D,0xEF,0x7D,0xEF,0x7D,0xEF,0x7D,0xEF,0x7D,0xEF,0x7D,0xEF,0x7D,0xEF,0x7D,0xEF,0x7D,0xEF,0x7D,0xEF,0x7D,0xEF,
  0x7D,0xEF,0x7D,0xEF,0x7D,0xEF,0x7D,0xEF,0x7D,0xEF,0x7D,0xEF,0x7D,0xEF,0x7D,0xEF,0x7D,0xEF,0x7D,0xEF,0x7D,0xEF,0x7D,0xEF,
  0x7D,0xEF,0x7D,0xEF,0x7D,0xEF,0x7D,0xEF,0x7D,0xEF,0x7D,0xEF,0x7D,0xF7,0x7E,0xEF,0x7E,0xEF,0x9D,0xF7,0x1E,0xE7,0x93,0x52,
  0x71,0x21,0x92,0x29,0x92,0x29,0x92,0x29,0x92,0x29,0x91,0x29,0x71,0x29,0xF1,0x39,0x7D,0xCE,0xDF,0xFF,0x7C,0xEF,0xBD,0xF7,
  0x7D,0xF7,0xDF,0xFF,0x9D,0xCE,0xAF,0x31,0x92,0x29,0x92,0x29,0x92,0x29,0x92,0x29,0x92,0x29,0x92,0x29,0x50,0x21,0x76,0x6B,
  0x9F,0xF7,0x7D,0xEF,0xDF,0xFF,0x77,0x8C,0x30,0x21,0xB2,0x31,0x92,0x29,0x92,0x29,0x92,0x29,0x92,0x29,0x92,0x29,0x71,0x29,
  0x53,0x4A,0xFE,0xDE,0x9D,0xF7,0x9E,0xF7,0x7E,0xEF,0x7D,0xEF,0x7D,0xEF,0x7D,0xEF,0x7F,0xEF,0xB7,0x9C,0x75,0x6B,0x17,0x84,
  0x98,0x94,0xF9,0x9C,0x7A,0xAD,0xDA,0xB5,0xFA,0xBD,0x7E,0xEF,0x9E,0xF7,0x9F,0xEF,0x54,0x63,0x31,0x21,0xB2,0x31,0x92,0x29,
  0x92,0x29,0x92,0x29,0xB0,0x31,0x5D,0xCE,0xBF,0xF7,0x9D,0xD6,0xB0,0x31,0x72,0x29,0x92,0x31,0x92,0x29,0x92,0x29,0x92,0x31,
  0x92,0x31,0x92,0x29,0x92,0x29,0x72,0x29,0xF0,0x39,0xBD,0xD6,0xDF,0xFF,0xBD,0xD6,0xF1,0x39,0x92,0x29,0x92,0x29,0x92,0x31,
  0x92,0x29,0x92,0x29,0x92,0x31,0x52,0x29,0x52,0x42,0x1E,0xE7,0x9E,0xF7,0x9D,0xF7,0x5F,0xEF,0xB2,0x52,0x51,0x29,0x92,0x29,
  0x92,0x29,0x92,0x29,0x92,0x29,0x92,0x29,0x72,0x29,0xB1,0x31,0x7C,0xCE,0xBF,0xF7,0x7D,0xEF,0x7D,0xEF,0x7E,0xEF,0x7D,0xEF,
  0xDF,0xF7,0xB5,0x73,0x50,0x21,0xB2,0x31,0x92,0x29,0x92,0x31,0x92,0x29,0x51,0x29,0xB2,0x52,0x5F,0xEF,0x9E,0xF7,0x7D,0xEF,
  0x7E,0xEF,0x7D,0xEF,0x9E,0xEF,0x7E,0xEF,0x5D,0xEF,0xFF,0xFF,0x18,0xA5,0x0F,0x21,0xB2,0x31,0x92,0x29,0x92,0x29,0x92,0x29,
  0x92,0x29,0x93,0x31,0x10,0x21,0xF6,0x7B,0xFF,0xFF,0x7D,0xEF,0x7D,0xEF,0x7D,0xEF,0x7D,0xEF,0x7D,0xEF,0x7D,0xEF,0x7D,0xEF,
  0x7D,0xEF,0x7D,0xEF,0xBF,0xF7,0x57,0x8C,0x30,0x21,0xB2,0x29,0x92,0x29,0x92,0x29,0x92,0x29,0x92,0x29,0x92,0x29,0x50,0x29,
  0xD8,0x9C,0xFF,0xFF,0x5D,0xEF,0x9E,0xF7,0x7D,0xF7,0x9E,0xF7,0x7E,0xF7,0x9E,0xF7,0x9E,0xF7,0x7D,0xF7,0x7D,0xEF,0x7D,0xEF,
  0x7D,0xEF,0x7D,0xEF,0x7D,0xEF,0x7D,0xEF,0x7D,0xEF,0x7D,0xEF,0x7D,0xEF,0x7D,0xEF,0x7D,0xEF,0x7D,0xEF,0x7D,0xEF,0x7D,0xEF,
  0x7D,0xEF,0x7D,0xEF,0x7D,0xEF,0x7D,0xEF,0x7D,0xEF,0x7D,0xEF,0x7D,0xEF,0x7D,0xEF,0x7D,0xEF,0x7D,0xEF,0x7D,0xEF,0x7D,0xEF,
  0x7D,0xEF,0x7D,0xEF,0x7D,0xEF,0x7D,0xEF,0x7D,0xEF,0x7D,0xEF,0x7D,0xEF,0x7D,0xEF,0x7D,0xEF,0x7D,0xEF,0x7D,0xEF,0x7D,0xEF,
  0x7D,0xEF,0x7D,0xEF,0x7D,0xEF,0x7D,0xEF,0x7D,0xEF,0x7D,0xEF,0x7D,0xEF,0x7D,0xEF,0x7D,0xEF,0x7D,0xEF,0x7D,0xEF,0x7D,0xEF,
  0x7D,0xEF,0x7D,0xEF,0x7D,0xEF,0x7D,0xEF,0x7D,0xEF,0x7D,0xEF,0x7D,0xEF,0x7D,0xEF,0x7D,0xEF,0x7D,0xEF,0x7D,0xEF,0x7D,0xEF,
  0x7D,0xEF,0x7D,0xEF,0x7D,0xEF,0x7D,0xEF,0x7D,0xEF,0x7D,0xEF,0x7D,0xF7,0x7E,0xEF,0x7E,0xEF,0x9D,0xF7,0x1E,0xE7,0x93,0x52,
  0x71,0x21,0x92,0x29,0x92,0x29,0x92,0x29,0x92,0x31,0x92,0x31,0x72,0x29,0xF1,0x39,0x7D,0xCE,0xBF,0xF7,0x5D,0xEF,0x9E,0xEF,
  0x9D,0xF7,0x9E,0xF7,0x5D,0xCE,0x90,0x31,0x72,0x29,0x92,0x29,0x92,0x29,0x92,0x29,0x92,0x29,0x91,0x29,0x50,0x21,0x76,0x6B,
  0x9F,0xF7,0x7D,0xEF,0xDF,0xFF,0x5A,0xAD,0x30,0x21,0x92,0x31,0x92,0x29,0x72,0x29,0x92,0x29,0x92,0x29,0x92,0x29,0x91,0x29,
  0xD1,0x39,0x9D,0xD6,0xBE,0xF7,0x7E,0xEF,0x7E,0xEF,0x7D,0xF7,0x7D,0xF7,0xBE,0xF7,0x5F,0xE7,0xB2,0x52,0x10,0x21,0x32,0x21,
  0x31,0x21,0x30,0x21,0x51,0x29,0x71,0x29,0x11,0x42,0x7D,0xCE,0x9F,0xF7,0x7F,0xEF,0x54,0x63,0x31,0x21,0xB2,0x31,0x92,0x29,
  0x91,0x29,0x92,0x29,0xB0,0x31,0x5D,0xCE,0xBE,0xF7,0x5E,0xEF,0xB2,0x52,0x71,0x29,0x92,0x29,0x92,0x31,0x92,0x29,0x92,0x31,
  0x72,0x31,0x92,0x29,0x92,0x29,0x51,0x21,0xF3,0x5A,0x7F,0xEF,0x9E,0xF7,0xBD,0xD6,0x11,0x3A,0x92,0x29,0x92,0x29,0x92,0x31,
  0x92,0x29,0x92,0x29,0x92,0x31,0x52,0x29,0x52,0x42,0x1E,0xE7,0x9E,0xF7,0x9D,0xF7,0x5F,0xEF,0xB2,0x52,0x51,0x29,0x92,0x29,
  0x92,0x29,0x92,0x29,0x92,0x29,0x92,0x29,0x72,0x29,0xB1,0x31,0x7C,0xCE,0xBF,0xF7,0x7D,0xEF,0x7D,0xEF,0x7E,0xEF,0x7D,0xEF,
  0xDF,0xF7,0xB5,0x73,0x50,0x21,0xB2,0x31,0x92,0x29,0x92,0x31,0x92,0x29,0x51,0x29,0xB2,0x52,0x5F,0xEF,0x9E,0xF7,0x7D,0xEF,
  0x7E,0xEF,0x7D,0xEF,0x9E,0xEF,0x7E,0xEF,0x5D,0xEF,0xFF,0xFF,0x18,0xA5,0x0F,0x21,0xB2,0x31,0x92,0x29,0x92,0x29,0x92,0x29,
  0x92,0x29,0x93,0x31,0x10,0x21,0xF6,0x7B,0xFF,0xFF,0x7D,0xEF,0x7D,0xEF,0x7D,0xEF,0x7D,0xEF,0x7D,0xEF,0x7D,0xEF,0x7D,0xEF,
  0x7D,0xEF,0x7D,0xEF,0xBF,0xF7,0x57,0x8C,0x30,0x21,0xB2,0x29,0x92,0x29,0x92,0x29,0x92,0x29,0x92,0x29,0x92,0x29,0x50,0x21,
  0xB7,0x94,0xDF,0xF7,0x7D,0xEF,0x9D,0xEF,0x7D,0xEF,0x9D,0xEF,0x9D,0xEF,0x7D,0xEF,0x9D,0xEF,0x7D,0xEF,0x7D,0xEF,0x7D,0xEF,
  0x7D,0xEF,0x7D,0xEF,0x7D,0xEF,0x7D,0xEF,0x7D,0xEF,0x7D,0xEF,0x7D,0xEF,0x7D,0xEF,0x7D,0xEF,0x7D,0xEF,0x7D,0xEF,0x7D,0xEF,
  0x7D,0xEF,0x7D,0xEF,0x7D,0xEF,0x7D,0xEF,0x7D,0xEF,0x7D,0xEF,0x7D,0xEF,0x7D,0xEF,0x7D,0xEF,0x7D,0xEF,0x7D,0xEF,0x7D,0xEF,
  0x7D,0xEF,0x7D,0xEF,0x7D,0xEF,0x7D,0xEF,0x7D,0xEF,0x7D,0xEF,0x7D,0xEF,0x7D,0xEF,0x7D,0xEF,0x7D,0xEF,0x7D,0xEF,0x7D,0xEF,
  0x7D,0xEF,0x7D,0xEF,0x7D,0xEF,0x7D,0xEF,0x7D,0xEF,0x7D,0xEF,0x7D,0xEF,0x7D,0xEF,0x7D,0xEF,0x7D,0xEF,0x7D,0xEF,0x7D,0xEF,
  0x7D,0xEF,0x7D,0xEF,0x7D,0xEF,0x7D,0xEF,0x7D,0xEF,0x7D,0xEF,0x7D,0xEF,0x7D,0xEF,0x7D,0xEF,0x7D,0xEF,0x7D,0xEF,0x7D,0xEF,
  0x7D,0xEF,0x7D,0xEF,0x7D,0xEF,0x7D,0xEF,0x7D,0xEF,0x7D,0xEF,0x7D,0xF7,0x7E,0xEF,0x7E,0xEF,0x9D,0xF7,0x1E,0xE7,0x93,0x52,
  0x71,0x21,0x92,0x29,0x92,0x29,0x92,0x29,0x92,0x31,0x92,0x31,0x72,0x29,0xF1,0x39,0x5D,0xCE,0xDE,0xFF,0x7D,0xEF,0x7D,0xEF,
  0x7D,0xEF,0xBF,0xF7,0x5D,0xC6,0xD0,0x39,0x92,0x29,0x92,0x29,0x92,0x29,0x92,0x29,0x92,0x29,0xB2,0x29,0x50,0x21,0x76,0x6B,
  0x9F,0xF7,0x7D,0xEF,0xBE,0xFF,0x3C,0xC6,0xB2,0x31,0x71,0x29,0xB2,0x31,0x72,0x29,0x92,0x29,0x92,0x29,0x92,0x29,0x91,0x29,
  0x4F,0x29,0x3C,0xC6,0xBF,0xFF,0x7E,0xEF,0x7E,0xEF,0x7E,0xF7,0x7D,0xEF,0x9E,0xEF,0x5F,0xE7,0x91,0x4A,0x72,0x29,0xB3,0x31,
  0xB2,0x31,0xB2,0x31,0x92,0x31,0x51,0x29,0x52,0x42,0x1E,0xDF,0x9E,0xF7,0x9F,0xEF,0x54,0x63,0x31,0x21,0xB3,0x31,0x92,0x29,
  0x92,0x29,0x92,0x29,0xB0,0x31,0x5D,0xCE,0x9D,0xF7,0xBF,0xF7,0xD7,0x7B,0x30,0x21,0x92,0x31,0x72,0x29,0x92,0x29,0x91,0x31,
  0x72,0x31,0x92,0x29,0x92,0x31,0x51,0x21,0x17,0x7C,0xDE,0xF7,0x9E,0xF7,0xBD,0xD6,0x11,0x3A,0x92,0x29,0x92,0x29,0x92,0x31,
  0x92,0x29,0x92,0x29,0x92,0x31,0x52,0x29,0x52,0x42,0x1E,0xE7,0x9E,0xF7,0x9D,0xF7,0x5F,0xEF,0xB2,0x52,0x51,0x29,0x92,0x29,
  0x92,0x29,0x92,0x29,0x92,0x29,0x92,0x29,0x72,0x29,0xB1,0x31,0x7C,0xCE,0xBF,0xF7,0x7D,0xEF,0x7E,0xEF,0x9E,0xEF,0x7D,0xEF,
  0xDF,0xF7,0x95,0x73,0x50,0x21,0xB2,0x31,0x92,0x29,0x92,0x31,0x92,0x29,0x51,0x29,0xB2,0x52,0x5F,0xEF,0x9E,0xF7,0x7D,0xEF,
  0x7E,0xEF,0x7D,0xEF,0x9E,0xEF,0x7E,0xEF,0x5D,0xEF,0xFF,0xFF,0x18,0xA5,0x0F,0x21,0xB2,0x31,0x92,0x29,0x92,0x29,0x92,0x29,
  0x92,0x29,0x93,0x31,0x10,0x21,0xF6,0x7B,0xFF,0xFF,0x7D,0xEF,0x7D,0xEF,0x7D,0xEF,0x7D,0xEF,0x7D,0xEF,0x7D,0xEF,0x7D,0xEF,
  0x7D,0xEF,0x7D,0xEF,0xBF,0xF7,0x57,0x8C,0x30,0x21,0xB2,0x29,0x92,0x29,0x92,0x29,0x92,0x29,0x92,0x29,0x92,0x29,0x50,0x29,
  0xB7,0x94,0xDF,0xFF,0x5D,0xEF,0x7E,0xEF,0x7E,0xF7,0x7E,0xEF,0x7D,0xEF,0x7E,0xEF,0x7E,0xEF,0x7D,0xEF,0x7E,0xEF,0x7D,0xEF,
  0x7D,0xEF,0x7D,0xEF,0x7D,0xEF,0x7D,0xEF,0x7D,0xEF,0x7D,0xEF,0x7D,0xEF,0x7D,0xEF,0x7D,0xEF,0x7D,0xEF,0x7D,0xEF,0x7D,0xEF,
  0x7D,0xEF,0x7D,0xEF,0x7D,0xEF,0x7D,0xEF,0x7D,0xEF,0x7D,0xEF,0x7D,0xEF,0x7D,0xEF,0x7D,0xEF,0x7D,0xEF,0x7D,0xEF,0x7D,0xEF,
  0x7D,0xEF,0x7D,0xEF,0x7D,0xEF,0x7D,0xEF,0x7D,0xEF,0x7D,0xEF,0x7D,0xEF,0x7D,0xEF,0x7D,0xEF,0x7D,0xEF,0x7D,0xEF,0x7D,0xEF,
  0x7D,0xEF,0x7D,0xEF,0x7D,0xEF,0x7D,0xEF,0x7D,0xEF,0x7D,0xEF,0x7D,0xEF,0x7D,0xEF,0x7D,0xEF,0x7D,0xEF,0x7D,0xEF,0x7D,0xEF,
  0x7D,0xEF,0x7D,0xEF,0x7D,0xEF,0x7D,0xEF,0x7D,0xEF,0x7D,0xEF,0x7D,0xEF,0x7D,0xEF,0x7D,0xEF,0x7D,0xEF,0x7D,0xEF,0x7D,0xEF,
  0x7D,0xEF,0x7D,0xEF,0x7D,0xEF,0x7D,0xEF,0x7D,0xEF,0x7D,0xEF,0x7D,0xF7,0x7E,0xEF,0x7E,0xEF,0x9D,0xF7,0x1E,0xE7,0x93,0x52,
  0x71,0x21,0x92,0x29,0x92,0x29,0x92,0x29,0x92,0x29,0x92,0x29,0x72,0x29,0xF1,0x39,0x7C,0xCE,0xBE,0xF7,0x7C,0xEF,0x9E,0xF7,
  0x7D,0xEF,0xBF,0xF7,0x5D,0xC6,0xB0,0x31,0x92,0x29,0x92,0x29,0x91,0x29,0x92,0x29,0x92,0x29,0x92,0x29,0x50,0x21,0x75,0x6B,
  0x9F,0xF7,0x7D,0xEF,0x9D,0xF7,0x5E,0xE7,0x71,0x4A,0x71,0x29,0x92,0x29,0x92,0x29,0x92,0x29,0x92,0x29,0x91,0x29,0x92,0x29,
  0x70,0x29,0x19,0x9D,0xDF,0xF7,0x7D,0xEF,0x7E,0xF7,0x7E,0xEF,0x9D,0xF7,0x9D,0xF7,0xFE,0xDE,0xD0,0x39,0x71,0x29,0x92,0x29,
  0x92,0x29,0x91,0x29,0x91,0x29,0x51,0x29,0x72,0x52,0x5E,0xEF,0x7D,0xEF,0x9F,0xEF,0x54,0x63,0x30,0x21,0x92,0x31,0x91,0x29,
  0x92,0x29,0x91,0x29,0xB0,0x31,0x5E,0xCE,0x9D,0xF7,0xDF,0xFF,0xD9,0x9C,0x4F,0x21,0x92,0x29,0x91,0x29,0x92,0x29,0x92,0x31,
  0x92,0x29,0x92,0x29,0xB2,0x31,0x4F,0x29,0x9B,0xB5,0xBF,0xFF,0x9E,0xF7,0xBD,0xD6,0xF1,0x39,0x92,0x29,0x92,0x29,0x92,0x31,
  0x92,0x29,0x92,0x29,0x92,0x31,0x52,0x29,0x52,0x42,0x1D,0xDF,0x9E,0xF7,0x9D,0xF7,0x7F,0xEF,0xD3,0x5A,0x51,0x29,0x92,0x31,
  0x91,0x29,0x92,0x29,0x93,0x29,0xB3,0x29,0x92,0x29,0xB0,0x31,0x1C,0xC6,0xDE,0xF7,0x5E,0xEF,0x7E,0xEF,0x9D,0xF7,0x7D,0xEF,
  0xBF,0xF7,0xF3,0x5A,0x31,0x21,0x92,0x29,0x92,0x31,0x71,0x29,0x92,0x31,0x51,0x29,0xF3,0x5A,0x5F,0xE7,0x9E,0xF7,0x7D,0xEF,
  0x7E,0xEF,0x7D,0xEF,0x9E,0xEF,0x7E,0xEF,0x5D,0xEF,0xFF,0xFF,0x18,0xA5,0x0F,0x21,0xB2,0x31,0x92,0x29,0x92,0x29,0x92,0x29,
  0x92,0x29,0x93,0x31,0x10,0x21,0xF6,0x7B,0xFF,0xFF,0x7D,0xEF,0x7D,0xEF,0x7D,0xEF,0x7D,0xEF,0x7D,0xEF,0x7D,0xEF,0x7D,0xEF,
  0x7D,0xEF,0x7D,0xEF,0xBF,0xF7,0x57,0x8C,0x30,0x21,0xB2,0x29,0x92,0x29,0x92,0x29,0x92,0x29,0x92,0x29,0x92,0x29,0x50,0x21,
  0xB7,0x94,0xDF,0xFF,0x5D,0xEF,0x5D,0xEF,0x5D,0xEF,0x5D,0xEF,0x7D,0xEF,0x7D,0xEF,0x7E,0xEF,0x7D,0xEF,0x7E,0xEF,0x5D,0xEF,
  0x7D,0xEF,0x9D,0xEF,0x7D,0xEF,0x9D,0xEF,0x7E,0xEF,0x7E,0xEF,0x7D,0xF7,0x7D,0xEF,0x7D,0xEF,0x7D,0xEF,0x7D,0xEF,0x7D,0xEF,
  0x7D,0xEF,0x7D,0xEF,0x7D,0xEF,0x7D,0xEF,0x7D,0xEF,0x7D,0xEF,0x7D,0xEF,0x7D,0xEF,0x7D,0xEF,0x7D,0xEF,0x7D,0xEF,0x7D,0xEF,
  0x7D,0xEF,0x7D,0xEF,0x7D,0xEF,0x7D,0xEF,0x7D,0xEF,0x7D,0xEF,0x7D,0xEF,0x7D,0xEF,0x7D,0xEF,0x7D,0xEF,0x7D,0xEF,0x7D,0xEF,
  0x7D,0xEF,0x7D,0xEF,0x7D,0xEF,0x7D,0xEF,0x7D,0xEF,0x7D,0xEF,0x7D,0xEF,0x7D,0xEF,0x7D,0xEF,0x7D,0xEF,0x7D,0xEF,0x7D,0xEF,
  0x7D,0xEF,0x7D,0xEF,0x7D,0xEF,0x7D,0xEF,0x7D,0xEF,0x7D,0xEF,0x7D,0xEF,0x7D,0xEF,0x7D,0xEF,0x7D,0xEF,0x7D,0xEF,0x7D,0xEF,
  0x7D,0xEF,0x7D,0xEF,0x7D,0xEF,0x7D,0xEF,0x7D,0xEF,0x7D,0xEF,0x7D,0xF7,0x7E,0xEF,0x7E,0xEF,0x9D,0xF7,0x1E,0xE7,0x93,0x52,
  0x71,0x21,0x92,0x29,0x92,0x29,0x92,0x29,0x92,0x29,0x92,0x29,0x72,0x29,0xF1,0x39,0x7D,0xCE,0xBE,0xF7,0x7D,0xEF,0x9E,0xF7,
  0x7D,0xEF,0xBF,0xF7,0x5D,0xC6,0xB0,0x31,0x92,0x29,0x92,0x29,0x91,0x29,0x92,0x29,0x92,0x29,0x92,0x29,0x50,0x21,0x75,0x6B,
  0x9F,0xF7,0x7D,0xEF,0x7D,0xEF,0xDF,0xFF,0x36,0x84,0x30,0x21,0xB3,0x31,0x92,0x29,0x92,0x31,0x92,0x29,0x92,0x29,0xB2,0x31,
  0x30,0x21,0x54,0x63,0x9F,0xEF,0x7E,0xF7,0x5D,0xF7,0x7D,0xF7,0x3C,0xEF,0xDF,0xFF,0x3A,0xA5,0x6F,0x29,0x92,0x29,0x92,0x29,
  0x92,0x29,0x72,0x29,0x92,0x31,0x30,0x21,0x75,0x73,0x9F,0xF7,0x7D,0xEF,0x9F,0xEF,0x54,0x63,0x30,0x21,0x93,0x31,0x92,0x29,
  0x92,0x29,0x92,0x29,0xB0,0x31,0x5D,0xCE,0x9D,0xF7,0xBF,0xF7,0xFB,0xBD,0xB0,0x31,0x92,0x29,0x92,0x29,0x92,0x29,0x92,0x31,
  0x92,0x29,0x92,0x29,0x71,0x29,0x10,0x3A,0x9D,0xD6,0xBF,0xF7,0x9E,0xF7,0xBD,0xD6,0x11,0x3A,0x92,0x29,0x92,0x29,0x92,0x31,
  0x92,0x29,0x92,0x29,0x92,0x31,0x52,0x29,0x72,0x42,0x1E,0xE7,0x9E,0xF7,0x7D,0xEF,0x7F,0xEF,0x95,0x73,0x31,0x29,0x93,0x31,
  0x92,0x29,0x72,0x29,0x92,0x29,0x92,0x29,0xB2,0x31,0x50,0x29,0xF8,0x9C,0xDF,0xFF,0x5E,0xEF,0x7E,0xF7,0x5C,0xEF,0x9E,0xF7,
  0xFE,0xDE,0x11,0x42,0x72,0x29,0x92,0x29,0x92,0x29,0x92,0x29,0x92,0x29,0x50,0x21,0x95,0x73,0xBF,0xF7,0x7D,0xEF,0x7D,0xEF,
  0x7E,0xEF,0x7D,0xEF,0x9E,0xEF,0x7E,0xEF,0x5D,0xEF,0xFF,0xFF,0x18,0xA5,0x0F,0x21,0xB2,0x31,0x92,0x29,0x92,0x29,0x92,0x29,
  0x92,0x29,0x93,0x31,0x10,0x21,0xF6,0x7B,0xFF,0xFF,0x7D,0xEF,0x7D,0xEF,0x7D,0xEF,0x7D,0xEF,0x7D,0xEF,0x7D,0xEF,0x7D,0xEF,
  0x7D,0xEF,0x7D,0xEF,0xBF,0xF7,0x57,0x8C,0x30,0x21,0xB2,0x29,0x92,0x29,0x92,0x29,0x92,0x29,0x92,0x29,0x92,0x29,0x50,0x21,
  0xF7,0x9C,0xFF,0xFF,0xDD,0xF7,0xDE,0xFF,0xDE,0xFF,0xDE,0xFF,0xDE,0xFF,0xBE,0xFF,0xDE,0xFF,0xDE,0xFF,0xDE,0xFF,0xDE,0xF7,
  0xDF,0xFF,0x9E,0xF7,0x9D,0xF7,0x7E,0xEF,0x7E,0xEF,0x7D,0xEF,0x9D,0xEF,0x7D,0xEF,0x7D,0xEF,0x7D,0xEF,0x7D,0xEF,0x7D,0xEF,
  0x7D,0xEF,0x7D,0xEF,0x7D,0xEF,0x7D,0xEF,0x7D,0xEF,0x7D,0xEF,0x7D,0xEF,0x7D,0xEF,0x7D,0xEF,0x7D,0xEF,0x7D,0xEF,0x7D,0xEF,
  0x7D,0xEF,0x7D,0xEF,0x7D,0xEF,0x7D,0xEF,0x7D,0xEF,0x7D,0xEF,0x7D,0xEF,0x7D,0xEF,0x7D,0xEF,0x7D,0xEF,0x7D,0xEF,0x7D,0xEF,
  0x7D,0xEF,0x7D,0xEF,0x7D,0xEF,0x7D,0xEF,0x7D,0xEF,0x7D,0xEF,0x7D,0xEF,0x7D,0xEF,0x7D,0xEF,0x7D,0xEF,0x7D,0xEF,0x7D,0xEF,
  0x7D,0xEF,0x7D,0xEF,0x7D,0xEF,0x7D,0xEF,0x7D,0xEF,0x7D,0xEF,0x7D,0xEF,0x7D,0xEF,0x7D,0xEF,0x7D,0xEF,0x7D,0xEF,0x7D,0xEF,
  0x7D,0xEF,0x7D,0xEF,0x7D,0xEF,0x7D,0xEF,0x7D,0xEF,0x7D,0xEF,0x7D,0xF7,0x7E,0xEF,0x7E,0xEF,0x9D,0xF7,0x1E,0xE7,0x93,0x52,
  0x71,0x21,0x92,0x29,0x92,0x29,0x92,0x29,0x92,0x29,0x92,0x29,0x72,0x29,0xF1,0x39,0x7D,0xCE,0xBE,0xF7,0x7D,0xEF,0x9E,0xF7,
  0x7D,0xEF,0xBF,0xF7,0x5D,0xC6,0xB0,0x31,0x92,0x29,0x92,0x29,0x91,0x29,0x92,0x29,0x92,0x29,0x92,0x29,0x50,0x21,0x75,0x6B,
  0x9F,0xF7,0x7D,0xEF,0x7D,0xEF,0xBE,0xF7,0x3C,0xC6,0x90,0x31,0x72,0x29,0x72,0x29,0x92,0x31,0x91,0x29,0x91,0x29,0xB2,0x31,
  0x72,0x29,0x6F,0x29,0x39,0xAD,0xFF,0xFF,0xDD,0xFF,0xDD,0xFF,0xFF,0xFF,0x1F,0xE7,0xD3,0x52,0x50,0x29,0x92,0x29,0x92,0x29,
  0x92,0x29,0x92,0x31,0x93,0x31,0x2F,0x21,0x3A,0xA5,0xFF,0xFF,0x5D,0xEF,0x9F,0xF7,0x54,0x63,0x30,0x21,0x93,0x31,0x92,0x29,
  0x92,0x29,0x92,0x29,0xB0,0x31,0x5D,0xCE,0xBE,0xF7,0x7E,0xEF,0x1E,0xDF,0x52,0x42,0x51,0x29,0xB2,0x31,0x92,0x29,0x92,0x31,
  0x92,0x29,0x92,0x31,0x30,0x21,0x34,0x63,0x7F,0xEF,0x9E,0xF7,0xBF,0xF7,0xBD,0xD6,0x11,0x3A,0x92,0x29,0x92,0x29,0x92,0x31,
  0x92,0x29,0x92,0x29,0x92,0x31,0x52,0x29,0x72,0x4A,0x1E,0xDF,0x9E,0xF7,0x7D,0xEF,0xDF,0xFF,0x77,0x94,0x0F,0x21,0xB3,0x31,
  0x92,0x29,0x92,0x29,0x92,0x29,0x92,0x29,0x93,0x29,0x52,0x29,0x92,0x4A,0xFE,0xDE,0xFF,0xFF,0xBD,0xF7,0xDD,0xFF,0xDF,0xFF,
  0x77,0x8C,0x4F,0x29,0xB2,0x31,0x72,0x29,0x72,0x29,0xB2,0x31,0x92,0x29,0x2F,0x21,0xB8,0x94,0xFF,0xFF,0x7D,0xEF,0x9D,0xEF,
  0x7E,0xEF,0x7D,0xEF,0x9E,0xEF,0x7E,0xEF,0x5D,0xEF,0xFF,0xFF,0x18,0xA5,0x0F,0x21,0xB2,0x31,0x92,0x29,0x92,0x29,0x92,0x29,
  0x92,0x29,0x93,0x31,0x10,0x21,0xF6,0x7B,0xFF,0xFF,0x7D,0xEF,0x7D,0xEF,0x7D,0xEF,0x7D,0xEF,0x7D,0xEF,0x7D,0xEF,0x7D,0xEF,
  0x7D,0xEF,0x7D,0xEF,0xBF,0xF7,0x57,0x8C,0x30,0x21,0xB2,0x29,0x92,0x29,0x92,0x29,0x92,0x29,0x92,0x29,0x92,0x29,0x71,0x29,
  0xB6,0x73,0xDB,0xBD,0x9A,0xB5,0x9A,0xB5,0x7A,0xAD,0x9A,0xB5,0x9A,0xB5,0x9A,0xB5,0x9A,0xB5,0x9A,0xB5,0x9A,0xAD,0x9B,0xB5,
  0x59,0xAD,0x7C,0xCE,0xBF,0xF7,0x7D,0xEF,0x7E,0xEF,0x7E,0xEF,0x9D,0xEF,0x7D,0xEF,0x7D,0xEF,0x7D,0xEF,0x7D,0xEF,0x7D,0xEF,
  0x7D,0xEF,0x7D,0xEF,0x7D,0xEF,0x7D,0xEF,0x7D,0xEF,0x7D,0xEF,0x7D,0xEF,0x7D,0xEF,0x7D,0xEF,0x7D,0xEF,0x7D,0xEF,0x7D,0xEF,
  0x7D,0xEF,0x7D,0xEF,0x7D,0xEF,0x7D,0xEF,0x7D,0xEF,0x7D,0xEF,0x7D,0xEF,0x7D,0xEF,0x7D,0xEF,0x7D,0xEF,0x7D,0xEF,0x7D,0xEF,
  0x7D,0xEF,0x7D,0xEF,0x7D,0xEF,0x7D,0xEF,0x7D,0xEF,0x7D,0xEF,0x7D,0xEF,0x7D,0xEF,0x7D,0xEF,0x7D,0xEF,0x7D,0xEF,0x7D,0xEF,
  0x7D,0xEF,0x7D,0xEF,0x7D,0xEF,0x7D,0xEF,0x7D,0xEF,0x7D,0xEF,0x7D,0xEF,0x7D,0xEF,0x7D,0xEF,0x7D,0xEF,0x7D,0xEF,0x7D,0xEF,
  0x7D,0xEF,0x7D,0xEF,0x7D,0xEF,0x7D,0xEF,0x7D,0xEF,0x7D,0xEF,0x7D,0xF7,0x7E,0xEF,0x7E,0xEF,0x9D,0xF7,0x1E,0xE7,0x93,0x52,
  0x71,0x21,0x92,0x29,0x92,0x29,0x92,0x29,0x92,0x29,0x92,0x29,0x72,0x29,0xF1,0x39,0x7D,0xCE,0xBE,0xF7,0x7D,0xEF,0x9E,0xF7,
  0x7D,0xEF,0xBF,0xF7,0x5D,0xC6,0xB0,0x31,0x92,0x29,0x92,0x29,0x91,0x29,0x92,0x29,0x92,0x29,0x92,0x29,0x50,0x21,0x75,0x6B,
  0x9F,0xF7,0x7D,0xEF,0x9E,0xF7,0x7D,0xEF,0x7F,0xEF,0x75,0x6B,0x30,0x21,0x92,0x31,0x92,0x29,0x91,0x29,0x92,0x29,0x92,0x29,
  0x93,0x29,0x51,0x29,0xD1,0x39,0x57,0x8C,0xDB,0xBD,0x3C,0xC6,0x5B,0xAD,0xF4,0x5A,0x50,0x21,0x92,0x29,0x72,0x29,0x92,0x29,
  0x92,0x29,0x92,0x29,0x72,0x29,0x51,0x42,0xDD,0xD6,0xBE,0xF7,0x5D,0xEF,0x9F,0xEF,0x54,0x63,0x31,0x21,0x93,0x31,0x92,0x29,
  0x91,0x29,0x92,0x29,0xB0,0x31,0x5D,0xCE,0xBE,0xF7,0x7D,0xEF,0xBF,0xF7,0x35,0x63,0x51,0x29,0x92,0x31,0x92,0x29,0x92,0x31,
  0x92,0x29,0x92,0x31,0x4F,0x21,0x98,0x8C,0xDF,0xFF,0x7C,0xEF,0xBF,0xFF,0xBD,0xD6,0x11,0x3A,0x92,0x29,0x92,0x29,0x92,0x31,
  0x92,0x29,0x92,0x29,0x92,0x31,0x52,0x29,0x72,0x42,0x1D,0xE7,0x9F,0xF7,0x7D,0xEF,0xDF,0xFF,0xFB,0xBD,0x90,0x31,0x92,0x29,
  0x92,0x29,0xB2,0x31,0x71,0x29,0x92,0x29,0x92,0x29,0x93,0x29,0x50,0x21,0xB2,0x52,0x39,0xA5,0x9D,0xCE,0x3C,0xBE,0x17,0x84,
  0x90,0x29,0x91,0x29,0x91,0x29,0x92,0x31,0x71,0x29,0x92,0x29,0x72,0x29,0x90,0x31,0x1C,0xC6,0xBE,0xF7,0x7D,0xEF,0x9D,0xEF,
  0x7E,0xEF,0x7D,0xEF,0x9E,0xEF,0x7E,0xEF,0x5D,0xEF,0xFF,0xFF,0x18,0xA5,0x0F,0x21,0xB2,0x31,0x92,0x29,0x92,0x29,0x92,0x29,
  0x92,0x29,0x93,0x31,0x10,0x21,0xF6,0x7B,0xFF,0xFF,0x7D,0xEF,0x7D,0xEF,0x7D,0xEF,0x7D,0xEF,0x7D,0xEF,0x7D,0xEF,0x7D,0xEF,
  0x7D,0xEF,0x7D,0xEF,0xBF,0xF7,0x57,0x8C,0x30,0x21,0xB2,0x29,0x92,0x29,0x92,0x29,0x92,0x29,0x92,0x29,0x92,0x29,0x72,0x29,
  0x72,0x31,0x92,0x31,0x51,0x29,0x72,0x31,0x71,0x29,0x71,0x29,0x72,0x29,0x72,0x29,0x71,0x29,0x91,0x29,0x72,0x29,0x72,0x29,
  0x4F,0x29,0x77,0x8C,0x9F,0xF7,0x7D,0xEF,0x7D,0xEF,0x7D,0xEF,0x9D,0xEF,0x7D,0xEF,0x7D,0xEF,0x7D,0xEF,0x7D,0xEF,0x7D,0xEF,
  0x7D,0xEF,0x7D,0xEF,0x7D,0xEF,0x7D,0xEF,0x7D,0xEF,0x7D,0xEF,0x7D,0xEF,0x7D,0xEF,0x7D,0xEF,0x7D,0xEF,0x7D,0xEF,0x7D,0xEF,
  0x7D,0xEF,0x7D,0xEF,0x7D,0xEF,0x7D,0xEF,0x7D,0xEF,0x7D,0xEF,0x7D,0xEF,0x7D,0xEF,0x7D,0xEF,0x7D,0xEF,0x7D,0xEF,0x7D,0xEF,
  0x7D,0xEF,0x7D,0xEF,0x7D,0xEF,0x7D,0xEF,0x7D,0xEF,0x7D,0xEF,0x7D,0xEF,0x7D,0xEF,0x7D,0xEF,0x7D,0xEF,0x7D,0xEF,0x7D,0xEF,
  0x7D,0xEF,0x7D,0xEF,0x7D,0xEF,0x7D,0xEF,0x7D,0xEF,0x7D,0xEF,0x7D,0xEF,0x7D,0xEF,0x7D,0xEF,0x7D,0xEF,0x7D,0xEF,0x7D,0xEF,
  0x7D,0xEF,0x7D,0xEF,0x7D,0xEF,0x7D,0xEF,0x7D,0xEF,0x7D,0xEF,0x7D,0xF7,0x7E,0xEF,0x7E,0xEF,0x9D,0xF7,0x3E,0xE7,0x93,0x52,
  0x71,0x21,0x92,0x29,0x92,0x29,0x92,0x29,0x92,0x29,0x92,0x29,0x71,0x29,0xF1,0x39,0x7D,0xCE,0xBE,0xF7,0x7D,0xEF,0x9E,0xEF,
  0x7D,0xEF,0xBF,0xF7,0x5D,0xCE,0xB0,0x31,0x92,0x29,0x92,0x29,0x91,0x29,0x92,0x29,0x92,0x29,0x92,0x29,0x50,0x21,0x75,0x6B,
  0x9F,0xF7,0x7E,0xF7,0x7E,0xF7,0x5C,0xEF,0xFF,0xFF,0xFB,0xBD,0xB0,0x31,0x91,0x29,0x92,0x29,0x72,0x29,0x72,0x29,0x92,0x31,
  0x92,0x29,0x92,0x29,0x72,0x29,0x11,0x21,0x92,0x31,0xB2,0x31,0x51,0x29,0x51,0x21,0x92,0x29,0x92,0x29,0x92,0x31,0x92,0x31,
  0x92,0x29,0xB3,0x29,0x30,0x21,0x57,0x84,0xFF,0xF7,0x7D,0xEF,0x9E,0xF7,0x9F,0xEF,0x54,0x6B,0x31,0x21,0x93,0x31,0x92,0x29,
  0xB2,0x29,0x92,0x29,0xB0,0x31,0x5D,0xCE,0x9E,0xF7,0x7D,0xEF,0xDF,0xFF,0x37,0x84,0x50,0x29,0x92,0x31,0x92,0x29,0x91,0x31,
  0x92,0x29,0x92,0x29,0x90,0x29,0xBB,0xB5,0xFF,0xFF,0x5C,0xEF,0xBF,0xF7,0xBD,0xD6,0xF1,0x39,0x92,0x29,0x92,0x29,0x92,0x31,
  0x92,0x29,0x92,0x29,0x92,0x31,0x51,0x29,0x72,0x4A,0x3D,0xE7,0x9E,0xF7,0x7D,0xEF,0x9D,0xEF,0x5F,0xE7,0xD3,0x5A,0x30,0x21,
  0x92,0x29,0x91,0x29,0x92,0x29,0x72,0x29,0x92,0x29,0x92,0x29,0x92,0x29,0x31,0x21,0x71,0x29,0xD2,0x31,0x92,0x31,0x31,0x21,
  0x93,0x29,0x92,0x29,0x71,0x29,0x72,0x29,0x92,0x31,0xB2,0x31,0x71,0x29,0xD3,0x5A,0x7F,0xF7,0x9D,0xF7,0x7D,0xEF,0x7D,0xEF,
  0x7E,0xEF,0x7D,0xEF,0x7E,0xEF,0x7E,0xEF,0x5D,0xEF,0xFF,0xFF,0x18,0xA5,0x0E,0x21,0xB2,0x31,0x92,0x29,0x92,0x29,0x92,0x29,
  0x92,0x29,0x93,0x31,0x10,0x21,0xF6,0x7B,0xFF,0xFF,0x7D,0xEF,0x7D,0xEF,0x7D,0xEF,0x7D,0xEF,0x7D,0xEF,0x7D,0xEF,0x7D,0xEF,
  0x7D,0xEF,0x7D,0xEF,0xBF,0xF7,0x57,0x8C,0x10,0x21,0x92,0x29,0x92,0x29,0x92,0x29,0x92,0x29,0x92,0x29,0x92,0x29,0x92,0x29,
  0x92,0x29,0x91,0x29,0xB2,0x31,0x92,0x29,0xB2,0x29,0xB1,0x29,0x92,0x29,0x92,0x29,0x92,0x31,0xB1,0x29,0x92,0x29,0xB3,0x29,
  0x50,0x21,0x77,0x8C,0xDF,0xF7,0x7D,0xEF,0x9D,0xEF,0x7D,0xEF,0x7D,0xEF,0x7D,0xEF,0x7D,0xEF,0x7D,0xEF,0x7D,0xEF,0x7D,0xEF,
  0x7D,0xEF,0x7D,0xEF,0x7D,0xEF,0x7D,0xEF,0x7D,0xEF,0x7D,0xEF,0x7D,0xEF,0x7D,0xEF,0x7D,0xEF,0x7D,0xEF,0x7D,0xEF,0x7D,0xEF,
  0x7D,0xEF,0x7D,0xEF,0x7D,0xEF,0x7D,0xEF,0x7D,0xEF,0x7D,0xEF,0x7D,0xEF,0x7D,0xEF,0x7D,0xEF,0x7D,0xEF,0x7D,0xEF,0x7D,0xEF,
  0x7D,0xEF,0x7D,0xEF,0x7D,0xEF,0x7D,0xEF,0x7D,0xEF,0x7D,0xEF,0x7D,0xEF,0x7D,0xEF,0x7D,0xEF,0x7D,0xEF,0x7D,0xEF,0x7D,0xEF,
  0x7D,0xEF,0x7D,0xEF,0x7D,0xEF,0x7D,0xEF,0x7D,0xEF,0x7D,0xEF,0x7D,0xEF,0x7D,0xEF,0x7D,0xEF,0x7D,0xEF,0x7D,0xEF,0x7D,0xEF,
  0x7D,0xEF,0x7D,0xEF,0x7D,0xEF,0x7D,0xEF,0x7D,0xEF,0x7D,0xF7,0x7E,0xEF,0x9D,0xEF,0x7D,0xEF,0x9E,0xF7,0x3E,0xE7,0x93,0x52,
  0x70,0x29,0x92,0x29,0x92,0x29,0x92,0x29,0x92,0x29,0x92,0x29,0x71,0x29,0xF1,0x39,0x7D,0xCE,0xBE,0xF7,0x7D,0xEF,0x9D,0xEF,
  0x7D,0xEF,0xBF,0xF7,0x5D,0xCE,0xB0,0x31,0x92,0x31,0x92,0x29,0x92,0x29,0x92,0x29,0x92,0x29,0xB2,0x31,0x50,0x21,0x75,0x6B,
  0x9F,0xEF,0x7D,0xEF,0x7D,0xEF,0x9D,0xF7,0x9E,0xEF,0xDF,0xF7,0x77,0x8C,0x50,0x21,0xB3,0x31,0x91,0x29,0xB2,0x29,0x92,0x29,
  0x92,0x29,0x72,0x29,0x92,0x31,0x92,0x31,0x72,0x31,0x72,0x29,0x92,0x31,0x92,0x31,0x72,0x29,0x92,0x31,0x91,0x29,0x91,0x29,
  0xB2,0x31,0x51,0x21,0xB3,0x52,0x3F,0xE7,0xBE,0xEF,0x7D,0xEF,0x7E,0xEF,0x7F,0xEF,0x53,0x63,0x31,0x21,0x93,0x31,0x92,0x31,
  0x91,0x29,0x72,0x29,0xB0,0x31,0x5D,0xCE,0x9E,0xF7,0x7D,0xEF,0xDF,0xFF,0xBB,0xB5,0x4E,0x21,0x93,0x31,0x72,0x29,0x91,0x29,
  0x92,0x29,0x72,0x29,0x10,0x3A,0xDE,0xDE,0xBE,0xF7,0x5D,0xEF,0xBF,0xF7,0xBD,0xD6,0x10,0x3A,0x92,0x29,0x72,0x29,0x71,0x29,
  0x92,0x29,0x92,0x29,0x92,0x31,0x52,0x29,0x52,0x4A,0x1E,0xE7,0x9D,0xF7,0x9D,0xEF,0x7E,0xEF,0xDF,0xFF,0x59,0xA5,0x4F,0x29,
  0x93,0x31,0x92,0x29,0x91,0x29,0xB2,0x31,0x92,0x29,0x92,0x29,0x92,0x31,0xB2,0x31,0x92,0x29,0x71,0x29,0x92,0x29,0x92,0x31,
  0x92,0x31,0x92,0x29,0xB2,0x29,0x92,0x29,0x93,0x29,0x72,0x29,0x6F,0x29,0xBB,0xB5,0xDF,0xF7,0x7D,0xEF,0x7D,0xF7,0x7D,0xEF,
  0x7E,0xEF,0x7D,0xEF,0x7E,0xF7,0x9E,0xF7,0x5D,0xEF,0xDF,0xF7,0x18,0xA5,0x0F,0x21,0xB2,0x31,0x92,0x29,0x92,0x29,0x92,0x29,
  0x92,0x29,0xB2,0x31,0x10,0x21,0xD6,0x7B,0xFF,0xFF,0x7D,0xEF,0x7D,0xEF,0x7D,0xEF,0x7D,0xEF,0x7D,0xEF,0x7D,0xEF,0x7D,0xEF,
  0x7D,0xEF,0x7D,0xEF,0xBF,0xF7,0x77,0x8C,0x30,0x21,0xB2,0x31,0x92,0x31,0x92,0x29,0x92,0x29,0x92,0x29,0x92,0x29,0x92,0x29,
  0x92,0x29,0x92,0x29,0x92,0x29,0x92,0x29,0x92,0x29,0x92,0x29,0x92,0x29,0x92,0x29,0x92,0x29,0x92,0x29,0x91,0x29,0xB2,0x31,
  0x50,0x21,0x97,0x8C,0xBF,0xF7,0x7D,0xEF,0x7E,0xEF,0x9D,0xEF,0x7D,0xEF,0x7D,0xEF,0x7D,0xEF,0x7D,0xEF,0x7D,0xEF,0x7D,0xEF,
  0x7D,0xEF,0x7D,0xEF,0x7D,0xEF,0x7D,0xEF,0x7D,0xEF,0x7D,0xEF,0x7D,0xEF,0x7D,0xEF,0x7D,0xEF,0x7D,0xEF,0x7D,0xEF,0x7D,0xEF,
  0x7D,0xEF,0x7D,0xEF,0x7D,0xEF,0x7D,0xEF,0x7D,0xEF,0x7D,0xEF,0x7D,0xEF,0x7D,0xEF,0x7D,0xEF,0x7D,0xEF,0x7D,0xEF,0x7D,0xEF,
  0x7D,0xEF,0x7D,0xEF,0x7D,0xEF,0x7D,0xEF,0x7D,0xEF,0x7D,0xEF,0x7D,0xEF,0x7D,0xEF,0x7D,0xEF,0x7D,0xEF,0x7D,0xEF,0x7D,0xEF,
  0x7D,0xEF,0x7D,0xEF,0x7D,0xEF,0x7D,0xEF,0x7D,0xEF,0x7D,0xEF,0x7D,0xEF,0x7D,0xEF,0x7D,0xEF,0x7D,0xEF,0x7D,0xEF,0x7D,0xEF,
  0x7D,0xEF,0x7D,0xEF,0x7D,0xEF,0x7D,0xEF,0x7E,0xEF,0x7E,0xF7,0x7E,0xEF,0x9D,0xEF,0x7D,0xEF,0x9D,0xF7,0x1E,0xE7,0xB3,0x52,
  0x70,0x29,0x92,0x29,0x92,0x29,0x92,0x29,0x92,0x29,0x92,0x29,0x72,0x29,0xF1,0x39,0x7D,0xCE,0x9E,0xF7,0x7D,0xEF,0x9D,0xEF,
  0x7D,0xEF,0xBF,0xF7,0x5D,0xC6,0xB0,0x31,0x92,0x31,0x92,0x29,0x92,0x29,0x92,0x29,0x92,0x29,0x92,0x31,0x51,0x29,0x96,0x73,
  0x9F,0xF7,0x7E,0xEF,0x5E,0xEF,0x7D,0xEF,0x7D,0xEF,0xDD,0xF7,0x9F,0xEF,0xB6,0x73,0x50,0x21,0x92,0x29,0x92,0x29,0x92,0x29,
  0x91,0x29,0x91,0x29,0x92,0x29,0x71,0x29,0xB2,0x31,0x92,0x31,0x72,0x29,0x92,0x29,0x92,0x29,0x92,0x29,0xB3,0x29,0xD3,0x31,
  0x2F,0x21,0x32,0x42,0x3C,0xC6,0xFE,0xF7,0x7C,0xEF,0x9D,0xEF,0x7E,0xEF,0x9F,0xEF,0x33,0x63,0x30,0x21,0xB3,0x31,0x92,0x29,
  0x71,0x29,0x91,0x29,0xD0,0x31,0x5D,0xCE,0xBE,0xF7,0x9D,0xF7,0xBF,0xF7,0x7D,0xCE,0xD1,0x39,0x72,0x29,0x92,0x31,0x91,0x29,
  0xB3,0x31,0x51,0x29,0x34,0x63,0x7F,0xEF,0x9D,0xF7,0x7D,0xEF,0xBF,0xF7,0xBD,0xD6,0xF0,0x39,0x92,0x29,0xB2,0x31,0x71,0x29,
  0x92,0x29,0x91,0x29,0x92,0x31,0x51,0x29,0x52,0x4A,0x1E,0xE7,0x9D,0xF7,0x7E,0xEF,0x7D,0xEF,0x9D,0xEF,0x7F,0xEF,0xD5,0x7B,
  0x0E,0x21,0x93,0x31,0x92,0x31,0x92,0x29,0x92,0x29,0x92,0x29,0x92,0x29,0x92,0x29,0x92,0x29,0x92,0x29,0x92,0x29,0x91,0x29,
  0x91,0x29,0xB2,0x31,0x71,0x29,0xB2,0x29,0x92,0x29,0x2F,0x21,0x36,0x84,0xDF,0xF7,0x7D,0xEF,0x7D,0xEF,0x9D,0xF7,0x7D,0xEF,
  0x7E,0xEF,0x7D,0xEF,0x7E,0xF7,0x7E,0xEF,0x5D,0xEF,0xFF,0xFF,0x18,0xA5,0x0E,0x21,0xB2,0x31,0x92,0x29,0x92,0x29,0x92,0x29,
  0x92,0x29,0xB3,0x31,0x10,0x21,0xD5,0x7B,0xFF,0xFF,0x7D,0xEF,0x7D,0xEF,0x7D,0xEF,0x7D,0xEF,0x7D,0xEF,0x7D,0xEF,0x7D,0xEF,
  0x7D,0xEF,0x7D,0xEF,0xBF,0xF7,0x56,0x8C,0x30,0x21,0xB3,0x31,0x91,0x29,0x92,0x29,0x92,0x29,0x92,0x29,0x92,0x29,0x92,0x29,
  0x92,0x29,0x92,0x29,0x92,0x29,0x92,0x29,0x92,0x29,0x92,0x29,0x92,0x29,0x92,0x29,0x92,0x29,0x91,0x29,0x91,0x29,0xB2,0x31,
  0x4F,0x21,0x77,0x8C,0xBF,0xF7,0x7D,0xEF,0x7E,0xEF,0x7E,0xEF,0x7E,0xEF,0x7E,0xEF,0x7D,0xEF,0x7D,0xEF,0x7D,0xEF,0x7D,0xEF,
  0x7D,0xEF,0x7D,0xEF,0x7D,0xEF,0x7D,0xEF,0x7D,0xEF,0x7D,0xEF,0x7D,0xEF,0x7D,0xEF,0x7D,0xEF,0x7D,0xEF,0x7D,0xEF,0x7D,0xEF,
  0x7D,0xEF,0x7D,0xEF,0x7D,0xEF,0x7D,0xEF,0x7D,0xEF,0x7D,0xEF,0x7D,0xEF,0x7D,0xEF,0x7D,0xEF,0x7D,0xEF,0x7D,0xEF,0x7D,0xEF,
  0x7D,0xEF,0x7D,0xEF,0x7D,0xEF,0x7D,0xEF,0x7D,0xEF,0x7D,0xEF,0x7D,0xEF,0x7D,0xEF,0x7D,0xEF,0x7D,0xEF,0x7D,0xEF,0x7D,0xEF,
  0x7D,0xEF,0x7D,0xEF,0x7D,0xEF,0x7D,0xEF,0x7D,0xEF,0x7D,0xEF,0x7D,0xEF,0x7D,0xEF,0x7D,0xEF,0x7D,0xEF,0x7D,0xEF,0x7D,0xEF,
  0x7D,0xEF,0x7D,0xEF,0x7D,0xEF,0x7D,0xEF,0x7D,0xEF,0x7D,0xF7,0x7D,0xEF,0x9D,0xEF,0x7D,0xEF,0x9E,0xF7,0x1E,0xE7,0x93,0x52,
  0x71,0x29,0x93,0x31,0xB2,0x31,0x92,0x31,0x92,0x31,0xB2,0x31,0x72,0x29,0xF1,0x39,0x5D,0xCE,0x9E,0xF7,0x7D,0xEF,0x9D,0xEF,
  0x7D,0xEF,0xBE,0xF7,0x7D,0xCE,0xD0,0x39,0x72,0x29,0x92,0x31,0x92,0x31,0x92,0x31,0x92,0x31,0x92,0x31,0x50,0x21,0x95,0x73,
  0x9E,0xEF,0x7E,0xEF,0x7E,0xF7,0x9D,0xF7,0x7D,0xEF,0x7D,0xEF,0xBE,0xF7,0x7F,0xEF,0x57,0x84,0x2F,0x29,0x52,0x29,0x73,0x29,
  0x71,0x29,0xB1,0x29,0xB2,0x31,0x92,0x29,0xB2,0x31,0x92,0x31,0x92,0x31,0xB2,0x31,0x91,0x29,0x92,0x29,0x73,0x29,0x31,0x21,
  0x72,0x52,0x3C,0xC6,0xDF,0xFF,0x7D,0xEF,0x9D,0xEF,0x9E,0xF7,0x7E,0xEF,0x9F,0xF7,0x54,0x6B,0x51,0x29,0xB3,0x31,0x93,0x31,
  0x92,0x31,0x92,0x29,0xB0,0x31,0x5D,0xCE,0x9E,0xF7,0x7D,0xEF,0x7E,0xF7,0x3F,0xEF,0xB3,0x5A,0x51,0x29,0xB2,0x31,0x92,0x31,
  0xB3,0x31,0x2F,0x21,0x97,0x94,0xDF,0xFF,0x7C,0xEF,0x9D,0xF7,0xBE,0xF7,0x9D,0xD6,0xF1,0x39,0x72,0x29,0x92,0x31,0x92,0x31,
  0x92,0x31,0x92,0x31,0x92,0x31,0x72,0x29,0x72,0x4A,0x1D,0xE7,0x9D,0xF7,0x7E,0xEF,0x7E,0xEF,0x5C,0xEF,0xDF,0xFF,0x1F,0xE7,
  0x75,0x73,0x30,0x29,0x32,0x29,0x73,0x29,0x93,0x31,0x92,0x31,0x92,0x29,0x92,0x29,0x92,0x29,0x92,0x29,0x92,0x29,0x92,0x31,
  0xB2,0x31,0x72,0x29,0xB3,0x31,0x51,0x21,0x70,0x29,0x37,0x84,0x9F,0xEF,0x9D,0xEF,0x7D,0xEF,0x9E,0xF7,0x7D,0xEF,0x7D,0xEF,
  0x7E,0xEF,0x7D,0xEF,0x7E,0xEF,0x7E,0xEF,0x7D,0xEF,0xFF,0xFF,0x18,0xA5,0x2F,0x21,0xB2,0x31,0x92,0x31,0x92,0x31,0x92,0x31,
  0x92,0x31,0xB3,0x31,0x31,0x21,0xF6,0x83,0xFF,0xFF,0x7D,0xEF,0x7D,0xEF,0x7D,0xEF,0x7D,0xEF,0x7D,0xEF,0x7D,0xEF,0x7D,0xEF,
  0x7D,0xEF,0x7D,0xEF,0xBF,0xF7,0x57,0x8C,0x30,0x21,0xB3,0x31,0x92,0x31,0x92,0x31,0x92,0x31,0x92,0x31,0x92,0x31,0x92,0x31,
  0x92,0x31,0x92,0x31,0x92,0x31,0x92,0x31,0x92,0x31,0x92,0x31,0x92,0x31,0x92,0x31,0x92,0x31,0x92,0x31,0x92,0x31,0x93,0x31,
  0x50,0x21,0x98,0x94,0xBF,0xF7,0x7E,0xEF,0x7E,0xEF,0x9D,0xEF,0x7D,0xEF,0x7D,0xEF,0x7D,0xEF,0x7D,0xEF,0x7D,0xEF,0x7D,0xEF,
  0x7D,0xEF,0x7D,0xEF,0x7D,0xEF,0x7D,0xEF,0x7D,0xEF,0x7D,0xEF,0x7D,0xEF,0x7D,0xEF,0x7D,0xEF,0x7D,0xEF,0x7D,0xEF,0x7D,0xEF,
  0x7D,0xEF,0x7D,0xEF,0x7D,0xEF,0x7D,0xEF,0x7D,0xEF,0x7D,0xEF,0x7D,0xEF,0x7D,0xEF,0x7D,0xEF,0x7D,0xEF,0x7D,0xEF,0x7D,0xEF,
  0x7D,0xEF,0x7D,0xEF,0x7D,0xEF,0x7D,0xEF,0x7D,0xEF,0x7D,0xEF,0x7D,0xEF,0x7D,0xEF,0x7D,0xEF,0x7D,0xEF,0x7D,0xEF,0x7D,0xEF,
  0x7D,0xEF,0x7D,0xEF,0x7D,0xEF,0x7D,0xEF,0x7D,0xEF,0x7D,0xEF,0x7D,0xEF,0x7D,0xEF,0x7D,0xEF,0x7D,0xEF,0x7D,0xEF,0x7D,0xEF,
  0x7D,0xEF,0x7D,0xEF,0x7D,0xEF,0x7D,0xEF,0x7D,0xEF,0x7D,0xF7,0x7D,0xEF,0x9D,0xEF,0x7E,0xEF,0x9D,0xF7,0x1E,0xDF,0x53,0x4A,
  0x30,0x21,0x51,0x21,0x52,0x21,0x32,0x21,0x32,0x21,0x51,0x21,0x31,0x21,0xF1,0x39,0xBD,0xD6,0x9E,0xF7,0x5D,0xEF,0x9E,0xF7,
  0x9E,0xF7,0xBF,0xF7,0x5D,0xC6,0x6F,0x29,0x31,0x21,0x51,0x21,0x51,0x21,0x32,0x21,0x32,0x29,0x52,0x29,0x0F,0x21,0x74,0x6B,
  0x7E,0xEF,0x7E,0xEF,0x9D,0xF7,0x7D,0xF7,0x7E,0xEF,0x9E,0xF7,0x5D,0xEF,0x7D,0xEF,0x9F,0xF7,0xDB,0xBD,0x14,0x63,0x91,0x31,
  0x31,0x29,0x11,0x21,0x72,0x29,0x72,0x29,0x71,0x29,0x72,0x29,0x72,0x29,0x51,0x21,0x11,0x21,0x51,0x29,0xF1,0x41,0x36,0x84,
  0x1E,0xE7,0xBE,0xF7,0x5D,0xEF,0x7E,0xF7,0x7E,0xEF,0x7D,0xEF,0x7D,0xEF,0x7E,0xEF,0x33,0x63,0xF0,0x18,0x51,0x21,0x31,0x21,
  0x50,0x21,0x50,0x21,0x6F,0x29,0x5D,0xC6,0x9E,0xEF,0x7D,0xEF,0x7E,0xEF,0xBF,0xFF,0xB5,0x73,0xF0,0x18,0x52,0x21,0x52,0x21,
  0x32,0x21,0x2F,0x29,0x9A,0xB5,0xDF,0xFF,0x7D,0xF7,0x7E,0xF7,0xBE,0xF7,0x9C,0xD6,0xD0,0x31,0x31,0x21,0x31,0x21,0x31,0x29,
  0x51,0x21,0x51,0x21,0x51,0x29,0x11,0x21,0x12,0x42,0x1E,0xDF,0x9D,0xF7,0x9D,0xEF,0x7D,0xEF,0x9E,0xF7,0x5D,0xEF,0xBF,0xF7,
  0x9F,0xEF,0xD8,0x9C,0x52,0x42,0x71,0x21,0x30,0x21,0x31,0x21,0x72,0x29,0x72,0x29,0x71,0x29,0x71,0x29,0x72,0x29,0x52,0x29,
  0x32,0x21,0x11,0x21,0x70,0x29,0xD3,0x5A,0x9A,0xB5,0x9F,0xF7,0xBE,0xF7,0x7C,0xEF,0xBE,0xF7,0x5E,0xEF,0x7D,0xEF,0x7D,0xEF,
  0x7E,0xEF,0x7D,0xEF,0x7E,0xF7,0x7E,0xEF,0x7D,0xEF,0xDF,0xFF,0x18,0xA5,0xCF,0x18,0x52,0x29,0x31,0x21,0x51,0x21,0x51,0x21,
  0x50,0x21,0x51,0x21,0xD0,0x18,0xB5,0x7B,0xDF,0xFF,0x7D,0xEF,0x7D,0xEF,0x7D,0xEF,0x7D,0xEF,0x7D,0xEF,0x7D,0xEF,0x7D,0xEF,
  0x7D,0xEF,0x7D,0xEF,0xBF,0xF7,0x36,0x84,0xEF,0x18,0x72,0x21,0x51,0x29,0x51,0x21,0x51,0x21,0x31,0x29,0x32,0x29,0x32,0x21,
  0x31,0x21,0x51,0x21,0x51,0x21,0x51,0x21,0x51,0x21,0x51,0x21,0x51,0x21,0x51,0x21,0x51,0x21,0x51,0x21,0x31,0x21,0x51,0x21,
  0x2F,0x21,0x57,0x8C,0xBF,0xF7,0x7D,0xEF,0x7E,0xEF,0x9D,0xEF,0x7E,0xEF,0x7E,0xEF,0x7D,0xEF,0x7D,0xEF,0x7D,0xEF,0x7D,0xEF,
  0x7D,0xEF,0x7D,0xEF,0x7D,0xEF,0x7D,0xEF,0x7D,0xEF,0x7D,0xEF,0x7D,0xEF,0x7D,0xEF,0x7D,0xEF,0x7D,0xEF,0x7D,0xEF,0x7D,0xEF,
  0x7D,0xEF,0x7D,0xEF,0x7D,0xEF,0x7D,0xEF,0x7D,0xEF,0x7D,0xEF,0x7D,0xEF,0x7D,0xEF,0x7D,0xEF,0x7D,0xEF,0x7D,0xEF,0x7D,0xEF,
  0x7D,0xEF,0x7D,0xEF,0x7D,0xEF,0x7D,0xEF,0x7D,0xEF,0x7D,0xEF,0x7D,0xEF,0x7D,0xEF,0x7D,0xEF,0x7D,0xEF,0x7D,0xEF,0x7D,0xEF,
  0x7D,0xEF,0x7D,0xEF,0x7D,0xEF,0x7D,0xEF,0x7D,0xEF,0x7D,0xEF,0x7D,0xEF,0x7D,0xEF,0x7D,0xEF,0x7D,0xEF,0x7D,0xEF,0x7D,0xEF,
  0x7D,0xEF,0x7D,0xEF,0x7D,0xEF,0x7D,0xEF,0x7D,0xEF,0x7D,0xF7,0x7E,0xEF,0x7D,0xEF,0x7E,0xEF,0x9E,0xF7,0x7E,0xEF,0x19,0xA5,
  0x97,0x94,0xB8,0x94,0xB8,0x94,0xB8,0x94,0xB8,0x94,0xD8,0x94,0xB8,0x94,0xF8,0x9C,0x5E,0xEF,0x9E,0xF7,0x5D,0xEF,0x7E,0xEF,
  0x7E,0xEF,0x9E,0xF7,0x1E,0xDF,0xB7,0x94,0xB8,0x94,0xB8,0x94,0xB8,0x94,0xB8,0x94,0xB8,0x94,0xB8,0x94,0x97,0x8C,0x9A,0xB5,
  0x9E,0xF7,0x7E,0xEF,0x7D,0xEF,0x7D,0xF7,0x7D,0xEF,0x9E,0xF7,0x9D,0xF7,0x7D,0xF7,0x9D,0xF7,0xDE,0xFF,0x7E,0xEF,0xFB,0xBD,
  0x37,0x84,0x15,0x63,0x53,0x4A,0xF2,0x41,0xD2,0x39,0xD2,0x39,0xF2,0x39,0x73,0x52,0x76,0x73,0xB8,0x9C,0xBD,0xD6,0xDF,0xFF,
  0x9D,0xF7,0x5C,0xEF,0x9E,0xF7,0x7E,0xEF,0x7D,0xEF,0x7D,0xF7,0x7D,0xF7,0x9E,0xF7,0x79,0xAD,0x98,0x94,0xD8,0x94,0xB8,0x94,
  0xB8,0x94,0xD8,0x94,0xB7,0x94,0x1E,0xDF,0x9D,0xEF,0x7D,0xEF,0x7D,0xEF,0xDE,0xFF,0x1B,0xC6,0x98,0x94,0xD8,0x94,0xB8,0x94,
  0x98,0x94,0x18,0x9D,0xFD,0xE6,0x9E,0xF7,0x9E,0xF7,0x5E,0xEF,0x9E,0xF7,0x5D,0xEF,0xF7,0x9C,0xB8,0x94,0xB8,0x94,0xB8,0x94,
  0xB8,0x94,0xD8,0x94,0xD8,0x94,0xB8,0x94,0x18,0xA5,0x5E,0xE7,0x9E,0xF7,0x9D,0xEF,0x7D,0xEF,0x7D,0xEF,0x9E,0xF7,0x7D,0xEF,
  0x9D,0xEF,0xDF,0xF7,0x1E,0xDF,0x7A,0xAD,0xB5,0x73,0xD4,0x5A,0x33,0x42,0xF3,0x39,0xF3,0x39,0xF2,0x39,0xF3,0x39,0x54,0x4A,
  0x14,0x63,0x16,0x7C,0xDA,0xBD,0x7E,0xEF,0xDE,0xFF,0x7D,0xF7,0x5D,0xEF,0x9E,0xF7,0x7D,0xEF,0xBE,0xF7,0x7D,0xEF,0x7D,0xEF,
  0x7E,0xEF,0x7D,0xEF,0x7E,0xEF,0x7E,0xEF,0x7D,0xEF,0xBF,0xF7,0x5B,0xCE,0x77,0x8C,0xD9,0x9C,0xB8,0x94,0xD8,0x94,0xD8,0x94,
  0xD8,0x94,0xD9,0x94,0x98,0x8C,0xDA,0xBD,0xDE,0xFF,0x7D,0xEF,0x7D,0xEF,0x7D,0xEF,0x7D,0xEF,0x7D,0xEF,0x7D,0xEF,0x7D,0xEF,
  0x7D,0xEF,0x7D,0xEF,0xDE,0xF7,0x3A,0xC6,0x77,0x8C,0xD9,0x94,0xB8,0x94,0xB8,0x94,0xB8,0x94,0xB8,0x94,0xB8,0x94,0xB8,0x94,
  0xB8,0x94,0xD8,0x94,0xD8,0x94,0xD8,0x94,0xD8,0x94,0xD8,0x94,0xD8,0x94,0xD8,0x94,0xD8,0x94,0xB8,0x94,0xB8,0x94,0xD9,0x94,
  0x97,0x94,0x3B,0xC6,0xBE,0xF7,0x7D,0xEF,0x7E,0xEF,0x9D,0xEF,0x7E,0xEF,0x7E,0xEF,0x7D,0xEF,0x7D,0xEF,0x7D,0xEF,0x7D,0xEF,
  0x7D,0xEF,0x7D,0xEF,0x7D,0xEF,0x7D,0xEF,0x7D,0xEF,0x7D,0xEF,0x7D,0xEF,0x7D,0xEF,0x7D,0xEF,0x7D,0xEF,0x7D,0xEF,0x7D,0xEF,
  0x7D,0xEF,0x7D,0xEF,0x7D,0xEF,0x7D,0xEF,0x7D,0xEF,0x7D,0xEF,0x7D,0xEF,0x7D,0xEF,0x7D,0xEF,0x7D,0xEF,0x7D,0xEF,0x7D,0xEF,
  0x7D,0xEF,0x7D,0xEF,0x7D,0xEF,0x7D,0xEF,0x7D,0xEF,0x7D,0xEF,0x7D,0xEF,0x7D,0xEF,0x7D,0xEF,0x7D,0xEF,0x7D,0xEF,0x7D,0xEF,
  0x7D,0xEF,0x7D,0xEF,0x7D,0xEF,0x7D,0xEF,0x7D,0xEF,0x7D,0xEF,0x7D,0xEF,0x7D,0xEF,0x7D,0xEF,0x7D,0xEF,0x7D,0xEF,0x7D,0xEF,
  0x7D,0xEF,0x7D,0xEF,0x7D,0xEF,0x7D,0xEF,0x7D,0xEF,0x7D,0xEF,0x7D,0xEF,0x7D,0xEF,0x7D,0xEF,0x7D,0xEF,0x7D,0xF7,0xDE,0xFF,
  0xFE,0xFF,0xFE,0xFF,0xFE,0xFF,0xFE,0xFF,0xFE,0xFF,0xDE,0xFF,0xFE,0xFF,0xDE,0xFF,0x9D,0xF7,0x7D,0xEF,0x9D,0xEF,0x7D,0xEF,
  0x7D,0xEF,0x7D,0xEF,0x9D,0xF7,0xFE,0xFF,0xDE,0xFF,0xFE,0xFF,0xFE,0xFF,0xFE,0xFF,0xFE,0xFF,0xFE,0xFF,0xFE,0xFF,0xDE,0xFF,
  0x7D,0xEF,0x7D,0xEF,0x7D,0xEF,0x7D,0xEF,0x7D,0xEF,0x7D,0xEF,0x7D,0xEF,0x7D,0xEF,0x7D,0xEF,0x7D,0xEF,0x7D,0xF7,0xDE,0xF7,
  0xFF,0xFF,0x7D,0xEF,0xFC,0xDE,0xBC,0xD6,0xBC,0xDE,0xBC,0xD6,0xBC,0xD6,0x1C,0xE7,0xBE,0xF7,0xFF,0xFF,0x9D,0xF7,0x7D,0xEF,
  0x7D,0xEF,0x7D,0xF7,0x7D,0xF7,0x7D,0xEF,0x7D,0xEF,0x7D,0xEF,0x7D,0xEF,0x7D,0xEF,0xDE,0xFF,0xFE,0xFF,0xDE,0xFF,0xFE,0xFF,
  0xFE,0xFF,0xFE,0xFF,0xFE,0xFF,0x9D,0xF7,0x7D,0xEF,0x7D,0xEF,0x7D,0xEF,0x7D,0xEF,0xBE,0xF7,0xFE,0xFF,0xDE,0xFF,0xFE,0xFF,
  0xFE,0xFF,0xDE,0xFF,0x9D,0xF7,0x7D,0xEF,0x7D,0xEF,0x9D,0xEF,0x7D,0xEF,0x9D,0xF7,0xDE,0xFF,0xFE,0xFF,0xFE,0xFF,0xFE,0xFF,
  0xFE,0xFF,0xFE,0xFF,0xDE,0xFF,0xFE,0xFF,0xDE,0xFF,0x9D,0xF7,0x7D,0xEF,0x7D,0xEF,0x7D,0xEF,0x7D,0xEF,0x7D,0xEF,0x7E,0xEF,
  0x7E,0xEF,0x7D,0xEF,0x9D,0xF7,0xDE,0xFF,0xDF,0xFF,0x5D,0xEF,0xDC,0xD6,0xDC,0xD6,0xDC,0xD6,0xBC,0xD6,0xBC,0xD6,0x1D,0xE7,
  0x5E,0xEF,0xDF,0xFF,0xBE,0xF7,0x9D,0xF7,0x7D,0xEF,0x7D,0xEF,0x9E,0xEF,0x7E,0xEF,0x7D,0xEF,0x7D,0xEF,0x7D,0xEF,0x7D,0xEF,
  0x7D,0xEF,0x7D,0xEF,0x7D,0xEF,0x7D,0xEF,0x7D,0xEF,0x7D,0xEF,0xBE,0xF7,0xFE,0xFF,0xDE,0xFF,0xFE,0xFF,0xFE,0xFF,0xDE,0xFF,
  0xDE,0xFF,0xDE,0xFF,0xFE,0xFF,0xBE,0xF7,0x7D,0xEF,0x7D,0xEF,0x7D,0xEF,0x7D,0xEF,0x7D,0xEF,0x7D,0xEF,0x7D,0xEF,0x7D,0xEF,
  0x7D,0xEF,0x7D,0xEF,0x7D,0xEF,0xBE,0xF7,0xFE,0xFF,0xDE,0xFF,0xFE,0xFF,0xFE,0xFF,0xFE,0xFF,0xFE,0xFF,0xFE,0xFF,0xFE,0xFF,
  0xFE,0xFF,0xFE,0xFF,0xFE,0xFF,0xFE,0xFF,0xFE,0xFF,0xFE,0xFF,0xFE,0xFF,0xFE,0xFF,0xFE,0xFF,0xFE,0xFF,0xFE,0xFF,0xDE,0xFF,
  0xFE,0xFF,0xBE,0xF7,0x7D,0xEF,0x7D,0xEF,0x7D,0xEF,0x7D,0xEF,0x7D,0xEF,0x7D,0xEF,0x7D,0xEF,0x7D,0xEF,0x7D,0xEF,0x7D,0xEF,
  0x7D,0xEF,0x7D,0xEF,0x7D,0xEF,0x7D,0xEF,0x7D,0xEF,0x7D,0xEF,0x7D,0xEF,0x7D,0xEF,0x7D,0xEF,0x7D,0xEF,0x7D,0xEF,0x7D,0xEF,
  0x7D,0xEF,0x7D,0xEF,0x7D,0xEF,0x7D,0xEF,0x7D,0xEF,0x7D,0xEF,0x7D,0xEF,0x7D,0xEF,0x7D,0xEF,0x7D,0xEF,0x7D,0xEF,0x7D,0xEF,
  0x7D,0xEF,0x7D,0xEF,0x7D,0xEF,0x7D,0xEF,0x7D,0xEF,0x7D,0xEF,0x7D,0xEF,0x7D,0xEF,0x7D,0xEF,0x7D,0xEF,0x7D,0xEF,0x7D,0xEF,
  0x7D,0xEF,0x7D,0xEF,0x7D,0xEF,0x7D,0xEF,0x7D,0xEF,0x7D,0xEF,0x7D,0xEF,0x7D,0xEF,0x7D,0xEF,0x7D,0xEF,0x7D,0xEF,0x7D,0xEF,
  0x7D,0xEF,0x7D,0xEF,0x7D,0xEF,0x7D,0xEF,0x7D,0xEF,0x7D,0xEF,0x7D,0xEF,0x7D,0xEF,0x7D,0xEF,0x7D,0xEF,0x7D,0xEF,0x7D,0xEF,
  0x7D,0xEF,0x7D,0xEF,0x7D,0xEF,0x7D,0xEF,0x7D,0xEF,0x7D,0xEF,0x7D,0xEF,0x7D,0xEF,0x7D,0xEF,0x7D,0xEF,0x7D,0xEF,0x7D,0xEF,
  0x7D,0xEF,0x7D,0xEF,0x7D,0xEF,0x7D,0xEF,0x7D,0xEF,0x7D,0xEF,0x7D,0xEF,0x7D,0xEF,0x7D,0xEF,0x7D,0xEF,0x7D,0xEF,0x7D,0xEF,
  0x7D,0xEF,0x7D,0xEF,0x7D,0xEF,0x7D,0xEF,0x7D,0xEF,0x7D,0xEF,0x7D,0xEF,0x7D,0xF7,0x7D,0xF7,0x7D,0xF7,0x7D,0xF7,0x7D,0xEF,
  0x5D,0xEF,0x9E,0xF7,0xBE,0xF7,0xBE,0xF7,0x9D,0xF7,0xBE,0xF7,0xBE,0xF7,0xBE,0xF7,0x7D,0xEF,0x5D,0xEF,0x7D,0xEF,0x7D,0xF7,
  0x7D,0xF7,0x7D,0xF7,0x7D,0xF7,0x7D,0xEF,0x7D,0xEF,0x7D,0xEF,0x7D,0xEF,0x7D,0xEF,0x7D,0xEF,0x7D,0xEF,0x7D,0xEF,0x7D,0xEF,
  0x7D,0xEF,0x7D,0xEF,0x7D,0xEF,0x7D,0xEF,0x7D,0xEF,0x7D,0xEF,0x7D,0xEF,0x7D,0xEF,0x7D,0xEF,0x7D,0xEF,0x7D,0xEF,0x7D,0xEF,
  0x7D,0xEF,0x7D,0xEF,0x7D,0xEF,0x7D,0xEF,0x7D,0xEF,0x7D,0xEF,0x7D,0xEF,0x7D,0xEF,0x7D,0xEF,0x7D,0xEF,0x7D,0xEF,0x7D,0xEF,
  0x7D,0xEF,0x7D,0xEF,0x7D,0xEF,0x7D,0xEF,0x7D,0xEF,0x7D,0xEF,0x7D,0xEF,0x7D,0xEF,0x7D,0xEF,0x7D,0xEF,0x7D,0xEF,0x7D,0xEF,
  0x7D,0xEF,0x7D,0xEF,0x7D,0xF7,0x7D,0xEF,0x5D,0xEF,0x7D,0xEF,0xBE,0xF7,0xBE,0xF7,0xBE,0xF7,0xBE,0xF7,0xBE,0xF7,0x9D,0xF7,
  0x7D,0xEF,0x7D,0xEF,0x5C,0xEF,0x9D,0xF7,0x9E,0xF7,0x7E,0xEF,0x7E,0xEF,0x7D,0xEF,0x9D,0xEF,0x7D,0xEF,0x7D,0xEF,0x7D,0xEF,
  0x7D,0xEF,0x7D,0xEF,0x7D,0xEF,0x7D,0xEF,0x7D,0xEF,0x7D,0xEF,0x7D,0xEF,0x7D,0xEF,0x7D,0xEF,0x7D,0xEF,0x7D,0xEF,0x7D,0xEF,
  0x7D,0xEF,0x7D,0xEF,0x7D,0xEF,0x7D,0xEF,0x7D,0xEF,0x7D,0xEF,0x7D,0xEF,0x7D,0xEF,0x7D,0xEF,0x7D,0xEF,0x7D,0xEF,0x7D,0xEF,
  0x7D,0xEF,0x7D,0xEF,0x7D,0xEF,0x7D,0xEF,0x7D,0xEF,0x7D,0xEF,0x7D,0xEF,0x7D,0xEF,0x7D,0xEF,0x7D,0xEF,0x7D,0xEF,0x7D,0xEF,
  0x7D,0xEF,0x7D,0xEF,0x7D,0xEF,0x7D,0xEF,0x7D,0xEF,0x7D,0xEF,0x7D,0xEF,0x7D,0xEF,0x7D,0xEF,0x7D,0xEF,0x7D,0xEF,0x7D,0xEF,
  0x7D,0xEF,0x7D,0xEF,0x7D,0xEF,0x7D,0xEF,0x7D,0xEF,0x7D,0xEF,0x7D,0xEF,0x7D,0xEF,0x7D,0xEF,0x7D,0xEF,0x7D,0xEF,0x7D,0xEF,
  0x7D,0xEF,0x7D,0xEF,0x7D,0xEF,0x7D,0xEF,0x7D,0xEF,0x7D,0xEF,0x7D,0xEF,0x7D,0xEF,0x7D,0xEF,0x7D,0xEF,0x7D,0xEF,0x7D,0xEF,
  0x7D,0xEF,0x7D,0xEF,0x7D,0xEF,0x7D,0xEF,0x7D,0xEF,0x7D,0xEF,0x7D,0xEF,0x7D,0xEF,0x7D,0xEF,0x7D,0xEF,0x7D,0xEF,0x7D,0xEF,
  0x7D,0xEF,0x7D,0xEF,0x7D,0xEF,0x7D,0xEF,0x7D,0xEF,0x7D,0xEF,0x7D,0xEF,0x7D,0xEF,0x7D,0xEF,0x7D,0xEF,0x7D,0xEF,0x7D,0xEF,
  0x7D,0xEF,0x7D,0xEF,0x7D,0xEF,0x7D,0xEF,0x7D,0xEF,0x7D,0xEF,0x7D,0xEF,0x7D,0xEF,0x7D,0xEF,0x7D,0xEF,0x7D,0xEF,0x7D,0xEF,
  0x7D,0xEF,0x7D,0xEF,0x7D,0xEF,0x7D,0xEF,0x7D,0xEF,0x7D,0xEF,0x7D,0xEF,0x7D,0xEF,0x7D,0xEF,0x7D,0xEF,0x7D,0xEF,0x7D,0xEF,
  0x7D,0xEF,0x7D,0xEF,0x7D,0xEF,0x7D,0xEF,0x7D,0xEF,0x7D,0xEF,0x7D,0xEF,0x7D,0xEF,0x7D,0xEF,0x7D,0xEF,0x7D,0xEF,0x7D,0xEF,
  0x7D,0xEF,0x7D,0xEF,0x7D,0xEF,0x7D,0xEF,0x7D,0xEF,0x7D,0xEF,0x7D,0xEF,0x7D,0xEF,0x7D,0xEF,0x7D,0xEF,0x7D,0xEF,0x7D,0xEF,
  0x7D,0xEF,0x7D,0xEF,0x7D,0xEF,0x7D,0xEF,0x7D,0xEF,0x7D,0xEF,0x7E,0xEF,0x7E,0xF7,0x7E,0xF7,0x7D,0xF7,0x7D,0xF7,0x7D,0xF7,
  0x7D,0xF7,0x7D,0xF7,0x7D,0xEF,0x7D,0xEF,0x7D,0xEF,0x7D,0xEF,0x7D,0xEF,0x7D,0xEF,0x7D,0xEF,0x7D,0xF7,0x7D,0xF7,0x7D,0xF7,
  0x7E,0xF7,0x7E,0xF7,0x7E,0xEF,0x7D,0xEF,0x7D,0xEF,0x7D,0xEF,0x7D,0xEF,0x7D,0xEF,0x7D,0xEF,0x7D,0xEF,0x7D,0xEF,0x7D,0xEF,
  0x7D,0xEF,0x7D,0xEF,0x7D,0xEF,0x7D,0xEF,0x7D,0xEF,0x7D,0xEF,0x7D,0xEF,0x7D,0xEF,0x7D,0xEF,0x7D,0xEF,0x7D,0xEF,0x7D,0xEF,
  0x7D,0xEF,0x7D,0xEF,0x7D,0xEF,0x7D,0xEF,0x7D,0xEF,0x7D,0xEF,0x7D,0xEF,0x7D,0xEF,0x7D,0xEF,0x7D,0xEF,0x7D,0xEF,0x7D,0xEF,
  0x7D,0xEF,0x7D,0xEF,0x7D,0xEF,0x7D,0xEF,0x7D,0xEF,0x7D,0xEF,0x7D,0xEF,0x7D,0xEF,0x7D,0xEF,0x7D,0xEF,0x7D,0xEF,0x7D,0xEF,
  0x7D,0xEF,0x7D,0xEF,0x7D,0xEF,0x7D,0xF7,0x7E,0xF7,0x7E,0xEF,0x7E,0xEF,0x7E,0xEF,0x5E,0xEF,0x7E,0xEF,0x9E,0xEF,0x7D,0xEF,
  0x9D,0xEF,0x7D,0xEF,0x7D,0xEF,0x9E,0xF7,0x7E,0xEF,0x7E,0xEF,0x7D,0xEF,0x7D,0xEF,0x9D,0xEF,0x7D,0xEF,0x7D,0xEF,0x7D,0xEF,
  0x7D,0xEF,0x7D,0xEF,0x7D,0xEF,0x7D,0xEF,0x7D,0xEF,0x7D,0xEF,0x7D,0xEF,0x7D,0xEF,0x7D,0xEF,0x7D,0xEF,0x7D,0xEF,0x7D,0xEF,
  0x7D,0xEF,0x7D,0xEF,0x7D,0xEF,0x7D,0xEF,0x7D,0xEF,0x7D,0xEF,0x7D,0xEF,0x7D,0xEF,0x7D,0xEF,0x7D,0xEF,0x7D,0xEF,0x7D,0xEF,
  0x7D,0xEF,0x7D,0xEF,0x7D,0xEF,0x7D,0xEF,0x7D,0xEF,0x7D,0xEF,0x7D,0xEF,0x7D,0xEF,0x7D,0xEF,0x7D,0xEF,0x7D,0xEF,0x7D,0xEF,
  0x7D,0xEF,0x7D,0xEF,0x7D,0xEF,0x7D,0xEF,0x7D,0xEF,0x7D,0xEF,0x7D,0xEF,0x7D,0xEF,0x7D,0xEF,0x7D,0xEF,0x7D,0xEF,0x7D,0xEF,
  0x7D,0xEF,0x7D,0xEF,0x7D,0xEF,0x7D,0xEF,0x7D,0xEF,0x7D,0xEF,0x7D,0xEF,0x7D,0xEF,0x7D,0xEF,0x7D,0xEF,0x7D,0xEF,0x7D,0xEF,
  0x7D,0xEF,0x7D,0xEF,0x7D,0xEF,0x7D,0xEF,0x7D,0xEF,0x7D,0xEF,0x7D,0xEF,0x7D,0xEF,0x7D,0xEF,0x7D,0xEF,0x7D,0xEF,0x7D,0xEF,
  0x7D,0xEF,0x7D,0xEF,0x7D,0xEF,0x7D,0xEF,0x7D,0xEF,0x7D,0xEF,0x7D,0xEF,0x7D,0xEF,0x7D,0xEF,0x7D,0xEF,0x7D,0xEF,0x7D,0xEF,
  0x7D,0xEF,0x7D,0xEF,0x7D,0xEF,0x7D,0xEF,0x7D,0xEF,0x7D,0xEF,0x7D,0xEF,0x7D,0xEF,0x7D,0xEF,0x7D,0xEF,0x7D,0xEF,0x7D,0xEF,
  0x7D,0xEF,0x7D,0xEF,0x7D,0xEF,0x7D,0xEF,0x7D,0xEF,0x7D,0xEF,0x7D,0xEF,0x7D,0xEF,0x7D,0xEF,0x7D,0xEF,0x7D,0xEF,0x7D,0xEF,
  0x7D,0xEF,0x7D,0xEF,0x7D,0xEF,0x7D,0xEF,0x7D,0xEF,0x7D,0xEF,0x7D,0xEF,0x7D,0xEF,0x7D,0xEF,0x7D,0xEF,0x7D,0xEF,0x7D,0xEF,
  0x7D,0xEF,0x7D,0xEF,0x7D,0xEF,0x7D,0xEF,0x7D,0xEF,0x7D,0xEF,0x7D,0xEF,0x7D,0xEF,0x7D,0xEF,0x7D,0xEF,0x7D,0xEF,0x7D,0xEF,
  0x7D,0xEF,0x7D,0xEF,0x7D,0xEF,0x7D,0xEF,0x7D,0xEF,0x7D,0xEF,0x7D,0xEF,0x7D,0xEF,0x7D,0xEF,0x7D,0xEF,0x7D,0xEF,0x7D,0xEF,
  0x7D,0xEF,0x7D,0xEF,0x7D,0xEF,0x7D,0xEF,0x7D,0xEF,0x7D,0xEF,0x7D,0xEF,0x9D,0xEF,0x9D,0xEF,0x9D,0xEF,0x7E,0xEF,0x7E,0xEF,
  0x7E,0xEF,0x9E,0xF7,0x9E,0xF7,0x7D,0xF7,0x7D,0xEF,0x9D,0xEF,0x7D,0xEF,0x7E,0xEF,0x7E,0xEF,0x7E,0xEF,0x7E,0xEF,0x7E,0xEF,
  0x7D,0xEF,0x9D,0xEF,0x7D,0xEF,0x7D,0xEF,0x7D,0xEF,0x7D,0xEF,0x7D,0xEF,0x7D,0xEF,0x7D,0xEF,0x7D,0xEF,0x7D,0xEF,0x7D,0xEF,
  0x7D,0xEF,0x7D,0xEF,0x7D,0xEF,0x7D,0xEF,0x7D,0xEF,0x7D,0xEF,0x7D,0xEF,0x7D,0xEF,0x7D,0xEF,0x7D,0xEF,0x7D,0xEF,0x7D,0xEF,
  0x7D,0xEF,0x7D,0xEF,0x7D,0xEF,0x7D,0xEF,0x7D,0xEF,0x7D,0xEF,0x7D,0xEF,0x7D,0xEF,0x7D,0xEF,0x7D,0xEF,0x7D,0xEF,0x7D,0xEF,
  0x7D,0xEF,0x7D,0xEF,0x7D,0xEF,0x7D,0xEF,0x7D,0xEF,0x7D,0xEF,0x7D,0xEF,0x7D,0xEF,0x7D,0xEF,0x7D,0xEF,0x7D,0xEF,0x7D,0xEF,
  0x7D,0xEF,0x7D,0xEF,0x7D,0xEF,0x9D,0xEF,0x9D,0xEF,0x7D,0xEF,0x7D,0xEF,0x9D,0xF7,0x9D,0xF7,0x7D,0xEF,0x7E,0xEF,0x7E,0xEF,
  0x7D,0xEF,0x7D,0xEF,0x7E,0xEF,0x7E,0xEF,0x9E,0xF7,0x7D,0xEF,0x9D,0xEF,0x7D,0xEF,0x7D,0xEF,0x7D,0xEF,0x7D,0xEF,0x7D,0xEF,
  0x7D,0xEF,0x7D,0xEF,0x7D,0xEF,0x7D,0xEF,0x7D,0xEF,0x7D,0xEF,0x7D,0xEF,0x7D,0xEF,0x7D,0xEF,0x7D,0xEF,0x7D,0xEF,0x7D,0xEF,
  0x7D,0xEF,0x7D,0xEF,0x7D,0xEF,0x7D,0xEF,0x7D,0xEF,0x7D,0xEF,0x7D,0xEF,0x7D,0xEF,0x7D,0xEF,0x7D,0xEF,0x7D,0xEF,0x7D,0xEF,
  0x7D,0xEF,0x7D,0xEF,0x7D,0xEF,0x7D,0xEF,0x7D,0xEF,0x7D,0xEF,0x7D,0xEF,0x7D,0xEF,0x7D,0xEF,0x7D,0xEF,0x7D,0xEF,0x7D,0xEF,
  0x7D,0xEF,0x7D,0xEF,0x7D,0xEF,0x7D,0xEF,0x7D,0xEF,0x7D,0xEF,0x7D,0xEF,0x7D,0xEF,0x7D,0xEF,0x7D,0xEF,0x7D,0xEF,0x7D,0xEF,
  0x7D,0xEF,0x7D,0xEF,0x7D,0xEF,0x7D,0xEF,0x7D,0xEF,0x7D,0xEF,0x7D,0xEF,0x7D,0xEF,0x7D,0xEF,0x7D,0xEF,0x7D,0xEF,0x7D,0xEF,
  0x7D,0xEF,0x7D,0xEF,0x7D,0xEF,0x7D,0xEF,0x7D,0xEF,0x7D,0xEF,0x7D,0xEF,0x7D,0xEF,0x7D,0xEF,0x7D,0xEF,0x7D,0xEF,0x7D,0xEF,
  0x7D,0xEF,0x7D,0xEF,0x7D,0xEF,0x7D,0xEF,0x7D,0xEF,0x7D,0xEF,0x7D,0xEF,0x7D,0xEF,0x7D,0xEF,0x7D,0xEF,0x7D,0xEF,0x7D,0xEF,
  0x7D,0xEF,0x7D,0xEF,0x7D,0xEF,0x7D,0xEF,0x7D,0xEF,0x7D,0xEF,0x7D,0xEF,0x7D,0xEF,0x7D,0xEF,0x7D,0xEF,0x7D,0xEF,0x7D,0xEF,
  0x7D,0xEF,0x7D,0xEF,0x7D,0xEF,0x7D,0xEF,0x7D,0xEF,0x7D,0xEF,0x7D,0xEF,0x7D,0xEF,0x7D,0xEF,0x7D,0xEF,0x7D,0xEF,0x7D,0xEF,
  0x7D,0xEF,0x7D,0xEF,0x7D,0xEF,0x7D,0xEF,0x7D,0xEF,0x7D,0xEF,0x7D,0xEF,0x7D,0xEF,0x7D,0xEF,0x7D,0xEF,0x7D,0xEF,0x7D,0xEF,
  0x7D,0xEF,0x7D,0xEF,0x7D,0xEF,0x7D,0xEF,0x7D,0xEF,0x7D,0xEF,0x7D,0xEF,0x7D,0xEF,0x7D,0xEF,0x7D,0xEF,0x7D,0xEF,0x7D,0xEF,
  0x7D,0xEF,0x7D,0xEF,0x7D,0xEF,0x7D,0xEF,0x7D,0xEF,0x7D,0xEF,0x7D,0xEF,0x7D,0xEF,0x7D,0xEF,0x7D,0xEF,0x7D,0xEF,0x7D,0xEF,
  0x7D,0xEF,0x7D,0xEF,0x7D,0xEF,0x7D,0xEF,0x7D,0xEF,0x7D,0xEF,0x7D,0xEF,0x7D,0xEF,0x7D,0xEF,0x7D,0xEF,0x7D,0xEF,0x7D,0xEF,
  0x9E,0xF7,0x9D,0xF7,0x7D,0xEF,0x9D,0xEF,0x9D,0xEF,0x7D,0xEF,0x7D,0xEF,0x7D,0xEF,0x7D,0xEF,0x9D,0xEF,0x7D,0xEF,0x7D,0xEF,
  0x7D,0xEF,0x7D,0xEF,0x7D,0xEF,0x7D,0xEF,0x7D,0xEF,0x7D,0xEF,0x7D,0xEF,0x7D,0xEF,0x7D,0xEF,0x7D,0xEF,0x7D,0xEF,0x7D,0xEF,
  0x7D,0xEF,0x7D,0xEF,0x7D,0xEF,0x7D,0xEF,0x7D,0xEF,0x7D,0xEF,0x7D,0xEF,0x7D,0xEF,0x7D,0xEF,0x7D,0xEF,0x7D,0xEF,0x7D,0xEF,
  0x7D,0xEF,0x7D,0xEF,0x7D,0xEF,0x7D,0xEF,0x7D,0xEF,0x7D,0xEF,0x7D,0xEF,0x7D,0xEF,0x7D,0xEF,0x7D,0xEF,0x7D,0xEF,0x7D,0xEF,
  0x7D,0xEF,0x7D,0xEF,0x7D,0xEF,0x7D,0xEF,0x7D,0xEF,0x7D,0xEF,0x7D,0xEF,0x7D,0xEF,0x7D,0xEF,0x7D,0xEF,0x7D,0xEF,0x7D,0xEF,
  0x7D,0xEF,0x7D,0xEF,0x7D,0xEF,0x7E,0xEF,0x9E,0xEF,0x7E,0xEF,0x7D,0xEF,0x7E,0xEF,0x7E,0xF7,0x7E,0xF7,0x7D,0xF7,0x7E,0xF7,
  0x9E,0xF7,0x9E,0xF7,0x9E,0xF7,0x7E,0xEF,0x7E,0xEF,0x7D,0xEF,0x7D,0xEF,0x7D,0xEF,0x7D,0xEF,0x7D,0xEF,0x7D,0xEF,0x7D,0xEF,
  0x7D,0xEF,0x7D,0xEF,0x7D,0xEF,0x7D,0xEF,0x7D,0xEF,0x7D,0xEF,0x7D,0xEF,0x7D,0xEF,0x7D,0xEF,0x7D,0xEF,0x7D,0xEF,0x7D,0xEF,
  0x7D,0xEF,0x7D,0xEF,0x7D,0xEF,0x7D,0xEF,0x7D,0xEF,0x7D,0xEF,0x7D,0xEF,0x7D,0xEF,0x7D,0xEF,0x7D,0xEF,0x7D,0xEF,0x7D,0xEF,
  0x7D,0xEF,0x7D,0xEF,0x7D,0xEF,0x7D,0xEF,0x7D,0xEF,0x7D,0xEF,0x7D,0xEF,0x7D,0xEF,0x7D,0xEF,0x7D,0xEF,0x7D,0xEF,0x7D,0xEF,
  0x7D,0xEF,0x7D,0xEF,0x7D,0xEF,0x7D,0xEF,0x7D,0xEF,0x7D,0xEF,0x7D,0xEF,0x7D,0xEF,0x7D,0xEF,0x7D,0xEF,0x7D,0xEF,0x7D,0xEF,
  0x7D,0xEF,0x7D,0xEF,0x7D,0xEF,0x7D,0xEF,0x7D,0xEF,0x7D,0xEF,0x7D,0xEF,0x7D,0xEF,0x7D,0xEF,0x7D,0xEF,0x7D,0xEF,0x7D,0xEF,
  0x7D,0xEF,0x7D,0xEF,0x7D,0xEF,0x7D,0xEF,0x7D,0xEF,0x7D,0xEF,0x7D,0xEF,0x7D,0xEF,0x7D,0xEF,0x7D,0xEF,0x7D,0xEF,0x7D,0xEF,
  0x7D,0xEF,0x7D,0xEF,0x7D,0xEF,0x7D,0xEF,0x7D,0xEF,0x7D,0xEF,0x7D,0xEF,0x7D,0xEF,0x7D,0xEF,0x7D,0xEF,0x7D,0xEF,0x7D,0xEF,
  0x7D,0xEF,0x7D,0xEF,0x7D,0xEF,0x7D,0xEF,0x7D,0xEF,0x7D,0xEF,0x7D,0xEF,0x7D,0xEF,0x7D,0xEF,0x7D,0xEF,0x7D,0xEF,0x7D,0xEF,
  0x7D,0xEF,0x7D,0xEF,0x7D,0xEF,0x7D,0xEF,0x7D,0xEF,0x7D,0xEF,0x7D,0xEF,0x7D,0xEF,0x7D,0xEF,0x7D,0xEF,0x7D,0xEF,0x7D,0xEF,
  0x7D,0xEF,0x7D,0xEF,0x7D,0xEF,0x7D,0xEF,0x7D,0xEF,0x7D,0xEF,0x7D,0xEF,0x7D,0xEF,0x7D,0xEF,0x7D,0xEF,0x7D,0xEF,0x7D,0xEF,
  0x7D,0xEF,0x7D,0xEF,0x7D,0xEF,0x7D,0xEF,0x7D,0xEF,0x7D,0xEF,0x7D,0xEF,0x7D,0xEF,0x7D,0xEF,0x7D,0xEF,0x7D,0xEF,0x7D,0xEF,
  0x7D,0xEF,0x7D,0xEF,0x7D,0xEF,0x7D,0xEF,0x7D,0xEF,0x7D,0xEF,0x7D,0xEF,0x7D,0xEF,0x7D,0xEF,0x7D,0xEF,0x7D,0xEF,0x7D,0xEF,
  0x7D,0xEF,0x7D,0xEF,0x7D,0xEF,0x7D,0xEF,0x7D,0xEF,0x7D,0xEF,0x7D,0xEF,0x7D,0xEF,0x7D,0xEF,0x7D,0xEF,0x7D,0xEF,0x7D,0xEF,
  0x7D,0xEF,0x7D,0xEF,0x7D,0xEF,0x7D,0xEF,0x7D,0xEF,0x7D,0xEF,0x7D,0xEF,0x7E,0xEF,0x7D,0xEF,0x7D,0xEF,0x7D,0xEF,0x7D,0xEF,
  0x7D,0xEF,0x7D,0xEF,0x7D,0xEF,0x7D,0xEF,0x7D,0xEF,0x7D,0xEF,0x7D,0xEF,0x7D,0xEF,0x7D,0xEF,0x7D,0xEF,0x7D,0xEF,0x7D,0xEF,
  0x7D,0xEF,0x7D,0xEF,0x7D,0xEF,0x7D,0xEF,0x7D,0xEF,0x7D,0xEF,0x7D,0xEF,0x7D,0xEF,0x7D,0xEF,0x7D,0xEF,0x7D,0xEF,0x7D,0xEF,
  0x7D,0xEF,0x7D,0xEF,0x7D,0xEF,0x7D,0xEF,0x7D,0xEF,0x7D,0xEF,0x7D,0xEF,0x7D,0xEF,0x7D,0xEF,0x7D,0xEF,0x7D,0xEF,0x7D,0xEF,
  0x7D,0xEF,0x7D,0xEF,0x7D,0xEF,0x7D,0xEF,0x7D,0xEF,0x7D,0xEF,0x7D,0xEF,0x7D,0xEF,0x7D,0xEF,0x7D,0xEF,0x7D,0xEF,0x7D,0xEF,
  0x7D,0xEF,0x7D,0xEF,0x7D,0xEF,0x7D,0xEF,0x7D,0xEF,0x7D,0xEF,0x7D,0xEF,0x7D,0xEF,0x7D,0xEF,0x7D,0xEF,0x7D,0xEF,0x7D,0xEF,
  0x7D,0xEF,0x7D,0xEF,0x7D,0xEF,0x7D,0xEF,0x7D,0xEF,0x7D,0xEF,0x7D,0xEF,0x7D,0xEF,0x7D,0xEF,0x7D,0xEF,0x7D,0xEF,0x7D,0xEF,
  0x7D,0xEF,0x7D,0xEF,0x7D,0xEF,0x7D,0xEF,0x7D,0xEF,0x7D,0xEF,0x7D,0xEF,0x7D,0xEF,0x7D,0xEF,0x7D,0xEF,0x7D,0xEF,0x7D,0xEF,
  0x7D,0xEF,0x7D,0xEF,0x7D,0xEF,0x7D,0xEF,0x7D,0xEF,0x7D,0xEF,0x7D,0xEF,0x7D,0xEF,0x7D,0xEF,0x7D,0xEF,0x7D,0xEF,0x7D,0xEF,
  0x7D,0xEF,0x7D,0xEF,0x7D,0xEF,0x7D,0xEF,0x7D,0xEF,0x7D,0xEF,0x7D,0xEF,0x7D,0xEF,0x7D,0xEF,0x7D,0xEF,0x7D,0xEF,0x7D,0xEF,
  0x7D,0xEF,0x7D,0xEF,0x7D,0xEF,0x7D,0xEF,0x7D,0xEF,0x7D,0xEF,0x7D,0xEF,0x7D,0xEF,0x7D,0xEF,0x7D,0xEF,0x7D,0xEF,0x7D,0xEF,
  0x7D,0xEF,0x7D,0xEF,0x7D,0xEF,0x7D,0xEF,0x7D,0xEF,0x7D,0xEF,0x7D,0xEF,0x7D,0xEF,0x7D,0xEF,0x7D,0xEF,0x7D,0xEF,0x7D,0xEF,
  0x7D,0xEF,0x7D,0xEF,0x7D,0xEF,0x7D,0xEF,0x7D,0xEF,0x7D,0xEF,0x7D,0xEF,0x7D,0xEF,0x7D,0xEF,0x7D,0xEF,0x7D,0xEF,0x7D,0xEF,
  0x7D,0xEF,0x7D,0xEF,0x7D,0xEF,0x7D,0xEF,0x7D,0xEF,0x7D,0xEF,0x7D,0xEF,0x7D,0xEF,0x7D,0xEF,0x7D,0xEF,0x7D,0xEF,0x7D,0xEF,
  0x7D,0xEF,0x7D,0xEF,0x7D,0xEF,0x7D,0xEF,0x7D,0xEF,0x7D,0xEF,0x7D,0xEF,0x7D,0xEF,0x7D,0xEF,0x7D,0xEF,0x7D,0xEF,0x7D,0xEF,
  0x7D,0xEF,0x7D,0xEF,0x7D,0xEF,0x7D,0xEF,0x7D,0xEF,0x7D,0xEF,0x7D,0xEF,0x7D,0xEF,0x7D,0xEF,0x7D,0xEF,0x7D,0xEF,0x7D,0xEF,
  0x7D,0xEF,0x7D,0xEF,0x7D,0xEF,0x7D,0xEF,0x7D,0xEF,0x7D,0xEF,0x7D,0xEF,0x7D,0xEF,0x7D,0xEF,0x7D,0xEF,0x7D,0xEF,0x7D,0xEF,
  0x7D,0xEF,0x7D,0xEF,0x7D,0xEF,0x7D,0xEF,0x7D,0xEF,0x7D,0xEF,0x7D,0xEF,0x7D,0xEF,0x7D,0xEF,0x7D,0xEF,0x7D,0xEF,0x7D,0xEF,
  0x7D,0xEF,0x7D,0xEF,0x7D,0xEF,0x7D,0xEF,0x7D,0xEF,0x7D,0xEF,0x7D,0xEF,0x7D,0xEF,0x7D,0xEF,0x7D,0xEF,0x7D,0xEF,0x7D,0xEF,
  0x7D,0xEF,0x7D,0xEF,0x7D,0xEF,0x7D,0xEF,0x7D,0xEF,0x7D,0xEF,0x7D,0xEF,0x7D,0xEF,0x7D,0xEF,0x7D,0xEF,0x7D,0xEF,0x7D,0xEF,
  0x7D,0xEF,0x7D,0xEF,0x7D,0xEF,0x7D,0xEF,0x7D,0xEF,0x7D,0xEF,0x7D,0xEF,0x7D,0xEF,0x7D,0xEF,0x7D,0xEF,0x7D,0xEF,0x7D,0xEF,
  0x7D,0xEF,0x7D,0xEF,0x7D,0xEF,0x7D,0xEF,0x7D,0xEF,0x7D,0xEF,0x7D,0xEF,0x7D,0xEF,0x7D,0xEF,0x7D,0xEF,0x7D,0xEF,0x7D,0xEF,
  0x7D,0xEF,0x7D,0xEF,0x7D,0xEF,0x7D,0xEF,0x7D,0xEF,0x7D,0xEF,0x7D,0xEF,0x7D,0xEF,0x7D,0xEF,0x7D,0xEF,0x7D,0xEF,0x7D,0xEF,
  0x7D,0xEF,0x7D,0xEF,0x7D,0xEF,0x7D,0xEF,0x7D,0xEF,0x7D,0xEF,0x7D,0xEF,0x7D,0xEF,0x7D,0xEF,0x7D,0xEF,0x7D,0xEF,0x7D,0xEF,
  0x7D,0xEF,0x7D,0xEF,0x7D,0xEF,0x7D,0xEF,0x7D,0xEF,0x7D,0xEF,0x7D,0xEF,0x7D,0xEF,0x7D,0xEF,0x7D,0xEF,0x7D,0xEF,0x7D,0xEF,
  0x7D,0xEF,0x7D,0xEF,0x7D,0xEF,0x7D,0xEF,0x7D,0xEF,0x7D,0xEF,0x7D,0xEF,0x7D,0xEF,0x7D,0xEF,0x7D,0xEF,0x7D,0xEF,0x7D,0xEF,
  0x7D,0xEF,0x7D,0xEF,0x7D,0xEF,0x7D,0xEF,0x7D,0xEF,0x7D,0xEF,0x7D,0xEF,0x7D,0xEF,0x7D,0xEF,0x7D,0xEF,0x7D,0xEF,0x7D,0xEF,
  0x7D,0xEF,0x7D,0xEF,0x7D,0xEF,0x7D,0xEF,0x7D,0xEF,0x7D,0xEF,0x7D,0xEF,0x7D,0xEF,0x7D,0xEF,0x7D,0xEF,0x7D,0xEF,0x7D,0xEF,
  0x7D,0xEF,0x7D,0xEF,0x7D,0xEF,0x7D,0xEF,0x7D,0xEF,0x7D,0xEF,0x7D,0xEF,0x7D,0xEF,0x7D,0xEF,0x7D,0xEF,0x7D,0xEF,0x7D,0xEF,
  0x7D,0xEF,0x7D,0xEF,0x7D,0xEF,0x7D,0xEF,0x7D,0xEF,0x7D,0xEF,0x7D,0xEF,0x7D,0xEF,0x7D,0xEF,0x7D,0xEF,0x7D,0xEF,0x7D,0xEF,
  0x7D,0xEF,0x7D,0xEF,0x7D,0xEF,0x7D,0xEF,0x7D,0xEF,0x7D,0xEF,0x7D,0xEF,0x7D,0xEF,0x7D,0xEF,0x7D,0xEF,0x7D,0xEF,0x7D,0xEF,
  0x7D,0xEF,0x7D,0xEF,0x7D,0xEF,0x7D,0xEF,0x7D,0xEF,0x7D,0xEF,0x7D,0xEF,0x7D,0xEF,0x7D,0xEF,0x7D,0xEF,0x7D,0xEF,0x7D,0xEF,
  0x7D,0xEF,0x7D,0xEF,0x7D,0xEF,0x7D,0xEF,0x7D,0xEF,0x7D,0xEF,0x7D,0xEF,0x7D,0xEF,0x7D,0xEF,0x7D,0xEF,0x7D,0xEF,0x7D,0xEF,
  0x7D,0xEF,0x7D,0xEF,0x7D,0xEF,0x7D,0xEF,0x7D,0xEF,0x7D,0xEF,0x7D,0xEF,0x7D,0xEF,0x7D,0xEF,0x7D,0xEF,0x7D,0xEF,0x7D,0xEF,
  0x7D,0xEF,0x7D,0xEF,0x7D,0xEF,0x7D,0xEF,0x7D,0xEF,0x7D,0xEF,0x7D,0xEF,0x7D,0xEF,0x7D,0xEF,0x7D,0xEF,0x7D,0xEF,0x7D,0xEF,
  0x7D,0xEF,0x7D,0xEF,0x7D,0xEF,0x7D,0xEF,0x7D,0xEF,0x7D,0xEF,0x7D,0xEF,0x7D,0xEF,0x7D,0xEF,0x7D,0xEF,0x7D,0xEF,0x7D,0xEF,
  0x7D,0xEF,0x7D,0xEF,0x7D,0xEF,0x7D,0xEF,0x7D,0xEF,0x7D,0xEF,0x7D,0xEF,0x7D,0xEF,0x7D,0xEF,0x7D,0xEF,0x7D,0xEF,0x7D,0xEF,
  0x7D,0xEF,0x7D,0xEF,0x7D,0xEF,0x7D,0xEF,0x7D,0xEF,0x7D,0xEF,0x7D,0xEF,0x7D,0xEF,0x7D,0xEF,0x7D,0xEF,0x7D,0xEF,0x7D,0xEF,
  0x7D,0xEF,0x7D,0xEF,0x7D,0xEF,0x7D,0xEF,0x7D,0xEF,0x7D,0xEF,0x7D,0xEF,0x7D,0xEF,0x7D,0xEF,0x7D,0xEF,0x7D,0xEF,0x7D,0xEF,
  0x7D,0xEF,0x7D,0xEF,0x7D,0xEF,0x7D,0xEF,0x7D,0xEF,0x7D,0xEF,0x7D,0xEF,0x7D,0xEF,0x7D,0xEF,0x7D,0xEF,0x7D,0xEF,0x7D,0xEF,
  0x7D,0xEF,0x7D,0xEF,0x7D,0xEF,0x7D,0xEF,0x7D,0xEF,0x7D,0xEF,0x7D,0xEF,0x7D,0xEF,0x7D,0xEF,0x7D,0xEF,0x7D,0xEF,0x7D,0xEF,
  0x7D,0xEF,0x7D,0xEF,0x7D,0xEF,0x7D,0xEF,0x7D,0xEF,0x7D,0xEF,0x7D,0xEF,0x7D,0xEF,0x7D,0xEF,0x7D,0xEF,0x7D,0xEF,0x7D,0xEF,
  0x7D,0xEF,0x7D,0xEF,0x7D,0xEF,0x7D,0xEF,0x7D,0xEF,0x7D,0xEF,0x7D,0xEF,0x7D,0xEF,0x7D,0xEF,0x7D,0xEF,0x7D,0xEF,0x7D,0xEF,
  0x7D,0xEF,0x7D,0xEF,0x7D,0xEF,0x7D,0xEF,0x7D,0xEF,0x7D,0xEF,0x7D,0xEF,0x7D,0xEF,0x7D,0xEF,0x7D,0xEF,0x7D,0xEF,0x7D,0xEF,
  0x7D,0xEF,0x7D,0xEF,0x7D,0xEF,0x7D,0xEF,0x7D,0xEF,0x7D,0xEF,0x7D,0xEF,0x7D,0xEF,0x7D,0xEF,0x7D,0xEF,0x7D,0xEF,0x7D,0xEF,
  0x7D,0xEF,0x7D,0xEF,0x7D,0xEF,0x7D,0xEF,0x7D,0xEF,0x7D,0xEF,0x7D,0xEF,0x7D,0xEF,0x7D,0xEF,0x7D,0xEF,0x7D,0xEF,0x7D,0xEF,
  0x7D,0xEF,0x7D,0xEF,0x7D,0xEF,0x7D,0xEF,0x7D,0xEF,0x7D,0xEF,0x7D,0xEF,0x7D,0xEF,0x7D,0xEF,0x7D,0xEF,0x7D,0xEF,0x7D,0xEF,
  0x7D,0xEF,0x7D,0xEF,0x7D,0xEF,0x7D,0xEF,0x7D,0xEF,0x7D,0xEF,0x7D,0xEF,0x7D,0xEF,0x7D,0xEF,0x7D,0xEF,0x7D,0xEF,0x7D,0xEF,
  0x7D,0xEF,0x7D,0xEF,0x7D,0xEF,0x7D,0xEF,0x7D,0xEF,0x7D,0xEF,0x7D,0xEF,0x7D,0xEF,0x7D,0xEF,0x7D,0xEF,0x7D,0xEF,0x7D,0xEF,
  0x7D,0xEF,0x7D,0xEF,0x7D,0xEF,0x7D,0xEF,0x7D,0xEF,0x7D,0xEF,0x7D,0xEF,0x7D,0xEF,0x7D,0xEF,0x7D,0xEF,0x7D,0xEF,0x7D,0xEF,
  0x7D,0xEF,0x7D,0xEF,0x7D,0xEF,0x7D,0xEF,0x7D,0xEF,0x7D,0xEF,0x7D,0xEF,0x7D,0xEF,0x7D,0xEF,0x7D,0xEF,0x7D,0xEF,0x7D,0xEF,
  0x7D,0xEF,0x7D,0xEF,0x7D,0xEF,0x7D,0xEF,0x7D,0xEF,0x7D,0xEF,0x7D,0xEF,0x7D,0xEF,0x7D,0xEF,0x7D,0xEF,0x7D,0xEF,0x7D,0xEF,
  0x7D,0xEF,0x7D,0xEF,0x7D,0xEF,0x7D,0xEF,0x7D,0xEF,0x7D,0xEF,0x7D,0xEF,0x7D,0xEF,0x7D,0xEF,0x7D,0xEF,0x7D,0xEF,0x7D,0xEF,
  0x7D,0xEF,0x7D,0xEF,0x7D,0xEF,0x7D,0xEF,0x7D,0xEF,0x7D,0xEF,0x7D,0xEF,0x7D,0xEF,0x7D,0xEF,0x7D,0xEF,0x7D,0xEF,0x7D,0xEF,
  0x7D,0xEF,0x7D,0xEF,0x7D,0xEF,0x7D,0xEF,0x7D,0xEF,0x7D,0xEF,0x7D,0xEF,0x7D,0xEF,0x7D,0xEF,0x7D,0xEF,0x7D,0xEF,0x7D,0xEF,
  0x7D,0xEF,0x7D,0xEF,0x7D,0xEF,0x7D,0xEF,0x7D,0xEF,0x7D,0xEF,0x7D,0xEF,0x7D,0xEF,0x7D,0xEF,0x7D,0xEF,0x7D,0xEF,0x7D,0xEF,
  0x7D,0xEF,0x7D,0xEF,0x7D,0xEF,0x7D,0xEF,0x7D,0xEF,0x7D,0xEF,0x7D,0xEF,0x7D,0xEF,0x7D,0xEF,0x7D,0xEF,0x7D,0xEF,0x7D,0xEF,
  0x7D,0xEF,0x7D,0xEF,0x7D,0xEF,0x7D,0xEF,0x7D,0xEF,0x7D,0xEF,0x7D,0xEF,0x7D,0xEF,0x7D,0xEF,0x7D,0xEF,0x7D,0xEF,0x7D,0xEF,
  0x7D,0xEF,0x7D,0xEF,0x7D,0xEF,0x7D,0xEF,0x7D,0xEF,0x7D,0xEF,0x7D,0xEF,0x7D,0xEF,0x7D,0xEF,0x7D,0xEF,0x7D,0xEF,0x7D,0xEF,
  0x7D,0xEF,0x7D,0xEF,0x7D,0xEF,0x7D,0xEF,0x7D,0xEF,0x7D,0xEF,0x7D,0xEF,0x7D,0xEF,0x7D,0xEF,0x7D,0xEF,0x7D,0xEF,0x7D,0xEF,
  0x7D,0xEF,0x7D,0xEF,0x7D,0xEF,0x7D,0xEF,0x7D,0xEF,0x7D,0xEF,0x7D,0xEF,0x7D,0xEF,0x7D,0xEF,0x7D,0xEF,0x7D,0xEF,0x7D,0xEF,
  0x7D,0xEF,0x7D,0xEF,0x7D,0xEF,0x7D,0xEF,0x7D,0xEF,0x7D,0xEF,0x7D,0xEF,0x7D,0xEF,0x7D,0xEF,0x7D,0xEF,0x7D,0xEF,0x7D,0xEF,
  0x7D,0xEF,0x7D,0xEF,0x7D,0xEF,0x7D,0xEF,0x7D,0xEF,0x7D,0xEF,0x7D,0xEF,0x7D,0xEF,0x7D,0xEF,0x7D,0xEF,0x7D,0xEF,0x7D,0xEF,
  0x7D,0xEF,0x7D,0xEF,0x7D,0xEF,0x7D,0xEF,0x7D,0xEF,0x7D,0xEF,0x7D,0xEF,0x7D,0xEF,0x7D,0xEF,0x7D,0xEF,0x7D,0xEF,0x7D,0xEF,
  0x7D,0xEF,0x7D,0xEF,0x7D,0xEF,0x7D,0xEF,0x7D,0xEF,0x7D,0xEF,0x7D,0xEF,0x7D,0xEF,0x7D,0xEF,0x7D,0xEF,0x7D,0xEF,0x7D,0xEF,
  0x7D,0xEF,0x7D,0xEF,0x7D,0xEF,0x7D,0xEF,0x7D,0xEF,0x7D,0xEF,0x7D,0xEF,0x7D,0xEF,0x7D,0xEF,0x7D,0xEF,0x7D,0xEF,0x7D,0xEF,
  0x7D,0xEF,0x7D,0xEF,0x7D,0xEF,0x7D,0xEF,0x7D,0xEF,0x7D,0xEF,0x7D,0xEF,0x7D,0xEF,0x7D,0xEF,0x7D,0xEF,0x7D,0xEF,0x7D,0xEF,
  0x7D,0xEF,0x7D,0xEF,0x7D,0xEF,0x7D,0xEF,0x7D,0xEF,0x7D,0xEF,0x7D,0xEF,0x7D,0xEF,0x7D,0xEF,0x7D,0xEF,0x7D,0xEF,0x7D,0xEF,
  0x7D,0xEF,0x7D,0xEF,0x7D,0xEF,0x7D,0xEF,0x7D,0xEF,0x7D,0xEF,0x7D,0xEF,0x7D,0xEF,0x7D,0xEF,0x7D,0xEF,0x7D,0xEF,0x7D,0xEF,
  0x7D,0xEF,0x7D,0xEF,0x7D,0xEF,0x7D,0xEF,0x7D,0xEF,0x7D,0xEF,0x7D,0xEF,0x7D,0xEF,0x7D,0xEF,0x7D,0xEF,0x7D,0xEF,0x7D,0xEF,
  0x7D,0xEF,0x7D,0xEF,0x7D,0xEF,0x7D,0xEF,0x7D,0xEF,0x7D,0xEF,0x7D,0xEF,0x7D,0xEF,0x7D,0xEF,0x7D,0xEF,0x7D,0xEF,0x7D,0xEF,
  0x7D,0xEF,0x7D,0xEF,0x7D,0xEF,0x7D,0xEF,0x7D,0xEF,0x7D,0xEF,0x7D,0xEF,0x7D,0xEF,0x7D,0xEF,0x7D,0xEF,0x7D,0xEF,0x7D,0xEF,
  0x7D,0xEF,0x7D,0xEF,0x7D,0xEF,0x7D,0xEF,0x7D,0xEF,0x7D,0xEF,0x7D,0xEF,0x7D,0xEF,0x7D,0xEF,0x7D,0xEF,0x7D,0xEF,0x7D,0xEF,
  0x7D,0xEF,0x7D,0xEF,0x7D,0xEF,0x7D,0xEF,0x7D,0xEF,0x7D,0xEF,0x7D,0xEF,0x7D,0xEF,0x7D,0xEF,0x7D,0xEF,0x7D,0xEF,0x7D,0xEF,
  0x7D,0xEF,0x7D,0xEF,0x7D,0xEF,0x7D,0xEF,0x7D,0xEF,0x7D,0xEF,0x7D,0xEF,0x7D,0xEF,0x7D,0xEF,0x7D,0xEF,0x7D,0xEF,0x7D,0xEF,
  0x7D,0xEF,0x7D,0xEF,0x7D,0xEF,0x7D,0xEF,0x7D,0xEF,0x7D,0xEF,0x7D,0xEF,0x7D,0xEF,0x7D,0xEF,0x7D,0xEF,0x7D,0xEF,0x7D,0xEF,
  0x7D,0xEF,0x7D,0xEF,0x7D,0xEF,0x7D,0xEF,0x7D,0xEF,0x7D,0xEF,0x7D,0xEF,0x7D,0xEF,0x7D,0xEF,0x7D,0xEF,0x7D,0xEF,0x7D,0xEF,
  0x7D,0xEF,0x7D,0xEF,0x7D,0xEF,0x7D,0xEF,0x7D,0xEF,0x7D,0xEF,0x7D,0xEF,0x7D,0xEF,0x7D,0xEF,0x7D,0xEF,0x7D,0xEF,0x7D,0xEF,
  0x7D,0xEF,0x7D,0xEF,0x7D,0xEF,0x7D,0xEF,0x7D,0xEF,0x7D,0xEF,0x7D,0xEF,0x7D,0xEF,0x7D,0xEF,0x7D,0xEF,0x7D,0xEF,0x7D,0xEF,
  0x7D,0xEF,0x7D,0xEF,0x7D,0xEF,0x7D,0xEF,0x7D,0xEF,0x7D,0xEF,0x7D,0xEF,0x7D,0xEF,0x7D,0xEF,0x7D,0xEF,0x7D,0xEF,0x7D,0xEF,
  0x7D,0xEF,0x7D,0xEF,0x7D,0xEF,0x7D,0xEF,0x7D,0xEF,0x7D,0xEF,0x7D,0xEF,0x7D,0xEF,0x7D,0xEF,0x7D,0xEF,0x7D,0xEF,0x7D,0xEF,
  0x7D,0xEF,0x7D,0xEF,0x7D,0xEF,0x7D,0xEF,0x7D,0xEF,0x7D,0xEF,0x7D,0xEF,0x7D,0xEF,0x7D,0xEF,0x7D,0xEF,0x7D,0xEF,0x7D,0xEF,
  0x7D,0xEF,0x7D,0xEF,0x7D,0xEF,0x7D,0xEF,0x7D,0xEF,0x7D,0xEF,0x7D,0xEF,0x7D,0xEF,0x7D,0xEF,0x7D,0xEF,0x7D,0xEF,0x7D,0xEF,
  0x7D,0xEF,0x7D,0xEF,0x7D,0xEF,0x7D,0xEF,0x7D,0xEF,0x7D,0xEF,0x7D,0xEF,0x7D,0xEF,0x7D,0xEF,0x7D,0xEF,0x7D,0xEF,0x7D,0xEF,
  0x7D,0xEF,0x7D,0xEF,0x7D,0xEF,0x7D,0xEF,0x7D,0xEF,0x7D,0xEF,0x7D,0xEF,0x7D,0xEF,0x7D,0xEF,0x7D,0xEF,0x7D,0xEF,0x7D,0xEF,
  0x7D,0xEF,0x7D,0xEF,0x7D,0xEF,0x7D,0xEF,0x7D,0xEF,0x7D,0xEF,0x7D,0xEF,0x7D,0xEF,0x7D,0xEF,0x7D,0xEF,0x7D,0xEF,0x7D,0xEF,
  0x7D,0xEF,0x7D,0xEF,0x7D,0xEF,0x7D,0xEF,0x7D,0xEF,0x7D,0xEF,0x7D,0xEF,0x7D,0xEF,0x7D,0xEF,0x7D,0xEF,0x7D,0xEF,0x7D,0xEF,
  0x7D,0xEF,0x7D,0xEF,0x7D,0xEF,0x7D,0xEF,0x7D,0xEF,0x7D,0xEF,0x7D,0xEF,0x7D,0xEF,0x7D,0xEF,0x7D,0xEF,0x7D,0xEF,0x7D,0xEF,
  0x7D,0xEF,0x7D,0xEF,0x7D,0xEF,0x7D,0xEF,0x7D,0xEF,0x7D,0xEF,0x7D,0xEF,0x7D,0xEF,0x7D,0xEF,0x7D,0xEF,0x7D,0xEF,0x7D,0xEF,
  0x7D,0xEF,0x7D,0xEF,0x7D,0xEF,0x7D,0xEF,0x7D,0xEF,0x7D,0xEF,0x7D,0xEF,0x7D,0xEF,0x7D,0xEF,0x7D,0xEF,0x7D,0xEF,0x7D,0xEF,
  0x7D,0xEF,0x7D,0xEF,0x7D,0xEF,0x7D,0xEF,0x7D,0xEF,0x7D,0xEF,0x7D,0xEF,0x7D,0xEF,0x7D,0xEF,0x7D,0xEF,0x7D,0xEF,0x7D,0xEF,
  0x7D,0xEF,0x7D,0xEF,0x7D,0xEF,0x7D,0xEF,0x7D,0xEF,0x7D,0xEF,0x7D,0xEF,0x7D,0xEF,0x7D,0xEF,0x7D,0xEF,0x7D,0xEF,0x7D,0xEF,
  0x7D,0xEF,0x7D,0xEF,0x7D,0xEF,0x7D,0xEF,0x7D,0xEF,0x7D,0xEF,0x7D,0xEF,0x7D,0xEF,0x7D,0xEF,0x7D,0xEF,0x7D,0xEF,0x7D,0xEF,
  0x7D,0xEF,0x7D,0xEF,0x7D,0xEF,0x7D,0xEF,0x7D,0xEF,0x7D,0xEF,0x7D,0xEF,0x7D,0xEF,0x7D,0xEF,0x7D,0xEF,0x7D,0xEF,0x7D,0xEF,
  0x7D,0xEF,0x7D,0xEF,0x7D,0xEF,0x7D,0xEF,0x7D,0xEF,0x7D,0xEF,0x7D,0xEF,0x7D,0xEF,0x7D,0xEF,0x7D,0xEF,0x7D,0xEF,0x7D,0xEF,
  0x7D,0xEF,0x7D,0xEF,0x7D,0xEF,0x7D,0xEF,0x7D,0xEF,0x7D,0xEF,0x7D,0xEF,0x7D,0xEF,0x7D,0xEF,0x7D,0xEF,0x7D,0xEF,0x7D,0xEF,
  0x7D,0xEF,0x7D,0xEF,0x7D,0xEF,0x7D,0xEF,0x7D,0xEF,0x7D,0xEF,0x7D,0xEF,0x7D,0xEF,0x7D,0xEF,0x7D,0xEF,0x7D,0xEF,0x7D,0xEF,
  0x7D,0xEF,0x7D,0xEF,0x7D,0xEF,0x7D,0xEF,0x7D,0xEF,0x7D,0xEF,0x7D,0xEF,0x7D,0xEF,0x7D,0xEF,0x7D,0xEF,0x7D,0xEF,0x7D,0xEF,
  0x7D,0xEF,0x7D,0xEF,0x7D,0xEF,0x7D,0xEF,0x7D,0xEF,0x7D,0xEF,0x7D,0xEF,0x7D,0xEF,0x7D,0xEF,0x7D,0xEF,0x7D,0xEF,0x7D,0xEF,
  0x7D,0xEF,0x7D,0xEF,0x7D,0xEF,0x7D,0xEF,0x7D,0xEF,0x7D,0xEF,0x7D,0xEF,0x7D,0xEF,0x7D,0xEF,0x7D,0xEF,0x7D,0xEF,0x7D,0xEF,
  0x7D,0xEF,0x7D,0xEF,0x7D,0xEF,0x7D,0xEF,0x7D,0xEF,0x7D,0xEF,0x7D,0xEF,0x7D,0xEF,0x7D,0xEF,0x7D,0xEF,0x7D,0xEF,0x7D,0xEF,
  0x7D,0xEF,0x7D,0xEF,0x7D,0xEF,0x7D,0xEF,0x7D,0xEF,0x7D,0xEF,0x7D,0xEF,0x7D,0xEF,0x7D,0xEF,0x7D,0xEF,0x7D,0xEF,0x7D,0xEF,
  0x7D,0xEF,0x7D,0xEF,0x7D,0xEF,0x7D,0xEF,0x7D,0xEF,0x7D,0xEF,0x7D,0xEF,0x7D,0xEF,0x7D,0xEF,0x7D,0xEF,0x7D,0xEF,0x7D,0xEF,
  0x7D,0xEF,0x7D,0xEF,0x7D,0xEF,0x7D,0xEF,0x7D,0xEF,0x7D,0xEF,0x7D,0xEF,0x7D,0xEF,0x7D,0xEF,0x7D,0xEF,0x7D,0xEF,0x7D,0xEF,
  0x7D,0xEF,0x7D,0xEF,0x7D,0xEF,0x7D,0xEF,0x7D,0xEF,0x7D,0xEF,0x7D,0xEF,0x7D,0xEF,0x7D,0xEF,0x7D,0xEF,0x7D,0xEF,0x7D,0xEF,
  0x7D,0xEF,0x7D,0xEF,0x7D,0xEF,0x7D,0xEF,0x7D,0xEF,0x7D,0xEF,0x7D,0xEF,0x7D,0xEF,0x7D,0xEF,0x7D,0xEF,0x7D,0xEF,0x7D,0xEF,
  0x7D,0xEF,0x7D,0xEF,0x7D,0xEF,0x7D,0xEF,0x7D,0xEF,0x7D,0xEF,0x7D,0xEF,0x7D,0xEF,0x7D,0xEF,0x7D,0xEF,0x7D,0xEF,0x7D,0xEF,
  0x7D,0xEF,0x7D,0xEF,0x7D,0xEF,0x7D,0xEF,0x7D,0xEF,0x7D,0xEF,0x7D,0xEF,0x7D,0xEF,0x7D,0xEF,0x7D,0xEF,0x7D,0xEF,0x7D,0xEF,
  0x7D,0xEF,0x7D,0xEF,0x7D,0xEF,0x7D,0xEF,0x7D,0xEF,0x7D,0xEF,0x7D,0xEF,0x7D,0xEF,0x7D,0xEF,0x7D,0xEF,0x7D,0xEF,0x7D,0xEF,
  0x7D,0xEF,0x7D,0xEF,0x7D,0xEF,0x7D,0xEF,0x7D,0xEF,0x7D,0xEF,0x7D,0xEF,0x7D,0xEF,0x7D,0xEF,0x7D,0xEF,0x7D,0xEF,0x7D,0xEF,
  0x7D,0xEF,0x7D,0xEF,0x7D,0xEF,0x7D,0xEF,0x7D,0xEF,0x7D,0xEF,0x7D,0xEF,0x7D,0xEF,0x7D,0xEF,0x7D,0xEF,0x7D,0xEF,0x7D,0xEF,
  0x7D,0xEF,0x7D,0xEF,0x7D,0xEF,0x7D,0xEF,0x7D,0xEF,0x7D,0xEF,0x7D,0xEF,0x7D,0xEF,0x7D,0xEF,0x7D,0xEF,0x7D,0xEF,0x7D,0xEF,
  0x7D,0xEF,0x7D,0xEF,0x7D,0xEF,0x7D,0xEF,0x7D,0xEF,0x7D,0xEF,0x7D,0xEF,0x7D,0xEF,0x7D,0xEF,0x7D,0xEF,0x7D,0xEF,0x7D,0xEF,
  0x7D,0xEF,0x7D,0xEF,0x7D,0xEF,0x7D,0xEF,0x7D,0xEF,0x7D,0xEF,0x7D,0xEF,0x7D,0xEF,0x7D,0xEF,0x7D,0xEF,0x7D,0xEF,0x7D,0xEF,
};

const lv_image_dsc_t hcmute_logo = {
  .header.magic  = LV_IMAGE_HEADER_MAGIC,
  .header.cf     = LV_COLOR_FORMAT_RGB565,
  .header.flags  = 0,
  .header.w      = 240,
  .header.h      = 240,
  .header.stride = 480,
  .data_size     = sizeof(hcmute_logo_map),
  .data          = hcmute_logo_map,
};
